Seconds since J2000,RA ECLIPJ2000 [rad],DEC ECLIPJ2000 [rad],O-C RA ECLIPJ2000 [rad],O-C DEC ECLIPJ2000 [rad]
434593867.1535712,-0.4763003049749426,-0.011955091639563055,-8.90766689298772e-08,3.82549467147289e-07
434594170.1583722,-0.4763012315824168,-0.011955133954185184,-1.0741084394139122e-07,1.3025853179242375e-07
434594221.2207712,-0.47630139175401826,-0.011954994135474545,-1.1457879739440457e-07,2.34717648067706e-07
434594246.1903722,-0.47630155939618013,-0.011955111291591833,-2.074081119074478e-07,1.0027334722793879e-07
434594272.1967712,-0.4763017823051788,-0.01195491605956273,-3.5240219070642453e-07,2.7750124969791456e-07
434594297.16637224,-0.4763017480912429,-0.011955183936356615,-2.43383741216352e-07,-7.660068444131918e-09
434594323.1727722,-0.4763016318907152,-0.011954724686227875,-4.9276982161394756e-08,4.335897519410631e-07
434594349.1791722,-0.4763017751660341,-0.011954679745554276,-1.1465051247272484e-07,4.605320716218747e-07
434594400.1551712,-0.4763020645192905,-0.011954973374685237,-2.5131882608331324e-07,1.3162946096816064e-07
434594426.1615712,-0.4763021248469878,-0.011954872117211931,-2.3375792118640604e-07,2.1489438882006662e-07
434594451.2175712,-0.47630203090659223,-0.011954965567607301,-6.477957575912185e-08,1.0411084653237646e-07
434594477.2239712,-0.4763021012944233,-0.011954969565981794,-5.7287580512710434e-08,8.21237992661844e-08
434594502.1935722,-0.4763022491476927,-0.011954896871240888,-1.3037007806637746e-07,1.3754888424435951e-07
434594528.1999722,-0.4763023450764372,-0.01195492738574431,-1.4842778028878456e-07,8.904958938814322e-08
434594553.1695712,-0.47630243700004865,-0.011955125757521706,-1.6558907078856322e-07,-1.265881082561371e-07
434594579.1759712,-0.4763024419378429,-0.01195470287719595,-9.266462958068544e-08,2.7831132316975815e-07
434594630.1519712,-0.47630281899655136,-0.011954827505982113,-3.1711607595408253e-07,1.1844338341192306e-07
434594656.1583722,-0.4763027365602675,-0.011954594286852738,-1.5683089776841186e-07,3.336875321717503e-07
434594681.2143722,-0.4763028199292331,-0.011954572482928489,-1.6520022316779404e-07,3.381752672719507e-07
434594707.2207722,-0.47630280462837793,-0.011954453659526375,-7.205935692589094e-08,4.3902763272735124e-07
434594732.1903712,-0.4763029084489661,-0.011954663028119532,-1.0114745729872254e-07,2.12406352069483e-07
434594758.1967712,-0.4763028735721996,-0.011954889583273015,1.1560431945056848e-08,-3.211588612238303e-08
434594784.2031722,-0.4763033291190008,-0.011954583714377012,-3.66159787212883e-07,2.5578794688764506e-07
434594809.1727712,-0.4763029690180973,-0.011954681213033934,6.866069057753776e-08,1.410423500890906e-07
434594835.1791722,-0.4763033735160487,-0.011955055104443262,-2.5801960246152333e-07,-2.508101465230339e-07
434594860.14877224,-0.47630329216391887,-0.011954785086193702,-1.019564745408097e-07,1.9649874349186858e-09
434594886.1551712,-0.476303599767473,-0.011954650693593817,-3.3175132313489897e-07,1.1840049328644409e-07
434594911.2111722,-0.47630351606712323,-0.011954651836689548,-1.730900952567893e-07,9.995847304045125e-08
434594937.2175722,-0.47630358910604426,-0.011954821121610055,-1.6832929328192137e-07,-8.727952804411798e-08
434594962.1871712,-0.4763036853047161,-0.011954555291455978,-1.8983421001816936e-07,1.6131521337996169e-07
434594988.1935722,-0.47630400146286905,-0.011954641074590648,-4.282016307644021e-07,5.758302069197585e-08
434595014.1999722,-0.47630394330342707,-0.01195466873381307,-2.922560568552335e-07,1.197679993895917e-08
434595039.16957223,-0.47630399564935133,-0.011954487403845002,-2.699212893753078e-07,1.760772055624249e-07
434595065.1759712,-0.4763037903893779,-0.011954530297829178,1.3115783625838873e-08,1.1524027115038249e-07
434595090.1455722,-0.4763040781141535,-0.011954304835933084,-1.9993697747411332e-07,3.23476498130873e-07
434595116.15197223,-0.47630398326956425,-0.011954237522282404,-2.7324337903422702e-08,3.728512611017587e-07
434595141.2079722,-0.47630418178329126,-0.011954295980612532,-1.509164133106644e-07,2.9711158417572436e-07
434595167.2143722,-0.47630424542486255,-0.011954401331323177,-1.367990259959484e-07,1.738260723312124e-07
434595192.1839712,-0.4763044348112494,-0.011954099510758447,-2.515308477613054e-07,4.58428809453279e-07
434595244.1967712,-0.4763043936095374,-0.01195434929746094,-5.483406922968115e-08,1.7278279144244957e-07
434595269.16637224,-0.4763046785032764,-0.011954156112195581,-2.650864568409794e-07,3.4875618376388473e-07
434595295.1727722,-0.4763046021833397,-0.011954513011659016,-1.1103044805782503e-07,-2.6067769784768324e-08
434595320.14237124,-0.47630481129714025,-0.011954084036500294,-2.455116859256812e-07,3.856994805050834e-07
434595346.1487712,-0.4763047001289725,-0.01195425170404243,-5.661660468225804e-08,2.001115840585127e-07
434595371.2047712,-0.47630504384493405,-0.011954072181215055,-3.2545059935884524e-07,3.6237095565709587e-07
434595397.2111712,-0.4763050416766347,-0.011954145779442312,-2.4556458455560204e-07,2.7085653320560454e-07
434595446.1999722,-0.47630521190839203,-0.011954111216707777,-2.694106056022605e-07,2.716759291733484e-07
434595492.1647712,-0.47630541126488163,-0.011954013433595671,-3.314327028380859e-07,3.3780550637470264e-07
434595537.1791712,-0.4763054995432037,-0.011953984536454305,-2.8523052919560143e-07,3.357100812270697e-07
434595582.1935712,-0.47630553433006545,-0.011953856762880946,-1.8555105751882905e-07,4.3249752159323085e-07
434595628.1583712,-0.4763058090450563,-0.011954072890445151,-3.2297534152680996e-07,1.8473626794274223e-07
434595674.2095722,-0.47630593900786083,-0.011954033091374642,-3.1540424705323034e-07,1.9284896004244378e-07
434595719.2239722,-0.4763058745235255,-0.011954083982132966,-1.1649688730352992e-07,1.1099178850657032e-07
434595765.1887722,-0.47630605773642715,-0.011954023617126502,-1.6246340628356393e-07,1.3974331113976446e-07
434595811.1535722,-0.47630613586466575,-0.011953988245702025,-1.0336019851120426e-07,1.4350807654890663e-07
434595856.1679722,-0.47630652647712035,-0.011954227175652856,-3.5959320826561836e-07,-1.263683749776895e-07
434595902.21917224,-0.4763064664194421,-0.011954032088392923,-1.6207586422956055e-07,3.706642496929813e-08
434595947.1471712,-0.47630658656353986,-0.0119540064758597,-1.481275214709754e-07,3.180517999142041e-08
434595993.19837123,-0.47630684124842126,-0.011953913310206607,-2.65382592623542e-07,9.33320696977491e-08
434596038.21277225,-0.47630696063973377,-0.011953945157610541,-2.5045285151348295e-07,3.056495430538153e-08
434596084.17757225,-0.4763070857832263,-0.01195381367026989,-2.3845432461921945e-07,1.30486662626092e-07
434596129.19197226,-0.47630707620585166,-0.011953947299164531,-9.458528105188435e-08,-3.404841718117335e-08
434596175.15677226,-0.47630743007192955,-0.01195377425079757,-3.1133940914251923e-07,1.074481759191781e-07
434596221.2079713,-0.47630747217783403,-0.01195368522813042,-2.1609092393237717e-07,1.6486681922792124e-07
434596266.2223723,-0.4763075868398905,-0.01195352660568897,-1.9650581262187217e-07,2.9260362085364866e-07
434596312.1871713,-0.47630750413366063,-0.011953589731166002,2.3266818249823018e-08,1.97947421566938e-07
434596357.2015713,-0.47630796663945035,-0.011953717739822312,-3.0502152081890443e-07,3.9066883094837634e-08
434596403.1663723,-0.47630811916081345,-0.011953518509620998,-3.2050688619778e-07,2.0678045554653468e-07
434596449.21757126,-0.47630807789775786,-0.011953451290795074,-1.419657115198092e-07,2.4243058936550266e-07
434596494.14557225,-0.47630834381691384,-0.011953327800404524,-2.739699341836044e-07,3.351292012336582e-07
434596540.1967723,-0.4763082947233611,-0.011953398732988235,-8.762893088931634e-08,2.3264218934095082e-07
434596585.21117127,-0.4763086204588192,-0.011953350887518891,-2.792219953584585e-07,2.4965066306066597e-07
434596631.17597127,-0.47630863259710415,-0.011953481326712463,-1.5440109485398423e-07,8.773058270301892e-08
434596676.1903723,-0.4763089042684991,-0.01195319450160623,-2.9196027145905745e-07,3.437327758242653e-07
434596722.1551713,-0.4763088460189607,-0.011953320942331893,-9.678243750865789e-08,1.8582559316651648e-07
434596767.1695723,-0.47630914046129563,-0.011953409915482474,-2.571428695530287e-07,6.60437068002867e-08
434596813.22077227,-0.47630927310399007,-0.011953119615971652,-2.5263097835903636e-07,3.248321716279451e-07
434596858.1487713,-0.4763095339336354,-0.011953200782020423,-3.7966648680498594e-07,2.1293077370233837e-07
434596904.19997126,-0.4763095097182187,-0.011953256909121515,-2.1832770330521e-07,1.2530727534244834e-07
434596950.16477126,-0.47630954375234885,-0.011953186595505951,-1.1551154405209374e-07,1.6419101731349195e-07
434596995.17917126,-0.4763096358558568,-0.01195318740429227,-7.360971587822007e-08,1.3260944201065605e-07
434597041.1439723,-0.47630988171614846,-0.011953170407754567,-1.8265108164827737e-07,1.1819087230961756e-07
434597086.1583723,-0.4763099720727483,-0.011953166694027309,-1.3903313084151492e-07,9.114631942253038e-08
434597132.20957226,-0.4763101314917083,-0.011953084335525214,-1.6140756797788924e-07,1.4204556298552662e-07
434597178.17437226,-0.4763101498647646,-0.011953290324727743,-4.300920430910793e-08,-9.533632133046366e-08
434597223.18877125,-0.4763105777026241,-0.011953031538552268,-3.369191380886427e-07,1.3271360815164668e-07
434597269.15357125,-0.47631057303452545,-0.011953158074182152,-1.9551133062511994e-07,-2.5199692860189415e-08
434600023.1535713,-0.47631866648192767,-0.01195104054182764,-1.2673897009651824e-07,2.271492603681674e-07
434600069.20477134,-0.47631877960879226,-0.011951412626531096,-1.039146116377232e-07,-1.7585996580846142e-07
434600115.16957134,-0.4763191107654194,-0.01195118078619729,-2.9939332529815843e-07,2.5123081715677786e-08
434600160.18397236,-0.47631918696630576,-0.011951338455563041,-2.427393622217444e-07,-1.6275659428868772e-07
434600206.14877236,-0.47631916010016534,-0.011951229296092492,-8.023148401203883e-08,-8.443610532982149e-08
434600251.1631723,-0.4763193190976298,-0.011951225058622277,-1.064095973002388e-07,-1.1039096619452904e-07
434600297.2143713,-0.47631951661711674,-0.011951221535103206,-1.680687825023064e-07,-1.3774594177437538e-07
434600388.19357234,-0.47631988361544936,-0.011951240909276394,-2.6671448527526564e-07,-2.180963838849942e-07
434600434.1583713,-0.4763198261483395,-0.011950894102912304,-7.369690740999246e-08,9.791734065581204e-08
434600525.2239723,-0.47632022684960845,-0.011950822502752761,-2.0589984955909912e-07,1.0853888137742074e-07
434600570.1519714,-0.47632046162632197,-0.011951054055439194,-3.0823743779606616e-07,-1.5308444236902807e-07
434600616.2031724,-0.47632051237662776,-0.0119510864270544,-2.232560836756825e-07,-2.16269039074804e-07
434600661.2175714,-0.4763204568072279,-0.011950962367131291,-3.502898648921615e-08,-1.2231912467457196e-07
434600707.1823714,-0.47632047554100404,-0.011950773230146039,8.167728887675807e-08,3.608159016010859e-08
434600752.1967724,-0.4763206847164068,-0.011950661261149234,5.12335385227658e-09,1.179591294173804e-07
434600798.1615724,-0.47632091027653567,-0.011950631316501202,-8.503379250734966e-08,1.1718650494603466e-07
434600844.21277237,-0.4763208828985399,-0.011950699059314972,7.798286955074119e-08,1.8678345349576464e-08
434600889.1407714,-0.4763210242762855,-0.011950431372741464,6.891732728941946e-08,2.5635929842490746e-07
434600935.1919724,-0.47632119191794503,-0.011950548529501772,3.6876992404177855e-08,1.0845638693558757e-07
434600980.2063724,-0.4763212261932408,-0.011950597658337869,1.3513176122526005e-07,2.9283051506193147e-08
434601026.17117137,-0.476321407569038,-0.011950631552921996,8.90654424656745e-08,-3.5280721365216205e-08
434601071.1855714,-0.4763216207501609,-0.011950351726718083,8.37767977213133e-09,2.145199043020185e-07
434601117.1503714,-0.47632187691118416,-0.011950559429013677,-1.125114094113755e-07,-2.3832206199822514e-08
434601163.2015724,-0.47632196305092595,-0.011950188343344447,-6.314401856943874e-08,3.1655589232196246e-07
434601208.2159714,-0.476322107139662,-0.011950402948805318,-7.479493185913455e-08,7.195355180428242e-08
434601254.18077236,-0.47632187685077376,-0.011950242423535717,2.9070908386108485e-07,2.0185839076994339e-07
434601299.1951714,-0.4763220716294106,-0.011950172395147035,2.2833123219934137e-07,2.419090855687589e-07
434601345.1599714,-0.47632236224632124,-0.01195023166320138,7.289155840028982e-08,1.520402466512888e-07
434601436.2255714,-0.47632260943183,-0.0119502973105457,9.346288332157116e-08,2.5795994394381405e-08
434601481.15357137,-0.4763229463112741,-0.011950317922775209,-1.1134425015324467e-07,-2.4697766141251742e-08
434601527.2047724,-0.4763229429981249,-0.01195011131462018,2.7323888596164636e-08,1.512917821265558e-07
434601573.1695724,-0.4763228708634531,-0.011950102793431817,2.3454024933311501e-07,1.292618957079994e-07
434601618.1839724,-0.47632334252480757,-0.011950175295369028,-1.0485122636794131e-07,2.6850371023789954e-08
434601664.1487724,-0.47632323662683085,-0.01194994074303382,1.360900774849405e-07,2.3087165654418762e-07
434601709.1631714,-0.47632344173620245,-0.011949679625918285,6.321294715450065e-08,4.620988499851736e-07
434601755.2143724,-0.47632356552476096,-0.01194988128276244,7.468297241741695e-08,2.2987374790651993e-07
434601800.14237237,-0.47632370575831656,-0.011950481969429593,6.639014465958937e-08,-4.006257294675991e-07
434601846.1935714,-0.47632372660042394,-0.011949902228771004,1.8076791186150132e-07,1.4856695386075702e-07
434601892.1583714,-0.47632414964997283,-0.011950284547949257,-1.0733504196558386e-07,-2.642326088313218e-07
434601937.1727724,-0.4763244267133218,-0.011950229515188477,-2.5226104066744526e-07,-2.390400203836768e-07
434601983.22397137,-0.4763243233152485,-0.011949942025435478,-1.3701640544372395e-08,1.7932510532059354e-08
434602028.1519724,-0.47632449670950583,-0.011949895847586038,-5.525021018470966e-08,3.434747248426406e-08
434602119.2175724,-0.4763246695917563,-0.011950026572032217,3.905081885635653e-08,-1.5667360871336744e-07
434602165.1823724,-0.47632475012957853,-0.011950037045053338,9.334265549387766e-08,-1.975654444121705e-07
434602210.1967714,-0.4763252650716598,-0.011949884943992252,-2.8957679565344563e-07,-7.524409668772936e-08
434602256.1615714,-0.4763248334383232,-0.011949698236020052,2.768469665737072e-07,8.106579679062476e-08
434602301.1759724,-0.4763251526982229,-0.011949455399230051,8.957121566677273e-08,2.9414323292169253e-07
434602347.1407724,-0.4763255658687046,-0.011949534899536336,-1.8884820607301123e-07,1.8426569346405297e-07
434602393.19197136,-0.4763256263473555,-0.011949651866273165,-1.1434250413167035e-07,3.6875227321306325e-08
434602438.20637137,-0.4763254999384906,-0.011950017715355336,1.4399229353312393e-07,-3.5870233830274934e-07
434602529.1855714,-0.47632577001426774,-0.01194994459256963,1.4049515489888975e-07,-3.456330347831327e-07
434602575.1503714,-0.47632587762900486,-0.01194945087498364,1.6753223813781304e-07,1.1776004341275403e-07
434602620.1647714,-0.47632620167772854,-0.011949715513596993,-2.466830623104599e-08,-1.7656568470671152e-07
434602666.21597236,-0.47632643672528624,-0.0119496507219,-1.2485085887359304e-07,-1.4213421604611365e-07
434602985.2047725,-0.4763274225756234,-0.011949628583247046,-1.7707207877748488e-07,-3.2999739190721356e-07
434680746.15517366,-0.4765338201356611,-0.01192445922329233,6.789229700654431e-08,2.8142153540682e-07
434680872.21277463,-0.47653445352478313,-0.011924594018985766,-2.2226386070522963e-07,1.4705974732583116e-07
434680997.14717364,-0.4765347516419046,-0.011924494487440252,-1.8012682118095924e-07,2.4713573422083246e-07
434681249.17597467,-0.47653515224818827,-0.01192452168574924,1.058961885402887e-07,2.213833419518335e-07
434681374.19677466,-0.47653566166930483,-0.01192465238269709,-6.280028136407267e-08,9.157663842518371e-08
434681876.18077374,-0.47653692839801537,-0.011924604969563471,3.9316142452783254e-08,1.4372535241634343e-07
434682002.15197474,-0.4765375056105307,-0.011924891386951908,-1.9419992103308914e-07,-1.4121052688276237e-07
434682504.2223737,-0.476538650823709,-0.011924469933032074,3.115772634343372e-08,2.8732464742338426e-07
434682881.1855747,-0.4765394873948092,-0.01192453666152193,2.243895585452016e-07,2.2715705272693953e-07
434683006.2063747,-0.47654016421479084,-0.011924665080504881,-1.1075426908924157e-07,1.0115113863173875e-07
434683760.2191738,-0.4765422542015017,-0.011924689538289927,-1.3863260323043747e-07,9.377142743023648e-08
434683885.15357476,-0.4765426587254266,-0.011924647661762053,-2.0125025934625285e-07,1.3889866855819333e-07
434684011.2111748,-0.4765427820321524,-0.011924610439239165,2.048760122663751e-08,1.7952323120781766e-07
434684262.20317376,-0.4765432730878966,-0.011924535147194958,2.16636757699451e-07,2.619554720709183e-07
434684918.1519748,-0.47654510494377555,-0.011924960719641508,1.818997923952459e-07,-1.426372201011883e-07
434685169.1439748,-0.4765461499819055,-0.011924557163009462,-1.7506049426740944e-07,2.698415127802556e-07
434685294.16477376,-0.47654629382470204,-0.011924652332308454,2.391870557172382e-08,1.793023722673065e-07
434685419.18557376,-0.4765467885165012,-0.011924804309404673,-1.27894931756245e-07,3.207954347300701e-08
434685671.21437484,-0.47654731384528837,-0.01192477814803656,3.8150631875844e-08,6.820358582765307e-08
434685796.14877385,-0.4765476782434728,-0.011924949257249969,1.6558826032575524e-08,-9.777871735200394e-08
434685922.2063748,-0.47654809310488716,-0.01192471629311245,-5.2360156266306745e-08,1.4048533955937637e-07
434686047.14077485,-0.47654824761580467,-0.011924641035223556,1.3604188736637823e-07,2.2112203540772257e-07
434686173.1983748,-0.4765483545897104,-0.011924838792898096,3.751165836840542e-07,2.8919101091248733e-08
434686926.1743748,-0.4765508768098358,-0.011924774297479216,-7.899666321087295e-08,1.2928194744431243e-07
434687965.2207739,-0.47655341673320584,-0.011924874471470155,2.3769467116796505e-07,8.62638836075097e-08
434688090.1551739,-0.4765538997162589,-0.011924817889071033,9.839183096049808e-08,1.5032509607590394e-07
434688368.1903739,-0.4765543496543354,-0.01192489360097965,4.1344351614513997e-07,9.172883702265877e-08
434688996.1455739,-0.4765564913308723,-0.011924695415890727,2.440069257758637e-10,3.30984086329561e-07
434689122.2031739,-0.4765565287210617,-0.011925148717016876,3.099470852752084e-07,-1.136663336682997e-07
434689247.2239749,-0.47655699282080005,-0.011925063047140591,1.9012184931943565e-07,-1.928194516033488e-08
434689373.1951739,-0.4765572313616991,-0.011925007311410328,2.985082172002329e-07,4.5370835978844615e-08
434689498.2159749,-0.47655789415866723,-0.011924782546955047,-1.994419379647283e-08,2.791206839113797e-07
434689767.17917496,-0.4765586119550649,-0.011925274533285794,3.178455165731009e-09,-1.9307531546122747e-07
434690018.17117494,-0.4765591165112438,-0.011924996539172126,1.9017176550173431e-07,1.0395539650452645e-07
434690143.1919739,-0.4765595722079562,-0.011924908917341468,7.898789800009354e-08,2.0126521068850045e-07
434690269.163174,-0.47655998829742585,-0.01192485737878215,1.0061279087647534e-08,2.627042477772873e-07
434690646.21277493,-0.47656067517170364,-0.011925091056639199,3.624743566965627e-07,5.949641123520477e-08
434690897.20477396,-0.47656170954123367,-0.011924857930442078,2.0074353679344625e-08,3.136045207859095e-07
434691022.1391739,-0.4765620541120676,-0.011925254975446435,1.998083831722397e-08,-7.278719332121097e-08
434766892.22557753,-0.4767848224296234,-0.011958118094087634,-2.820410723858302e-07,8.1832766018336e-08
434767023.2079765,-0.4767851763361629,-0.011958262083657432,-1.9322283301148602e-07,2.2267816625343162e-08
434767089.2175775,-0.4767854482523524,-0.011958094727039147,-2.4194144260247796e-07,2.3218289144782966e-07
434767154.1903765,-0.4767856128148873,-0.011958124732832686,-1.8675797913703107e-07,2.440749666387382e-07
434767220.1999775,-0.47678590780494834,-0.011958353835664877,-2.584405622840791e-07,5.7546592406240715e-08
434767285.1727765,-0.47678613991962127,-0.011958420122679591,-2.707013053715457e-07,3.3173212921414064e-08
434767351.1823775,-0.476786038193517,-0.011958235928634806,5.444168632573465e-08,2.599577506173789e-07
434767416.1551765,-0.47678653494725354,-0.011958413111760923,-2.22350670486815e-07,1.2470405953528274e-07
434767548.1743765,-0.4767868865443516,-0.011958412476173502,-1.2684145817010162e-07,2.105608830245409e-07
434767744.21597654,-0.4767876785790091,-0.01195852241900014,-2.545441583068353e-07,2.2722709164257893e-07
434767810.1391775,-0.4767878641969533,-0.011958507915711819,-2.1665862226516452e-07,2.8432152857083004e-07
434768007.2175776,-0.47678854528774445,-0.011958904956791253,-2.2926124360056477e-07,1.4655909538058287e-08
434768138.1999776,-0.4767888656411679,-0.011958625351209222,-1.0505853198505832e-07,3.789582498428534e-07
434768203.1727766,-0.47678938306207475,-0.01195915314985643,-4.0188268018992446e-07,-1.0681523401542825e-07
434768335.19197756,-0.47678956788433713,-0.011958879102173015,-1.3831208495185265e-07,2.526485675773127e-07
434768400.1647776,-0.4767898545684378,-0.011959007471557297,-2.042431608284545e-07,1.6632854506551387e-07
434768531.1471776,-0.47678983657911983,-0.011959139146372718,2.5893066901705453e-07,1.1944779674567807e-07
434768662.21597755,-0.4767904141001432,-0.011959446252014047,1.2709548086187183e-07,-1.0277518878998304e-07
434768794.1487776,-0.4767908634060157,-0.011959797666929364,1.2662216081205102e-07,-3.6871481570374676e-07
434769580.21597666,-0.4767937365143887,-0.011959691334058699,-6.801737290063059e-08,2.475813523292181e-07
434769646.1391776,-0.47679391594161974,-0.011959918284774855,-2.248655173175962e-08,6.345296918626453e-08
434769777.20797765,-0.4767944892708072,-0.011959858019995807,-1.4840365120116772e-07,2.0888255988088522e-07
434769842.1807776,-0.476794496489736,-0.011959995552497117,6.623989962095678e-08,1.1358004341384398e-07
434769974.1999766,-0.47679505074274753,-0.011960103761409782,-3.705802747999698e-08,9.120444720289722e-08
434770105.1823766,-0.4767956783114571,-0.011960084918271713,-2.170161312875507e-07,1.952408095248076e-07
434770170.15517765,-0.4767959601827013,-0.011960121599651116,-2.767811059234404e-07,2.0083146865836066e-07
434770498.2159776,-0.4767970648655841,-0.011960308311766603,-2.5927539337722294e-07,2.2768769507124087e-07
434770563.1887776,-0.4767971918967645,-0.01196039958263602,-1.6391237833701666e-07,1.787397903435517e-07
434770891.1631776,-0.47679787908012833,-0.01196065395221734,2.7223894338845867e-07,1.381408744147855e-07
434770957.17277765,-0.47679821839251396,-0.011961037443845458,1.5915774642660807e-07,-2.0230000451551544e-07
434771022.14557666,-0.47679830271158186,-0.01196076062634691,2.9756325287122465e-07,1.169007020872248e-07
434771088.15517765,-0.4767989118636444,-0.011960951578708617,-8.526273920228533e-08,-3.0983316506166814e-08
434771154.1647766,-0.4767992100748512,-0.011960753281745555,-1.571002659073173e-07,2.1039088211188828e-07
434771219.2239777,-0.47679936590448857,-0.011960760674644277,-8.976905924162892e-08,2.4546371942858747e-07
434771438.1615767,-0.4768002973304541,-0.011961211771894065,-2.698757424202114e-07,-6.26637583385492e-08
434771504.1711777,-0.4768002411116851,-0.011961046385834626,1.2966972995354098e-08,1.458470146788876e-07
434771569.1439777,-0.47680036059409214,-0.011960979463529826,1.1659465365410071e-07,2.5522548472919904e-07
434771700.2127767,-0.47680105169725606,-0.011961164758521879,-1.2429397217017524e-07,1.5560342919891668e-07
434771897.2047767,-0.4768017196301244,-0.01196105237527562,-1.1522588011514401e-07,3.9681755941919916e-07
434772290.1519767,-0.4768030464509995,-0.011961834128029704,-9.0388243334516e-08,-1.2770796248458283e-07
434772356.1615767,-0.4768032098881188,-0.011961583929218799,-2.6607880176943155e-08,1.6573346790609012e-07
434772421.2207767,-0.47680345195718804,-0.011961854254409177,-4.4686831679463523e-08,-6.196262666326169e-08
434772487.1439767,-0.4768034783494634,-0.011961724532251363,1.5593016294834783e-07,1.1096396562541855e-07
434772553.1535767,-0.47680402877899236,-0.011961803036033144,-1.6714780887161496e-07,7.573055823932584e-08
434772880.17757773,-0.4768053126549528,-0.011962097259106491,-3.2402517596841207e-07,-3.984698043746349e-09
434773011.1599768,-0.47680533578684864,-0.01196207793345317,1.0454168181128765e-07,1.0132234328635858e-07
434773077.16957676,-0.4768057672581844,-0.011962046458198644,-9.922722199462441e-08,1.761427461718229e-07
434773366.1775768,-0.47680665337087896,-0.011962281186129381,1.2114947878227866e-08,1.3130404422079245e-07
434773497.1599768,-0.4768071917690486,-0.011962130469422181,-7.39507081126689e-08,3.681417610774257e-07
434773628.1423768,-0.4768076242680116,-0.011962477980543479,-5.394879726283719e-08,1.0678970033262125e-07
434773760.16157675,-0.47680765046585233,-0.011962545820562751,3.761053495310307e-07,1.258294277904637e-07
434775230.1711768,-0.4768132481770668,-0.011963414326268863,-1.3015211774991542e-07,2.2739441145509798e-07
434775427.1631778,-0.4768137993035824,-0.011963851156524631,2.5260930014425753e-09,-7.905711028183271e-08
434775492.22237784,-0.4768140429833891,-0.011963907781964085,-1.5241898410067733e-08,-9.260298648554321e-08
434775669.16957784,-0.47681458572869184,-0.01196360987074728,5.663518864995609e-08,3.22526683263491e-07
434775735.1791778,-0.4768149687622252,-0.011963690645135422,-9.704449999148324e-08,2.854995191873405e-07
434775800.1519768,-0.4768151135880089,-0.011963847803871464,-1.6081440512571987e-08,1.7141112954553728e-07
434776784.1615779,-0.47681861644756784,-0.011964698839438638,-9.492793651144638e-08,-2.6065490444857065e-08
434777046.21277785,-0.4768192217751791,-0.011964860088060789,2.1296911900670068e-07,-1.285972632547594e-08
434777439.15997785,-0.47682058377707764,-0.01196511895147031,2.214073017148266e-07,-9.801836753711712e-09
434777505.1695779,-0.47682089605774347,-0.011964858056137515,1.3946385901686398e-07,2.951312990020355e-07
465092660.209581,-0.4325080888978602,-0.013081250912111729,-2.0644476589337657e-07,-2.8101127057256203e-08
465093766.21598,-0.4325121230426431,-0.013080654648328936,1.4818607452227184e-10,6.627850660662071e-08
465093876.20318097,-0.43251266497462976,-0.013080565906102487,-1.2007299315941466e-07,1.05470612382641e-07
465094231.22077996,-0.43251401747191426,-0.013080464845750869,-1.1139308475627274e-07,4.7043845378264004e-08
465094372.1391799,-0.43251465832268754,-0.013080295378094494,-2.1195915483884775e-07,1.5339787209737998e-07
465094443.15997994,-0.432514879829267,-0.013080291369903553,-1.6117320195130347e-07,1.2563934711357083e-07
465094513.1439809,-0.4325151124061394,-0.013080256934056778,-1.2543470895298725e-07,1.2879959244635475e-07
465094654.14878094,-0.43251571701954067,-0.013080268546614008,-1.8944904589535128e-07,5.4255235222913645e-08
465094937.1951809,-0.43251675297245773,-0.01308012560280748,-1.4025858180444217e-07,7.12082315213608e-08
465095007.1791809,-0.432517167118333,-0.013080102916962892,-2.8610645819160396e-07,6.2811919705405e-08
465095078.1999809,-0.4325172465309048,-0.01308005073566235,-9.324915206665452e-08,8.347884802514804e-08
465095148.18398094,-0.43251753815941874,-0.01308002948366849,-1.1658549170512345e-07,7.370444310081381e-08
465095289.1887809,-0.43251802085863816,-0.013080219498140703,-5.8734984376140886e-08,-1.7873808783389067e-07
465095360.2095809,-0.432518390441809,-0.013080005917838,-1.5606089476261076e-07,3.441510609478171e-09
465095430.1935809,-0.43251876457975824,-0.013079920838830179,-2.619194972575123e-07,5.760637607384045e-08
465095501.2143809,-0.4325188969205903,-0.013079983284208212,-1.2200997973055294e-07,-3.618249309542132e-08
465095572.1487799,-0.43251926625231896,-0.01307998349259503,-2.1942619504722316e-07,-6.76673788599369e-08
465095642.21918094,-0.4325195365245072,-0.013079908123939958,-2.2109852593210633e-07,-2.3165885947376563e-08
465095713.1535809,-0.43251973621223067,-0.013079829333919173,-1.4887824467679778e-07,2.440516365213863e-08
465095783.22397983,-0.43252000107501076,-0.013079662284799605,-1.4514879820293203e-07,1.6064407705636274e-07
465095854.15837985,-0.43252021158156273,-0.013079766855770749,-8.375526716619675e-08,2.491192161238609e-08
465095924.1423799,-0.43252056443354964,-0.013079705811410696,-1.6835422628203034e-07,5.5241189195892604e-08
465095995.1631808,-0.43252082541511483,-0.01307966538020272,-1.5711286516228995e-07,6.45313580904805e-08
465096136.16798085,-0.43252141454396975,-0.013079735222350208,-2.0578295700790505e-07,-6.705113934045437e-08
465096277.17277986,-0.4325217930959692,-0.013079622342228285,-4.389421476291844e-08,-1.5795059064502293e-08
465096347.1567798,-0.43252208657444435,-0.013079683751498058,-6.91461797819315e-08,-1.0774643856813204e-07
465096559.18238086,-0.4325229493238802,-0.013079452790872264,-1.1929802878896112e-07,3.085926085326374e-08
465096630.20317984,-0.4325231133771661,-0.013079732048847492,-1.1171170322121782e-08,-2.792747105795357e-07
465096700.18717986,-0.4325235042463742,-0.013079494434377687,-1.338388658234102e-07,-7.205616455244201e-08
465096771.2079809,-0.43252380477326646,-0.013079495731371184,-1.6219627319014052e-07,-1.0416956036825298e-07
465096912.2127799,-0.4325243710176816,-0.01307929315869365,-1.8809151891563403e-07,3.730952098310314e-08
465096982.19678086,-0.4325246111054646,-0.013079219276136788,-1.5999965718993536e-07,8.091414501788796e-08
465097375.1439798,-0.432526056005414,-0.013079196422198807,-9.922931903938448e-08,-6.568805612124085e-08
465097446.1647798,-0.43252637109172054,-0.013079098159862907,-1.422032098741255e-07,2.0469864189104348e-09
465097516.1487808,-0.4325265978669872,-0.013079029530044339,-1.0084494539430722e-07,4.062528971039703e-08
465097587.1695798,-0.4325268797422682,-0.013079022550657616,-1.1062100563341559e-07,1.7138597218496754e-08
465097657.1535798,-0.4325272356911012,-0.013078949860932058,-1.984495284768073e-07,5.983726891409247e-08
465097728.17437977,-0.43252744922410646,-0.01307896463509003,-1.3989694408467201e-07,1.4658531421671284e-08
465097798.1583798,-0.43252769814006825,-0.013078835150040677,-1.2070625093896226e-07,1.1421327121043101e-07
465097869.1791808,-0.4325280053934197,-0.01307891197222825,-1.5588808954802857e-07,7.048292024677827e-09
465097939.1631798,-0.4325283067749764,-0.013078876448686048,-1.89177090770265e-07,1.2702554509982922e-08
465098010.1839798,-0.4325285411314659,-0.013078846523135953,-1.5147660009651176e-07,1.234739244529437e-08
465098080.1679798,-0.4325288536536085,-0.013078858723278632,-1.9592072153518103e-07,-2.9660713886728307e-08
465098221.1727798,-0.4325292984461862,-0.013078855217769358,-1.0060825816893271e-07,-8.611990426343752e-08
465098292.1935808,-0.432529524688741,-0.01307868777152506,-5.4824237372130824e-08,5.1170663857222354e-08
465098363.2143798,-0.4325299744281124,-0.0130787552813047,-2.3254498432434545e-07,-4.646311618783372e-08
465102369.1503806,-0.4325451000594765,-0.013077180927257523,-3.150276783880912e-08,-1.1750939433487206e-07
465102410.19038063,-0.4325454159305589,-0.013076967693956757,-1.9056165556641247e-07,7.943951548482209e-08
465102450.1935796,-0.43254560732252195,-0.013077043324006613,-2.2910777069951038e-07,-1.2051840640042721e-08
465102491.1471796,-0.4325456397490092,-0.013077067013265976,-1.0506198200310735e-07,-5.196727085460262e-08
465102531.1503796,-0.43254563099074156,-0.01307720076713951,5.653253787318846e-08,-2.0155905026443544e-07
465102572.19038063,-0.4325459086338968,-0.013076929650138775,-6.431812604734688e-08,5.332159931821512e-08
465102612.1935806,-0.43254621528429277,-0.013076829505502489,-2.1814196804470498e-07,1.376518184957598e-07
465102653.1471806,-0.4325462552918926,-0.013076891898973906,-1.0169713859919938e-07,5.908024444320481e-08
465102693.1503806,-0.432546381368445,-0.013076899485269348,-7.49569130098493e-08,3.5703059071690024e-08
465102734.1903796,-0.4325464595339311,-0.013076941611194498,3.6500150679685817e-09,-2.2610916977292006e-08
465102774.1935796,-0.4325466694373387,-0.013076869215328484,-5.344648912330996e-08,3.4017674439487666e-08
465102815.1471796,-0.43254682274142153,-0.013077043264247105,-5.031835015323338e-08,-1.561610192529067e-07
465102855.1503796,-0.4325468825777291,-0.013076941476256,4.264229352957116e-08,-7.011664877702717e-08
465102896.19038063,-0.4325471877708187,-0.013076701184626924,-1.0579880516115026e-07,1.5403548811118717e-07
465102977.1471806,-0.4325474341925016,-0.013076760314073012,-4.302193440386404e-08,6.310497624277545e-08
465103018.1871796,-0.43254749114197544,-0.013076904625711093,5.676495051787356e-08,-9.730941252610037e-08
465103058.1903796,-0.4325477906736819,-0.013076786442208112,-8.999515155316828e-08,5.1900728142290076e-09
465103099.1439796,-0.43254798541488226,-0.013076636637972018,-1.2834042556475467e-07,1.3894988289825383e-07
465103139.1471796,-0.43254802884176924,-0.01307655174837039,-1.90059685767352e-08,2.081793440081997e-07
465103180.18718064,-0.4325483409012005,-0.013076543284350524,-1.7435009735944362e-07,2.005896299773352e-07
465103220.1903806,-0.4325483223196822,-0.01307661315901344,-3.0175945631150114e-09,1.1507879292722845e-07
465103261.14398056,-0.43254859992057787,-0.01307679028458218,-1.2424376327757614e-07,-7.804215661037783e-08
465103301.14717954,-0.43254871781357035,-0.013076582198902426,-8.939621093384531e-08,1.144313540313302e-07
465103342.18717957,-0.43254866773041695,-0.013076669714797224,1.173808168997148e-07,1.091100569269865e-08
465103382.19037956,-0.4325490668536437,-0.013076725925468956,-1.2901239593299252e-07,-6.088774109208606e-08
465103423.14398056,-0.4325491697244626,-0.013076596733937643,-7.553004260918428e-08,5.2357716648354646e-08
465103464.1839806,-0.43254952645802414,-0.013076409073596541,-2.755861009950955e-07,2.2405088927375527e-07
465103504.1871806,-0.43254960587073554,-0.013076356892768431,-2.0228482205952858e-07,2.606800336649867e-07
465103545.14077955,-0.43254972813550696,-0.013076569248247792,-1.6821290071966644e-07,3.2415786889797293e-08
465103585.14397955,-0.43254982989908036,-0.013076690666085189,-1.1727322668519946e-07,-1.045295044965755e-07
465103626.1839796,-0.43254997106779663,-0.013076697509605826,-1.0178649406666906e-07,-1.2729045162189478e-07
465103666.18717957,-0.4325500301193028,-0.013076710693701305,-8.14559436568274e-09,-1.5597768121024258e-07
465103707.14078057,-0.4325503961436294,-0.013076488096088662,-2.1785540715857366e-07,5.076093265166115e-08
465103747.14398056,-0.4325503527867133,-0.01307665113695019,-2.181700259340502e-08,-1.2775870424953928e-07
465103788.1839806,-0.43255056236768946,-0.013076714378537226,-7.476494229274877e-08,-2.0686771132899517e-07
465103828.1871806,-0.432550638795945,-0.013076303752355752,1.4772743583968406e-09,1.883041441039235e-07
465103869.14077955,-0.4325508383012966,-0.013076516903331128,-4.1736114897439336e-08,-4.065579585488255e-08
465103909.14397955,-0.4325510941261726,-0.01307617100446665,-1.44901610266146e-07,2.8981323032736817e-07
465103950.1839796,-0.43255109505099754,-0.013076212334976509,1.078383132790961e-08,2.3266557221124362e-07
465103990.1871806,-0.43255132862249746,-0.013076297382440141,-7.013947428413658e-08,1.3221284862231786e-07
465104031.14078057,-0.43255152560582893,-0.013076172753326181,-1.1085373996522208e-07,2.4108329620999014e-07
465104072.1807796,-0.43255169300714735,-0.013076226577734107,-1.2166217855380523e-07,1.71479773825034e-07
465104112.1839806,-0.43255172536362985,-0.013076172115748613,-1.3874757454068742e-09,2.1057362100188048e-07
465104153.22397953,-0.4325520319714652,-0.013076520213857442,-1.5141409070995593e-07,-1.5327825256435113e-07
465104193.14077955,-0.4325519852376943,-0.013076382295362583,4.7609827691363904e-08,-3.067002853421319e-08
465104234.18078053,-0.4325522528053774,-0.013076261088062202,-6.338836272545834e-08,7.480889524513756e-08
465104274.1839806,-0.43255234520814706,-0.013076339291988958,-3.1828408242340345e-09,-1.8713647886511864e-08
465104315.22398055,-0.4325524668005058,-0.013076296528431806,3.178245244761513e-08,8.347015835463711e-09
465104355.14077955,-0.43255275935349813,-0.013076316608797116,-1.0850340959045468e-07,-2.699407504642981e-08
465104396.1807796,-0.43255290671604807,-0.013076300160843282,-9.932021982628214e-08,-2.622349194736362e-08
465104436.1839796,-0.4325528997373081,-0.01307643842443927,6.024357568357175e-08,-1.797559223536832e-07
465104477.22397953,-0.4325530802412331,-0.013076252542464705,3.627337630263128e-08,-9.525701904350425e-09
465104517.14077955,-0.43255343526512613,-0.01307613852391703,-1.6650674011797761e-07,8.928192435884996e-08
465104558.18078053,-0.43255354361492127,-0.013076179164248324,-1.1833489521606566e-07,3.301549509476809e-08
465104598.1839806,-0.43255383321087637,-0.013076367192999521,-2.5536937470205245e-07,-1.7023204744101572e-07
465104639.22398055,-0.4325537393509601,-0.013076148842007399,-5.000012515132823e-09,3.2518597889094614e-08
465104680.1775796,-0.43255410156346996,-0.01307613101374274,-2.1103876063355287e-07,3.4792383286907924e-08
465104720.1807795,-0.4325541364845439,-0.013075966089465771,-9.341634393811304e-08,1.845357275234022e-07
465104761.2207795,-0.4325542740939022,-0.013075963913614442,-7.453477285368493e-08,1.7115012228459403e-07
465104801.2239805,-0.4325543920142614,-0.01307628222175383,-3.9923691519394566e-08,-1.6231371868617728e-07
465104842.1775805,-0.4325545294137764,-0.013076045592075002,-2.117410974333822e-08,5.881311535699263e-08
465104882.1807805,-0.4325549441613822,-0.01307619987685543,-2.834024058762097e-07,-1.1060209598005855e-07
465104923.2207795,-0.43255477814732396,-0.01307620804811578,3.907768225674957e-08,-1.3428293439525507e-07
465104963.2239795,-0.43255505301633024,-0.01307581294005877,-8.328423983794409e-08,2.4572005475134717e-07
465105004.1775795,-0.43255506732359,-0.013075927169264083,5.853257944998802e-08,1.1603990802272479e-07
465105085.2207805,-0.4325554248692945,-0.013076150930949956,9.922453803046238e-09,-1.3825887558958916e-07
465105125.2239805,-0.43255559853434156,-0.013076259615205112,-1.1260201771001732e-08,-2.619973026550537e-07
465105166.1775805,-0.4325559333097238,-0.013075840870581003,-1.8993687150858918e-07,1.4134855230545085e-07
465105207.2175795,-0.4325560638703378,-0.013075898807086582,-1.6407594283229798e-07,6.799406494610583e-08
465105247.2207795,-0.43255602827704365,-0.0130758086122629,2.3980923580246838e-08,1.4317321836605779e-07
465105288.17437947,-0.43255621867408267,-0.013075764760885846,-1.033673463490814e-08,1.716652933674706e-07
465105328.1775795,-0.43255642562042124,-0.013075860313718579,-6.483209497032405e-08,6.112242253476785e-08
465105409.2207805,-0.43255661576482257,-0.01307603025093133,5.3857484749730844e-08,-1.391444647662332e-07
465105450.1743805,-0.43255674223377966,-0.01307598035143796,8.344193508369457e-08,-1.0455162822650688e-07
465105490.1775795,-0.43255723953386593,-0.013075622567488123,-2.6143263159861263e-07,2.3829377298993648e-07
465105531.2175795,-0.4325572374316329,-0.013075753695045508,-1.029609080771543e-07,9.185374586807848e-08
465105571.2207795,-0.43255736535768957,-0.013075843942606519,-7.847430183449688e-08,-1.330650666910016e-08
465105612.17437947,-0.4325576298983779,-0.013075812532616901,-1.869879002192043e-07,2.8497413456785026e-09
465105652.1775795,-0.4325577292799016,-0.013075752473043817,-1.3396969095191835e-07,4.802251885559217e-08
465105693.2175805,-0.4325579065042238,-0.01307587017685299,-1.54851063915995e-07,-8.494059791294695e-08
465105733.2207805,-0.43255800766541025,-0.013075814627026715,-1.0362554525578105e-07,-4.425157755678921e-08
465105774.17437947,-0.4325580748302238,-0.0130759653319583,-1.4789932722969468e-08,-2.1015706440016824e-07
465105855.2175805,-0.43255844829591794,-0.013075625136556855,-7.95659568231244e-08,9.999768530062625e-08
465105896.1711795,-0.4325586627533469,-0.01307568124241714,-1.3804326165489655e-07,2.8731501129641845e-08
465107193.20797944,-0.43256346481545693,-0.01307504262193837,-3.738194087610225e-09,1.9430789000018933e-07
465107233.21118045,-0.4325635646593845,-0.013075003227725908,4.854864182890495e-08,2.1933431372696266e-07
465107274.1647794,-0.43256370141377776,-0.013075037872872912,6.753188008801203e-08,1.6999397143939443e-07
465107314.16798043,-0.4325640399150281,-0.013075310844448908,-1.1885320416737954e-07,-1.1731813576339178e-07
465177095.2143768,-0.43282546029897007,-0.013075908791030646,-1.8360970854836012e-07,-4.460382956560094e-08
465177176.1711778,-0.4328259371819168,-0.013076064636894496,-3.379872896558389e-07,-1.750830415248733e-07
465177350.1807778,-0.4328265187772524,-0.013075647565183101,-2.261188156715832e-07,2.966414341838697e-07
465177390.1839778,-0.4328265637928674,-0.01307585912690746,-1.11662161017545e-07,9.7668839562845e-08
465177431.22397774,-0.4328266471007449,-0.013076206725224204,-3.134466458609708e-08,-2.3700436375603817e-07
465177471.14077777,-0.43282710157242377,-0.013076110820757002,-3.266498042608923e-07,-1.2851909815189688e-07
465177980.20957774,-0.43282880670539414,-0.013076240751098457,-2.27262042518106e-10,-9.718801583652459e-08
465178121.21437675,-0.4328294569781638,-0.013076192685373791,-8.724448041785848e-08,-4.187586324574943e-09
465178191.1983768,-0.4328297033265428,-0.013076173676012263,-5.394874230679747e-08,3.7167061268938983e-08
465178262.21917677,-0.4328299785410347,-0.013076169337874472,-4.531726827128324e-08,6.421078957950799e-08
465178332.20317674,-0.4328304003942709,-0.013076341681954517,-1.8741025187285487e-07,-8.573032542723291e-08
465178403.22397673,-0.43283050900125136,-0.013076168539510834,-1.2053591402771957e-08,1.1017625660761365e-07
465178473.20797676,-0.43283069906937055,-0.013076260334528304,7.7754319094403e-08,4.08419124596493e-08
465178544.14237773,-0.4328311736438763,-0.013076312854698523,-1.1308486719263655e-07,1.111667751255152e-08
465178615.1631768,-0.43283119064945486,-0.013076472924594197,1.540493720919578e-07,-1.2610101958292208e-07
465178685.14717674,-0.4328315759899329,-0.013076513741958383,4.875825704298009e-08,-1.4437091032555582e-07
465178756.16797775,-0.4328320504302756,-0.01307640996002999,-1.4142551268969683e-07,-1.7678151810474052e-08
465178897.1727778,-0.43283262998574673,-0.01307620216719326,-1.5644382661550438e-07,2.3568944866082797e-07
465178967.15677774,-0.43283307319249786,-0.01307642862928433,-3.193718767779963e-07,3.1890454544464264e-08
465179038.17757773,-0.4328330149316144,-0.013076300470516947,2.3377928926038294e-08,1.8307742771436764e-07
465179108.1615767,-0.4328334419219825,-0.013076251891019464,-1.2321964115713513e-07,2.543778934160912e-07
465179179.1823767,-0.43283375918859185,-0.013076627062589089,-1.5588173130076655e-07,-9.770672008448111e-08
465179249.1663767,-0.43283399901473507,-0.013076766981538016,-1.1520135562159695e-07,-2.1484678600948437e-07
465179320.1871777,-0.4328343730826071,-0.013076603772790083,-2.0454949994919147e-07,-2.849228609470844e-08
465179390.1711777,-0.4328345000129947,-0.013076574544923959,-5.0860041511668896e-08,2.3572423112419583e-08
465179461.19197667,-0.4328348768506264,-0.013076535327564103,-1.4286314609091022e-07,8.599437677052346e-08
465179531.1759767,-0.4328351796132749,-0.013076561816326292,-1.6489301385425037e-07,8.240046570767712e-08
465179743.2015777,-0.43283603458415526,-0.0130765841392288,-1.690066978032867e-07,1.2961639167183292e-07
465179814.2223767,-0.43283625878961907,-0.013076625984045744,-1.080919635465527e-07,1.1112371583847647e-07
465179884.2063767,-0.4328364568987123,-0.013076777148977859,-2.5187278818172842e-08,-1.7000905728342675e-08
465179955.1407767,-0.43283697219971007,-0.013076698942222962,-2.5560172611793774e-07,8.458851985700122e-08
465180025.2111767,-0.4328374128375138,-0.013077035866538087,-4.1476719508937165e-07,-2.2920879117795112e-07
465180096.1455767,-0.4328372714703816,-0.013076794562540815,1.1599316673827076e-08,3.553689157526074e-08
465180166.2159767,-0.43283774123485036,-0.013076932370111373,-1.7658156953315185e-07,-7.908534932661582e-08
465180237.1503777,-0.4328379217428365,-0.013076746497800999,-7.197776347167562e-08,1.3028772216303053e-07
465180307.2207767,-0.4328382312286614,-0.013076848511859774,-9.976917902942972e-08,5.151737945095769e-08
465180448.1391777,-0.43283878436002476,-0.013076885676703847,-8.621945346565241e-08,6.118585082516559e-08
465180519.1599777,-0.43283906043058845,-0.013076844518381528,-7.660717477042667e-08,1.2599202682019028e-07
465180590.1807767,-0.43283937077261386,-0.01307690971187167,-1.0121026827736301e-07,8.447627156127346e-08
465180660.1647777,-0.4328395301949744,-0.013076982326099386,2.098970391939403e-08,3.5223366277523094e-08
465180731.18557763,-0.43283993912986085,-0.013077102436914897,-1.020952054564539e-07,-6.115033518092061e-08
465180801.16957766,-0.4328402862450539,-0.01307708536928755,-1.674788649430603e-07,-2.066283890170273e-08
465180872.19037765,-0.43284046774326534,-0.013077018978592621,-6.301649591033964e-08,6.952442052447771e-08
465180942.1743776,-0.43284075726025345,-0.013077128870621913,-7.069317958796617e-08,-1.6889121169302856e-08
465181013.1951776,-0.4328409442308017,-0.013077232311559883,2.8407013574760498e-08,-9.647397070100538e-08
465181083.1791766,-0.4328413533593547,-0.013077060483388128,-9.877290491067114e-08,9.88913805930608e-08
465181154.1999766,-0.4328415931852459,-0.013077200402650401,-5.2418339280269066e-08,-1.71121929178758e-08
465181224.18397766,-0.4328418052620212,-0.013077075042013142,1.7561420428968688e-08,1.318443928702978e-07
465181295.20477766,-0.43284219020753084,-0.013077173345955097,-8.109436644421208e-08,5.75158179399321e-08
465181365.1887776,-0.432842437017332,-0.013077175002379133,-4.574018880321162e-08,7.951418869341087e-08
465181436.2095766,-0.43284276205656963,-0.013077296939842158,-8.438089521556336e-08,-1.8388148663450732e-08
465181506.19357765,-0.4328429537699463,-0.013077236942928464,6.176710865002377e-09,6.532248734980595e-08
465181577.21437764,-0.4328434337493128,-0.013077381144665775,-1.8729576406473214e-07,-5.4784282162850806e-08
465181648.14877665,-0.43284367970283033,-0.01307741962177203,-1.4703663941961764e-07,-6.916561570702306e-08
465181718.21917766,-0.43284387280100517,-0.013077421620563046,-5.7355142024650974e-08,-4.7332553121740006e-08
465181789.1535776,-0.43284422888036833,-0.01307750525335942,-1.2711432689771485e-07,-1.0680967869880487e-07
465181859.2239766,-0.43284453737583356,-0.013077487786233992,-1.5272413494971104e-07,-6.545148903240594e-08
465181930.15837663,-0.4328447915042503,-0.013077741935270153,-1.2042530567191179e-07,-2.9538486860311575e-07
465182071.1631776,-0.4328453657880557,-0.013077598765387359,-1.2518406772299429e-07,-1.0398888847067134e-07
465182141.1471766,-0.4328457179807009,-0.013077809015558666,-1.9462955691551542e-07,-2.9025892900845507e-07
465182212.1679766,-0.432845993194886,-0.013077804678205735,-1.828546656312824e-07,-2.615560509237197e-07
465182282.15197766,-0.4328462200358648,-0.013077814212609878,-1.268440075197219e-07,-2.4705091448626315e-07
465182353.17277664,-0.432846588437525,-0.013077773112156299,-2.0815081264169422e-07,-1.8152459890785622e-07
465182423.15677655,-0.43284676552051066,-0.013077734522652006,-1.0227816266139556e-07,-1.188360505208208e-07
465183270.2223766,-0.43285016866315673,-0.013077976356440882,-7.656459211080602e-08,-6.663003311591087e-08
465183340.20637757,-0.4328505432594101,-0.013077911965092169,-1.675404671663827e-07,2.2249804611587654e-08
465183411.1407776,-0.43285091040999746,-0.013077965171395674,-2.471681395110892e-07,-6.10493408777224e-09
465183481.2111766,-0.43285106396529516,-0.013077925440179806,-1.1665243909719791e-07,5.820533790362736e-08
465183552.14557755,-0.4328513895326653,-0.013078146194423036,-1.5459539082218754e-07,-1.3763618632658958e-07
465183623.1663776,-0.4328516696235414,-0.013078134721594331,-1.4666055353496077e-07,-1.0118943069570285e-07
465183834.1551766,-0.43285240991870394,-0.013077983390009033,-3.0988557941924455e-08,1.245172091615676e-07
465183905.1759776,-0.43285277535663763,-0.013078110237679037,-1.0819954532337306e-07,2.2766386203326716e-08
465183975.1599766,-0.432853011690086,-0.01307831928883293,-6.04644874724336e-08,-1.6152394429792827e-07
465184046.1807766,-0.4328533899120482,-0.013078342068390664,-1.503596543384056e-07,-1.5914501718186647e-07
465184116.1647765,-0.43285363850110536,-0.013078348235129489,-1.1478205724779755e-07,-1.404901348034393e-07
465184187.1855775,-0.4328537871127416,-0.01307823748867409,2.503244855844855e-08,-4.523435067488313e-09
465184257.16957754,-0.43285418899603595,-0.013078417712281382,-9.258655131461069e-08,-1.5986450321858747e-07
465184328.1903765,-0.43285448674773186,-0.013078295035694961,-1.0181328347069751e-07,-1.190579129381475e-08
465184398.1743765,-0.43285473309574357,-0.013078276027436504,-6.379986738913601e-08,3.2046046365141745e-08
465184469.1951775,-0.43285496613125835,-0.013078262271043094,-8.212095725657065e-09,7.114657323351037e-08
465184539.1791765,-0.43285533163592066,-0.013078467269941748,-8.925870942366743e-08,-1.0884758247682591e-07
465184610.1999775,-0.4328555738966036,-0.013078340425783295,-4.279830839726273e-08,4.340284306611486e-08
465184681.2207765,-0.43285582123457356,-0.013078440899083504,-1.3661410336318625e-09,-3.163284690264889e-08
465184751.2047765,-0.43285621224055937,-0.013078359610690458,-1.077697437956715e-07,7.475249777164072e-08
465184822.1391765,-0.4328565039312206,-0.013078416527493527,-1.10944697373494e-07,4.330459213788829e-08
465184892.2095765,-0.4328568046527859,-0.013078652295562895,-1.266170877589623e-07,-1.6727400272385784e-07
465184963.1439775,-0.4328569607101779,-0.013078423951584966,5.9376085714824e-09,8.660125585049916e-08
465185033.2143775,-0.43285737966516935,-0.013078842396406526,-1.278732638665403e-07,-3.065924025491551e-07
465185104.14877754,-0.4328575343378634,-0.013078552056779939,6.161978927110567e-09,9.341020009573375e-09
465185174.21917653,-0.43285780744444285,-0.013078678847088568,1.8293940140523546e-08,-9.213630557634855e-08
465185245.1535775,-0.43285812134481516,-0.01307875306124915,-6.803163921098587e-09,-1.4069401963606731e-07
465188188.1967764,-0.43287017244425696,-0.013079935123639289,-3.5072905635313845e-08,-2.3001749109054226e-07
465188329.2015774,-0.43287080083384216,-0.013079734128512606,-8.553693092716586e-08,2.4742420882961635e-08
465188400.2223764,-0.4328710508738712,-0.013079880442734825,-4.44268303256834e-08,-9.444200692494686e-08
465188470.2063774,-0.43287141894685893,-0.013079974980805731,-1.2555918466050642e-07,-1.622136885041231e-07
465188559.1983774,-0.4328718698587745,-0.013079870060350244,-2.1153760548786593e-07,-2.3210086711952793e-08
465188610.17437637,-0.432871944990271,-0.013080001987308644,-7.760018949642955e-08,-1.3559002022371647e-07
465188660.1999774,-0.43287212741139586,-0.013079976928099408,-5.4829571827230694e-08,-9.133144067245691e-08
465188711.1759764,-0.43287235029819265,-0.01308003492973099,-6.860528656282838e-08,-1.297518322906227e-07
465188761.2015774,-0.4328725992817648,-0.013079983611475929,-1.1235583213808908e-07,-5.9200598687136896e-08
465188812.1775774,-0.432872710725159,-0.013080012612299925,-1.4646172885601771e-08,-6.858590458416747e-08
465188862.2031774,-0.43287304722963793,-0.013080046638781756,-1.458765436224141e-07,-8.334573858327643e-08
465188913.1791764,-0.4328730281839576,-0.013080095846937756,8.23639517144592e-08,-1.1290403550967554e-07
465188963.2047764,-0.43287333265845224,-0.01308004869652154,-1.6795547175263437e-08,-4.645323955533576e-08
465189014.1807774,-0.4328735617399429,-0.013080083407075133,-3.664065134634242e-08,-6.147952915161459e-08
465189065.15677637,-0.4328739661247655,-0.013080075019174216,-2.3176819508030633e-07,-3.3389976590927906e-08
465189115.1823774,-0.43287391775160794,-0.013080088890675124,2.1981112818814097e-08,-2.7910223344279617e-08
465189166.1583774,-0.4328744761531053,-0.013080061437454164,-3.271218419476085e-07,1.9279149884171565e-08
465189216.18397737,-0.4328742849680975,-0.013080220249541554,6.947970304649331e-08,-1.2014779534816333e-07
465189267.15997636,-0.43287450436261354,-0.013080347382648861,5.9424782983263924e-08,-2.275101864800816e-07
465189317.1855763,-0.43287483447236463,-0.01308017024721106,-6.52282378110769e-08,-3.095565501154418e-08
465189368.16157734,-0.4328749144139513,-0.013080216887423229,6.42106358084149e-08,-5.7790521595588173e-08
465189418.18717635,-0.43287519345307257,-0.013080534175356507,-9.331763750619615e-09,-3.556253470819032e-07
465189469.16317636,-0.4328753847713668,-0.013080531665399851,8.771052162348525e-09,-3.3327535214726367e-07
465189519.1887763,-0.43287565055962507,-0.013080405964086288,-5.1480683438409613e-08,-1.8808685227529598e-07
465189722.1423773,-0.4328765258915802,-0.013080362929601784,-9.275108331374682e-08,-6.581940469214953e-08
465189772.1679763,-0.4328766589498416,-0.013080232260532601,-2.0174013459772766e-08,8.442248585448231e-08
465189823.14397734,-0.4328769499167961,-0.013080482301088823,-1.0157896329632266e-07,-1.4565592931607696e-07
465189873.16957736,-0.43287701601772327,-0.013080435376863729,3.7994549562103686e-08,-7.912458029751823e-08
465189924.1455773,-0.43287727033956513,-0.013080397588307336,-6.725545287356027e-09,-2.133889661672106e-08
465189974.1711763,-0.4328775789010179,-0.013080458274049118,-1.0957365492725302e-07,-6.238314774302534e-08
465190025.1471763,-0.43287769924155456,-0.013080509824119997,-2.027289836004087e-08,-9.39010389288536e-08
465190075.17277735,-0.43287796384513116,-0.013080556580402058,-7.912441341018095e-08,-1.2098139809922637e-07
465190126.14877737,-0.43287806948862956,-0.01308055138662149,2.4912726825920828e-08,-9.572031926287361e-08
465190176.1743773,-0.4328783584762206,-0.013080562464275922,-5.828429411325331e-08,-8.708755484289343e-08
465190227.1503763,-0.43287839367011466,-0.013080710146704195,1.1624159074186124e-07,-2.1466750032596293e-07
465190277.17597735,-0.4328787954189423,-0.013080734069928756,-7.967834586564138e-08,-2.1884574434756499e-07
465190328.15197635,-0.4328789365179959,-0.013080662770675442,-1.1018676637775116e-08,-1.2740875666474027e-07
465190378.17757636,-0.432879250879223,-0.013080757651217858,-1.1951289702327728e-07,-2.0250969223929716e-07
465190429.1535773,-0.43287930096520155,-0.013080670138548217,4.019859956017058e-08,-9.482396981508323e-08
465191136.16477627,-0.4328823563902539,-0.013080752089646385,-1.034561615820273e-07,1.0486315698068904e-07
465191238.2031773,-0.4328826907866793,-0.013080917243739255,-1.7314001954371605e-08,-1.9357642912221085e-08
465191288.1423763,-0.4328828496800963,-0.013080891042900077,2.9638078158367165e-08,2.6903052487148305e-08
465191339.2047763,-0.43288329677113785,-0.013080990891621406,-2.0695923669267202e-07,-5.24166368122414e-08
465191389.1439773,-0.43288348808933425,-0.013080988381941048,-1.92395823939151e-07,-2.981187063703927e-08
465191440.20637727,-0.43288356934875777,-0.013081018866885162,-6.312470390845704e-08,-3.9731727340466816e-08
465191490.1455763,-0.4328839906046663,-0.013081014247583685,-2.784631010221972e-07,-1.4982044722888777e-08
465191541.2079763,-0.4328841336162742,-0.013081103760380467,-2.1090754570574077e-07,-8.389362987984428e-08
465191591.14717627,-0.4328842747818839,-0.013081110612307049,-1.4611992205093571e-07,-7.057981205385588e-08
465191642.20957625,-0.4328846032453031,-0.013081085269713806,-2.639797554437884e-07,-2.4599814359149708e-08
465191692.1487763,-0.4328847614153766,-0.013081252191615574,-2.1616107009903018e-07,-1.713205413939739e-07
465191793.1503773,-0.43288522030121984,-0.013081128490969231,-2.5838300510283574e-07,-6.709556157197261e-09
465191844.21277726,-0.4328854938017892,-0.01308119779676196,-3.212077320235984e-07,-5.530535227872557e-08
465191945.2143763,-0.4328857862150024,-0.013081061592380438,-1.9685003915803634e-07,1.2191766262173442e-07
465191996.1903773,-0.43288600033740615,-0.013081253347465465,-2.0059929989324488e-07,-4.9107748206420054e-08
465192046.2159763,-0.43288609708368014,-0.013081225604675513,-9.087721691836137e-08,-1.003897416584909e-09
465192097.19197726,-0.4328864144089688,-0.01308115253797776,-1.9779388238383433e-07,9.282891671839877e-08
465192147.2175773,-0.4328864638381679,-0.013081336299101978,-4.071999687438321e-08,-7.053534974155173e-08
465192198.1935763,-0.4328865895168771,-0.013081401378853968,4.4045195046749086e-08,-1.1481247522149296e-07
465192248.2191773,-0.43288698764005246,-0.013081338131958498,-1.4754035837505342e-07,-3.1132857125637514e-08
465192299.19517726,-0.43288700688540066,-0.013081523376974642,4.3693290596724665e-08,-1.955386660212194e-07
465192349.2207773,-0.43288721144949655,-0.013081437464605166,4.57011555266007e-08,-8.915764177462593e-08
465192400.1967763,-0.432887446858515,-0.013081605186690977,2.0806029343845012e-08,-2.3600387098580977e-07
465192450.2223763,-0.43288771488765904,-0.013081504661014858,-4.0617000485188015e-08,-1.1497353956044232e-07
465192501.19837725,-0.4328879062057949,-0.013081502151484816,-2.138652999139623e-08,-9.155143273695265e-08
465192602.19997627,-0.4328882912160263,-0.013081678609570952,1.0826429031052243e-08,-2.2651943017495957e-07
465192703.20157725,-0.43288865032468044,-0.013081672448550364,6.900907123519318e-08,-1.7879532483548732e-07
465192754.17757624,-0.43288900594097957,-0.013081735418924014,-7.597254486624294e-08,-2.207608461833599e-07
465192804.2031772,-0.4328891093434824,-0.01308170505030089,2.7349279452248965e-08,-1.6976085755356085e-07
465192855.1791772,-0.432889355823996,-0.013081842345640396,-8.462512968154812e-09,-2.8601438121535205e-07
465192905.20477724,-0.43288958747453404,-0.013081766595035097,-3.3355422035530324e-08,-1.8959610234396684e-07
465192956.18077624,-0.43288979645394454,-0.013081652881826868,-3.163227196845142e-08,-5.4804045669654133e-08
465193006.2063762,-0.4328899843462034,-0.013081797654774338,-1.2733783139040611e-08,-1.7887294288809752e-07
465193057.1823772,-0.43289016235182215,-0.013081800397090811,1.999682053277496e-08,-1.6049930726298733e-07
465193107.20797724,-0.43289044725229864,-0.013081703639445415,-5.8079974996072536e-08,-4.300116632389994e-08
465193158.18397623,-0.43289058261806357,-0.013081676296812807,1.7323937839819337e-08,5.494590202964611e-09
465354223.1631714,-0.43366938493755275,-0.013184229678424846,-4.7118412710434043e-07,-1.5187650730802416e-08
465354530.1423723,-0.4336708916460913,-0.013184500606089958,-2.90155071969167e-07,-1.8452302459615044e-07
465354600.21277136,-0.4336712626082618,-0.01318434909962699,-2.758212979125929e-07,-9.968073177643588e-09
465354671.14717233,-0.4336716204363239,-0.013184437294000326,-2.4358151035075437e-07,-7.48829908168297e-08
465354775.17277235,-0.43367221306581055,-0.01318451627602428,-2.6413702430838626e-07,-1.1982240492869334e-07
465354957.2175713,-0.43367302092864085,-0.013184536435350848,-7.076400626582213e-08,-8.068395147657614e-08
465355047.15997136,-0.4336735442991146,-0.01318459582663917,-9.940740375302681e-08,-1.109080462503853e-07
465355138.22557235,-0.4336741230974297,-0.013184581243331526,-1.772679984468617e-07,-6.688076223740347e-08
465355228.1679713,-0.4336745983778937,-0.013184440713361764,-1.5775764333758602e-07,1.0264369966483944e-07
465355319.1471713,-0.43367504451393346,-0.013184499293876792,-1.033676483297441e-07,7.330469007672813e-08
465355409.17597234,-0.433675637543504,-0.013184520791038365,-2.0106902481886735e-07,8.065727753747698e-08
465355500.15517235,-0.4336761411679263,-0.013184296121208425,-2.041055613410947e-07,3.3439427104230146e-07
465355590.18397236,-0.43367652040207116,-0.013184516586673616,-8.795118489057785e-08,1.4260615323682946e-07
465355681.16317135,-0.4336770926628097,-0.01318466092922182,-1.595639564366813e-07,2.7156668974334663e-08
465355862.1711713,-0.43367810996245315,-0.01318458807148502,-1.8071020663201764e-07,1.5723880876852836e-07
465355953.1503713,-0.43367855300009733,-0.013184658297284588,-1.2301292212635317e-07,1.1564493780646945e-07
465356043.17917234,-0.43367908962325186,-0.013184634288927499,-1.6410423964163812e-07,1.6790026654590895e-07
465356134.1583713,-0.43367954425340666,-0.013184772905219112,-1.179438283149814e-07,5.774243962836101e-08
465356224.18717134,-0.4336800217722607,-0.013184657550844803,-9.987667276556422e-08,2.0117226434690494e-07
465356315.16637236,-0.4336804230943855,-0.013184739016302576,-3.543639270908727e-10,1.4799207403472237e-07
465356540.15197134,-0.43368162172393154,-0.013184969882722747,3.968391465436483e-08,-1.3299970319513577e-08
465356761.1631723,-0.43368293424819154,-0.013184963004983494,-5.590323531867725e-08,6.14063998677361e-08
465356871.15037227,-0.43368371020860347,-0.013185058285718115,-2.2619597606077235e-07,-3.0963262509509093e-10
465357260.20957226,-0.433685866232143,-0.013185239920782849,-2.3951170408098577e-07,-6.42295948042465e-08
465357521.22397226,-0.4336871472544947,-0.013185250678663718,-8.27971183281484e-08,3.1021710755751997e-09
465357685.2111723,-0.4336879976918037,-0.013185222780562151,-2.986291958162468e-08,7.969953326643353e-08
465363516.17437214,-0.43371998887570185,-0.013187042782669137,1.2121443693224876e-07,-1.8586573003256945e-07
465363707.2047722,-0.43372106877542027,-0.013186992149093116,9.42832348305167e-08,-8.99775987970447e-08
465363990.1647721,-0.43372269241237454,-0.01318693555176688,3.024134864748618e-08,3.301172644791517e-08
465364181.1951711,-0.43372388426364017,-0.013187012751465178,-1.0877405332010426e-07,2.0345446334613104e-10
465364371.18877107,-0.4337248874472714,-0.013187060122388686,-6.489632431438963e-08,-3.3601093053781117e-09
465364562.2191711,-0.4337259469190353,-0.013186996699289105,-7.165775667283825e-08,1.0376550499402448e-07
465364752.2127711,-0.43372692703594673,-0.013187063590161535,-4.846503032229776e-09,7.9999023067448e-08
465365133.1503711,-0.43372891837047317,-0.013187237223224046,1.0268938765989333e-07,-8.189357447382917e-09
465365324.18077207,-0.43372999878785196,-0.013187285406725131,7.468119278541963e-08,-1.403464204401128e-08
465365705.2047721,-0.4337321472290082,-0.01318742835423593,2.5085937882529663e-08,-7.354742793605484e-08
465366277.17277104,-0.4337355069114865,-0.013187463664546565,-1.846611262235065e-07,1.3875465028692635e-08
559531558.6607549,-0.3127538479038398,-0.01635779089224974,-1.2773589580516997e-07,2.9402404679371164e-07
559531958.6927559,-0.31275568286826116,-0.01635770379155138,-2.2391530313248253e-07,1.8483385005874098e-07
559532119.6559548,-0.31275640831909984,-0.016357629460892864,-2.497170028536999e-07,1.804241903102799e-07
559532279.6687549,-0.3127570486054775,-0.016357443445021505,-1.944846118595578e-07,2.8830373514920904e-07
559532439.6815559,-0.3127577566897563,-0.016357402525335085,-2.0705057551806405e-07,2.512265699257388e-07
559532519.6879559,-0.312758123731792,-0.016357460630615512,-2.2633398150118111e-07,1.5417542296655706e-07
559532599.6943558,-0.31275846222937087,-0.016357430858619067,-2.1707347164223734e-07,1.4503672918567134e-07
559532679.7007558,-0.312758805877723,-0.016357356987411628,-2.1296442020979356e-07,1.8003252640064193e-07
559532759.7071558,-0.3127591273547065,-0.016357323759702096,-1.8668482898442917e-07,1.7442020962613047e-07
559532840.6639549,-0.31275947094158835,-0.016357155481942,-1.7838511473522445e-07,3.03432684922722e-07
559532920.6703559,-0.31275983346326786,-0.016357089546784862,-1.9315232296923668e-07,3.3059931966658573e-07
559533000.6767559,-0.31276008808017053,-0.016357215116137344,-1.0001602684939215e-07,1.662971446797501e-07
559533080.6831559,-0.3127604742185278,-0.016357055477789234,-1.3840260038033847e-07,2.8723847542155845e-07
559533160.6895548,-0.3127608623325378,-0.016357089132884264,-1.7876639363256785e-07,2.149222742969803e-07
559533240.6959558,-0.31276117084035704,-0.016357024543449984,-1.3952569793973524e-07,2.408866187839087e-07
559533401.6591557,-0.3127619540104224,-0.016356957828183968,-2.230736073083328e-07,2.300024346015006e-07
559534442.6927558,-0.31276631707764024,-0.016356518057016645,-6.158250914767294e-08,1.7148834597843776e-07
559534602.7055558,-0.3127670243469557,-0.016356362058194875,-7.345536656711005e-08,2.5145883589608453e-07
559534763.6687548,-0.31276764952684727,-0.016356271474303585,8.73428385173014e-10,2.6571619720153206e-07
559535003.6879548,-0.3127687201325343,-0.016356164620874757,-2.670104704005638e-08,2.590435439382699e-07
559535083.6943548,-0.3127691667804413,-0.01635632097130779,-1.2568223484166197e-07,6.492808557467811e-08
559543673.1503553,-0.3128061935728966,-0.016352486866336478,1.0647879583602915e-07,9.51128838154458e-08
559543746.1583543,-0.3128064798479778,-0.01635236851553031,1.3602299642201388e-07,1.8349143863713446e-07
559543819.1663553,-0.3128068166144293,-0.016352523078537625,1.1505603914052642e-07,-1.000007517765189e-09
559543892.1743543,-0.31280703040963265,-0.016352455676955202,2.1704040342740427e-07,3.6517052492968105e-08
559543965.1823543,-0.3128075057633918,-0.016352379820811926,5.744617498359972e-08,8.253269103558614e-08
559544038.1903553,-0.31280761193820966,-0.016352372649889303,2.6701072952661775e-07,5.990722874368859e-08
559544111.1983553,-0.31280815392855993,-0.01635236367691205,4.073946358040814e-08,3.9128044374003856e-08
559544184.2063541,-0.3128083540015055,-0.016352244240064807,1.5636519196116083e-07,1.2885705564721905e-07
559544257.2143542,-0.3128086048509233,-0.01635226644390925,2.2119392739661237e-07,7.698980236323094e-08
559544330.2223542,-0.3128089806264287,-0.016352100599869305,1.6107592926140057e-07,2.132149631815794e-07
559544403.1439542,-0.3128093898117068,-0.016352109807252338,6.715386935418621e-08,1.7446830601064445e-07
559544476.1519542,-0.31280960256846396,-0.01635215300544821,1.700129912407533e-07,1.0174054468001237e-07
559544549.1599542,-0.3128100946575662,-0.016352211878447636,-6.48123749114049e-09,1.3382816594492697e-08
559544695.1759542,-0.31281059073725204,-0.016352148438894137,1.2856533171401452e-07,1.7987831075344518e-08
559544768.1839552,-0.31281098098828075,-0.016352055303679374,5.3845451153389234e-08,8.177343953710836e-08
559544842.1423552,-0.3128111855199369,-0.016351965500866587,1.6893054394229168e-07,1.418907136299663e-07
559544915.1503552,-0.31281152147201563,-0.016352004984104093,1.48466250682322e-07,7.314905399458116e-08
559544988.1583551,-0.31281174302420994,-0.0163519186371672,2.4238012552579846e-07,1.3028301928952324e-07
559545061.1663542,-0.3128121563219744,-0.016351994345224656,1.44526593581773e-07,2.5407543353950235e-08
559545207.1823552,-0.31281267972420085,-0.016351846163316166,2.5194688146878974e-07,1.1539167924304317e-07
559545280.1903541,-0.3128132298785636,-0.016351875785199168,1.7170555755008365e-08,5.673964706756629e-08
559545353.1983552,-0.31281342624611824,-0.016351747387948458,1.3615875116279597e-07,1.5615270784058444e-07
559545426.2063552,-0.3128137045399335,-0.01635187366258008,1.7319827044781633e-07,9.399485460803714e-10
559545499.2143542,-0.3128140599966037,-0.016351752942376292,1.3305240442740285e-07,9.276818862397063e-08
559545572.2223542,-0.31281441256206777,-0.01635173834161998,9.57751102870219e-08,7.85232457736762e-08
559545645.1439551,-0.31281477033947924,-0.016351774048258928,5.289003757180666e-08,1.4051328444536493e-08
559545718.1519542,-0.3128148176956692,-0.01635177545532047,3.207764211476949e-07,-1.6108652255847344e-08
559545791.1599542,-0.31281564040284987,-0.01635163469158848,-1.8671116053248227e-07,9.594872954835076e-08
559545864.1679542,-0.31281559229339195,-0.016351612611103808,1.7659480561205143e-07,8.936953470317643e-08
559545937.1759552,-0.31281583092704635,-0.016351624126708812,2.5313446005981177e-07,4.924102143394338e-08
559546010.1839541,-0.3128160891262856,-0.01635156984532888,3.10085207011479e-07,7.495636716176035e-08
559546229.2079551,-0.3128170369423908,-0.016351524253639803,3.0757808561210354e-07,3.513220118295246e-08
559546302.2159551,-0.31281780419017036,-0.016351437895117647,-1.446140650007699e-07,9.311319123725403e-08
559546375.2239541,-0.31281819855365744,-0.016351411260803722,-2.2394579246576285e-07,9.141735116124927e-08
559546448.1455541,-0.3128180983440718,-0.01635148941237654,1.9089880820555294e-07,-1.4983455053074746e-08
559546522.1903551,-0.3128182732933457,-0.016351422331969897,3.354062450555695e-07,2.3461168511401675e-08
559546595.198354,-0.31281878268805896,-0.016351353388285285,1.409707329758092e-07,6.42180573370843e-08
559546668.2063551,-0.31281922296208603,-0.016351381220823833,1.5631618388578516e-08,8.246503448855469e-09
559546741.214355,-0.3128196723778574,-0.01635124264164495,-1.1887364942397838e-07,1.1873454913366444e-07
559546814.222354,-0.31281975864083883,-0.016351338134439567,1.097493589341525e-07,-4.801396839143601e-09
559546887.143954,-0.3128201374294061,-0.016351254984634928,4.544956638818931e-08,5.0386439503363745e-08
559546960.151954,-0.3128202642692436,-0.01635116582376207,2.3344641486566786e-07,1.116003671593202e-07
559547179.175955,-0.3128212380230825,-0.016351182956399143,2.040532668390327e-07,1.0916981766501133e-08
559547252.183954,-0.312821605349224,-0.016351109791602796,1.514638806598967e-07,5.632855728035513e-08
559623422.164751,-0.31314974890545333,-0.016352099245729675,2.2193229531897174e-07,1.8155480307341376e-07
559625282.18395,-0.3131589565815604,-0.016352988343764287,-3.8228259086059424e-07,-9.139575139066602e-08
559625437.18555,-0.3131592473136047,-0.016352899640549506,4.532476316487788e-08,4.97616705896764e-08
559630863.1919497,-0.31318452651195966,-0.01635476266169912,3.201686027409778e-08,1.3554771814694444e-07
559630952.1839497,-0.31318504070541375,-0.0163546865102113,-6.603024271800706e-08,2.455517018849773e-07
559631107.1855497,-0.3131859018422861,-0.01635509123193646,-2.0222299929040233e-07,-1.000567836362265e-07
559631262.1871507,-0.3131865263190845,-0.01635507441542172,-1.016015507282475e-07,-2.3935058376250984e-08
559631417.1887507,-0.3131871546162848,-0.01635525537220731,-4.647723650386126e-09,-1.453941345409826e-07
559792611.1631426,-0.31405307204246535,-0.016458795249878293,5.916570050557013e-08,8.84047031760038e-09
559792753.2047426,-0.31405443907144925,-0.016458990971610098,-4.5211653770804716e-07,-1.3481183893521154e-07
559792910.1935426,-0.31405505936252387,-0.016458813319821537,-1.2651983660738608e-07,1.0015147159855853e-07
559792979.1407436,-0.31405556712671373,-0.016458514301366526,-2.1883460471494587e-07,4.242616812831501e-07
559793048.1743436,-0.31405580709938236,-0.01645898168987212,-4.281963411623124e-08,-1.8051666359625296e-08
559793525.1887436,-0.31405857539193893,-0.016459059969238306,6.378142047847035e-08,7.562431208335552e-08
559793594.2223436,-0.3140592725234599,-0.01645936990871921,-2.1722989462791276e-07,-2.0961915003434028e-07
559793663.1695426,-0.31405938940361944,-0.016459332098900426,8.150520824923291e-08,-1.471919229174834e-07
559793732.2031426,-0.3140599568363422,-0.01645923399671033,-6.977573546729232e-08,-2.44892040951461e-08
559793801.1503437,-0.3140605828365266,-0.0164593530033131,-2.801295017618166e-07,-1.1897370362848325e-07
559793939.2175426,-0.31406118881350764,-0.01645938585818163,-5.372623707033952e-08,-1.028658935808835e-07
559794008.1647426,-0.314061792632706,-0.01645884779982342,-2.418537645709762e-07,4.5957182693429077e-07
559794077.1983436,-0.31406213371353336,-0.016458843239436808,-1.6670728775203258e-07,4.884945641291105e-07
559794215.1791426,-0.3140626059440992,-0.016459193661984135,1.930391265725362e-07,1.8662373256136955e-07
559794284.2127426,-0.3140631592664772,-0.01645968368800946,5.59870054206435e-08,-2.7918245618444026e-07
559794491.1407436,-0.31406449906025596,-0.016459455255205424,-3.5955296351364296e-08,2.1565055186023585e-08
559794559.2239426,-0.3140652422904519,-0.016459499586368973,-3.6859245494680337e-07,9.337257321495596e-10
559794697.2047436,-0.3140655039851134,-0.0164597743910782,2.0188018362565785e-07,-2.2598082898700467e-07
559794766.1519426,-0.3140661776370768,-0.01645976354134818,-5.5929501197038434e-08,-1.9127175091351867e-07
559794835.1855425,-0.31406668295082596,-0.016459722586206423,-1.4486732119456391e-07,-1.2647453906042272e-07
559794904.2191435,-0.3140671299455187,-0.016459238845321914,-1.7547372904713754e-07,3.810612457209872e-07
559794973.1663425,-0.3140675499667408,-0.01645950067968249,-1.7961568860025423e-07,1.429449590951981e-07
559795042.1999425,-0.31406776645971884,-0.016459647278690058,2.030369639083318e-08,2.0046680239416137e-08
559795111.1471425,-0.3140682596614952,-0.016459784444220454,-5.6995154373851165e-08,-9.349475525374795e-08
559795180.1807435,-0.31406873974584293,-0.01645960702978127,-1.2064384580234844e-07,1.0752639074268489e-07
559795249.2143425,-0.3140689746580925,-0.01645960962311536,6.089090093253091e-08,1.2849277837914674e-07
559795318.1615435,-0.31406969731750367,-0.016459924751423355,-2.458315818132384e-07,-1.6315215214945944e-07
559795387.1951425,-0.31407015597845245,-0.01645980864958306,-2.880234453717101e-07,-2.358438642990901e-08
559795456.1423435,-0.31407043759427716,-0.016459980795345844,-1.5368068001508917e-07,-1.7234037442970251e-07
559795525.1759425,-0.31407080780594926,-0.016459801573392684,-1.0740197858849498e-07,3.025386084015702e-08
559795663.1567435,-0.3140713696312743,-0.01645959562504564,1.6326301377489472e-07,2.827773269778455e-07
559795801.2239435,-0.3140726578200571,-0.016459713766365326,-2.918743930990786e-07,2.1105348870648077e-07
559795870.1711425,-0.31407261172084633,-0.0164599793751443,1.7024358683892515e-07,-3.1445454445194754e-08
559795939.2047435,-0.3140730577671121,-0.01645979504375895,1.4074676846220768e-07,1.759781594785903e-07
559801167.1823432,-0.3141046475627428,-0.016461958817167336,1.0851169790493387e-07,-3.711258254636418e-07
559801374.1967432,-0.31410606929394747,-0.01646138177568136,-6.37746663811889e-08,2.647089729530816e-07
559801604.1935432,-0.31410736944472095,-0.01646173629011169,2.4158957501185796e-08,-2.4937423986903795e-08
559801742.1743423,-0.31410821373645414,-0.01646191197574751,1.2574378760454863e-08,-1.619348986882374e-07
559801811.2079422,-0.3141084444421871,-0.01646165925903621,1.9847127796790431e-07,1.1007405508259294e-07
559801949.1887432,-0.31410931856581636,-0.016461586550920147,1.5700722710842996e-07,2.2121494566360034e-07
559802087.1695422,-0.31411023488667134,-0.016461559355703623,7.331224854967289e-08,2.866732275695616e-07
559802156.2031432,-0.3141108642387249,-0.016461724193486977,-1.3947930921354157e-07,1.4091539183788693e-07
559802225.1503433,-0.31411100149170534,-0.01646173567028828,1.392978417613655e-07,1.4845241193967018e-07
559802363.2175423,-0.3141118801714019,-0.016461881407655914,9.369323994423695e-08,4.066362369742338e-08
559802432.1647432,-0.31411237627426164,-0.01646191245832117,1.3592317438249069e-08,2.850032544340908e-08
559802501.1983422,-0.3141126498306096,-0.016462234820997148,1.565494001098955e-07,-2.74993407902574e-07
559802570.1455423,-0.31411331406905213,-0.01646191835652456,-9.17068821992828e-08,6.027440446060295e-08
559802639.1791422,-0.3141136392816867,-0.01646198855238343,-4.2626707719151113e-10,8.86346032333285e-09
559802708.2127433,-0.31411398506593685,-0.016461787951767125,7.027234699696905e-08,2.282070289301441e-07
559802777.1599423,-0.31411455890578815,-0.016461912779387137,-8.76164745755581e-08,1.2205707122445175e-07
559802984.1743432,-0.3141156843099108,-0.016462014262982064,3.5809607945580524e-08,7.640259495900192e-08
559803053.2079432,-0.3141158614567795,-0.01646191482739688,2.750907514004197e-07,1.9437220623308438e-07
559803122.1551433,-0.31411668937902554,-0.01646191891771646,-1.36936201822202e-07,2.0875114477639234e-07
559803812.1455432,-0.3141207450969919,-0.016462094695132073,-3.12513124822722e-08,2.1552839854499517e-07
559803950.2127432,-0.31412144327535085,-0.016462294041934524,1.0311000470109022e-07,5.2216466071147716e-08
559804295.2079421,-0.3141234274867064,-0.016462738329540465,1.9895708291972625e-07,-3.0274447425024387e-07
559804433.1887422,-0.3141241228097802,-0.016462440495714367,3.354497729590733e-07,3.053056958635114e-08
559804502.2223421,-0.31412495458707895,-0.016462736764211963,-8.018214203708851e-08,-2.480671243004773e-07
559804640.2031431,-0.3141253587357052,-0.016462375651621234,3.4739241316916747e-07,1.4824349403239068e-07
559804778.1839421,-0.3141266667414369,-0.016462202332251912,-1.2895371986898496e-07,3.5659932197742994e-07
559809359.716742,-0.3141540414554576,-0.016463805202554724,6.526857931898888e-08,-1.7189429410771617e-07
592280600.3183185,-0.27892254596001526,-0.017483333287590174,1.8989983130435206e-07,1.6040909194339759e-07
592280651.2943186,-0.27892307628275037,-0.01748347957788268,-5.810986603016488e-08,3.4834442417391864e-08
592280676.3503186,-0.2789231428646721,-0.01748345176867478,1.407501415418011e-08,7.28175003003595e-08
592280753.2463186,-0.2789238145299764,-0.017483749190122175,-2.3170849589027043e-07,-1.9341536093564482e-07
592280779.1663185,-0.2789235610463735,-0.0174833296485197,1.6533456215217512e-07,2.366274900779397e-07
592280804.2223195,-0.2789240060969873,-0.017483459012992638,-1.409401040874947e-07,1.1740859196321396e-07
592280830.1423196,-0.2789241392608297,-0.0174834033945925,-1.3054077269147868e-07,1.8351658973708718e-07
592280855.1983196,-0.2789242058427524,-0.01748337558539273,-5.8343178899189496e-08,2.214601051153675e-07
592280881.1183195,-0.2789244429688473,-0.017483381627962192,-1.5190242336204918e-07,2.2589548993520725e-07
592280907.0383185,-0.2789246135130179,-0.017483415479733838,-1.788778949962655e-07,2.0251575463814397e-07
592280932.0943185,-0.2789245948228542,-0.017483370744651425,-2.1402897898425977e-08,2.5736818290086894e-07
592280958.0143195,-0.2789248775080033,-0.01748367300692183,-1.6051572149233806e-07,-3.4433681850298825e-08
592280983.0703195,-0.2789249919816788,-0.017483572653452618,-1.3620108862966163e-07,7.602589309138597e-08
592281008.9903185,-0.278925058563599,-0.017483544844259968,-5.920712037310594e-08,1.1428386669301571e-07
592281034.0463185,-0.2789252851782471,-0.017483712901293268,-1.4703002493288153e-07,-4.3678293447368954e-08
592281059.9663196,-0.2789254370322451,-0.0174837020179972,-1.5530458985502094e-07,-2.2357831804681316e-08
592281085.8863186,-0.27892561808784255,-0.017483573855347313,-1.927789847200323e-07,1.1623607949415304e-07
592281110.9423186,-0.2789256659796023,-0.017483501311075695,-1.0187389393179203e-07,1.9885829425844714e-07
592281136.8623195,-0.27892572205008026,-0.017483635516328505,-1.435968749463612e-08,7.507269925155491e-08
592281161.9183185,-0.2789258365237596,-0.01748353516287119,9.96681426279622e-09,1.854928855724025e-07
592281187.8383195,-0.2789260549596777,-0.017483496470399963,-6.488098830415012e-08,2.3459341810111445e-07
592281213.7583195,-0.2789264229168476,-0.017483815658618226,-2.892483203509322e-07,-7.419263258964803e-08
592281238.8143185,-0.27892641473813984,-0.017483608909094735,-1.4226447475618187e-07,1.4260671876015207e-07
592281265.5983186,-0.2789265560806828,-0.01748376004025624,-1.352273414911842e-07,2.212391343042741e-09
592281289.7903185,-0.2789266518642074,-0.01748361495172473,-9.698895658827311e-08,1.569933053072181e-07
592281316.5743185,-0.27892676633789026,-0.017483514598280427,-6.307952554740481e-08,2.6807162126565864e-07
592281342.4943185,-0.2789271050934227,-0.017483951065876264,-2.582367927272955e-07,-1.5802304783110732e-07
592281367.5503196,-0.2789270595344172,-0.01748365484618018,-7.386454176083745e-08,1.4821822071423019e-07
592281393.4703195,-0.27892723007855913,-0.01748368869800269,-1.0080715401317164e-07,1.2472776019303855e-07
592281418.5263186,-0.27892760854714066,-0.017483845871832493,-3.4045936542215216e-07,-2.2435673097120912e-08
592281444.4463185,-0.27892763774875506,-0.017483728592485204,-2.2605622662652536e-07,1.0519347987125727e-07
592281470.3663195,-0.2789278082928912,-0.017483762444318644,-2.529939803208592e-07,8.168557925208875e-08
592281495.4223195,-0.27892776273390846,-0.017483466224619274,-6.861396706359102e-08,3.8789883238452005e-07
592281521.3423195,-0.27892794145672517,-0.017483706825979058,-1.037272459036842e-07,1.5762986065731566e-07
592281546.3983195,-0.27892790407642576,-0.01748361735580241,7.247712019431418e-08,2.5708243532596153e-07
592281572.3183185,-0.27892829072366854,-0.01748398127918309,-1.7055746959204754e-07,-9.652009429206299e-08
592281597.3743185,-0.27892819727292456,-0.017483757603739443,6.172033734097582e-08,1.371265994018489e-07
592281623.2943195,-0.2789283865072022,-0.01748383619067314,1.6101802946533184e-08,6.884898932218997e-08
592281648.3503195,-0.278928548872658,-0.017483663292998955,-7.433633097964076e-09,2.517067733548428e-07
592281674.2703185,-0.27892867970368723,-0.017483976438625193,5.354107657229434e-09,-5.114105049511264e-08
592281700.1903195,-0.2789286715250146,-0.017483769689103826,1.5715309059638471e-07,1.6590041927722066e-07
592281725.2463195,-0.27892895654282723,-0.01748370318754416,1.0969682273653802e-08,2.423452991097419e-07
592281751.1663185,-0.2789289460313471,-0.017483865201975934,1.6510443734407687e-07,9.061130694723585e-08
592281776.2223185,-0.27892916446723987,-0.01748382650958452,8.550580576915934e-08,1.3923589786690727e-07
592281802.1423196,-0.2789292497392994,-0.017483843435516077,1.4385996710553073e-07,1.325789068980232e-07
592281828.0623195,-0.2789294494850476,-0.017483760008041426,8.774191023741551e-08,2.262694772554863e-07
592281853.1183186,-0.2789295347571069,-0.017483776933975452,1.4131134090655806e-07,2.192589821439772e-07
592281879.0383195,-0.278929694789735,-0.017483972800276075,1.249092821398179e-07,3.364429019409032e-08
592281904.0943185,-0.278929969296045,-0.01748406831317943,-1.0752780998934952e-08,-5.196427469919551e-08
592281930.0143185,-0.27892999849767713,-0.017483951033842288,1.0367898234386885e-07,7.555519118684906e-08
592281955.0703195,-0.2789301690417868,-0.017483984885721997,7.198184809320551e-08,5.159655769998439e-08
592281980.9903195,-0.2789303395858946,-0.01748401873760502,4.5073925869498765e-08,2.797333259821344e-08
592282006.0463195,-0.27893035827603435,-0.017484063472697514,1.652334327695293e-07,-6.879598807296716e-09
592282031.9663185,-0.27893066198396604,-0.01748404170628749,5.164430549875476e-09,2.5104005641624072e-08
592282057.8863186,-0.2789306911856035,-0.017483924426953578,1.196031104711004e-07,1.5259470885833903e-07
592282082.9423195,-0.27893086172970744,-0.0174839582788466,8.791262184892901e-08,1.286082714005432e-07
592282108.8623185,-0.27893107783271887,-0.01748428835044977,1.5452608803645518e-08,-1.9126341330513719e-07
592282133.9183195,-0.27893127757845215,-0.017484204923019497,-4.543693182812447e-08,-9.798159217311309e-08
592282159.8383185,-0.2789313067800934,-0.017484087643688122,6.900707100188086e-08,2.9486215708668384e-08
592282185.7583185,-0.27893135467187025,-0.017484015099451754,1.647622735467813e-07,1.1221311412359936e-07
592282210.8143195,-0.2789315731077448,-0.017483976407122553,8.5186404263915e-08,1.6074315841232978e-07
592282237.5983186,-0.27893184761401935,-0.017484071920084426,-4.088197158580442e-08,7.574036971561005e-08
592282261.7903196,-0.2789319141959314,-0.01748404411094672,2.6610258330173053e-08,1.1303723691097334e-07
592282288.5743195,-0.2789319328860643,-0.01748408884604208,1.5636065531232646e-07,7.880051328124082e-08
592282314.4943185,-0.27893216183345304,-0.017483888139303804,7.106668503675806e-08,2.896610649012754e-07
592282339.5503185,-0.2789321781906829,-0.017484301638342113,1.935756352433593e-07,-1.140281351320882e-07
592282365.4703195,-0.27893244451832727,-0.017484190401803636,7.090390008457348e-08,7.350808926831487e-09
592282390.5263186,-0.27893268164432233,-0.017484196444598657,-2.735354331928619e-08,1.1106827887963355e-08
592282416.4463185,-0.27893274822623293,-0.017484168635467597,4.972288752957965e-08,4.904696431634603e-08
592282441.5023196,-0.2789328253196693,-0.017483978811915348,1.1150035106322065e-07,2.486583151363464e-07
592282467.4223195,-0.27893309749299594,-0.017484443088854777,-1.701223711902955e-08,-2.0549901025637696e-07
592282493.3423195,-0.2789331372061753,-0.0174841637951115,8.693652497893112e-08,8.390855768536376e-08
592282518.3983185,-0.2789333264403788,-0.017484242382150288,3.657666003409332e-08,1.509271519567479e-08
592282544.3183196,-0.2789333930222896,-0.01748421457302402,1.1365903140880818e-07,5.3004287899754976e-08
592282569.3743185,-0.27893349931739403,-0.017483907470156566,1.4624050193035032e-07,3.6986735599958687e-07
592282595.2943186,-0.2789336967301843,-0.017484192806721685,9.249428217783517e-08,9.462186663367067e-08
592282620.3503195,-0.27893398992653956,-0.01748433305484823,-6.182328970982809e-08,-3.587704536581193e-08
592282646.2703196,-0.2789340004380764,-0.017484171040430197,7.133399637648807e-08,1.362170866207879e-07
592282672.1903185,-0.2789341896722676,-0.01748424962748753,2.576975094426004e-08,6.770396896935149e-08
592282697.2463195,-0.27893420836239097,-0.017484294362586906,1.459616506549466e-07,3.2701525830985956e-08
592282723.1663185,-0.27893449104719376,-0.017484596625146093,6.94898444342229e-09,-2.594984425952074e-07
592282748.2223195,-0.2789345307603975,-0.01748431733141309,1.0611990036712982e-07,2.951698030440042e-08
592282774.1423196,-0.27893476788636856,-0.017484323374265514,1.2668220750189363e-08,3.352537882375661e-08
592282799.1983196,-0.2789348052666105,-0.01748441284446632,1.1417415052283886e-07,-4.6234090875230116e-08
592282825.1183186,-0.27893501552388617,-0.01748416740270918,4.759326815984011e-08,2.0924758493967577e-07
592282851.0383196,-0.2789351568662725,-0.01748431853400134,4.9928342293892314e-08,6.815045383926077e-08
592282876.0943196,-0.2789351486877074,-0.01748411178448407,1.9699610731560568e-07,2.8459418786874746e-07
622953637.2047211,-0.23496699859787312,-0.01845556860805109,-2.8927494352681826e-07,6.08586693227886e-08
622953847.1567211,-0.23496763317020905,-0.018455621596011704,5.5333990445216585e-08,-1.5425117654011e-07
622953882.1487211,-0.23496784782472094,-0.018455330922849362,3.8477054598029525e-09,1.0940878190576764e-07
622953917.1407211,-0.2349681681601469,-0.018455290340164455,-1.533277210197248e-07,1.22980327265515e-07
622953952.2191211,-0.2349682491987201,-0.018455519261690253,-7.081170419476202e-08,-1.3301694795284091e-07
622953987.2111211,-0.23496824607997616,-0.01845528900326938,9.545051726789211e-08,7.023450447965485e-08
622954022.2031201,-0.23496851148411158,-0.018455508463989176,-6.81841963445784e-09,-1.762310816583179e-07
622954058.1455201,-0.23496902827289012,-0.018455227001550105,-3.560497935095608e-07,7.7495225576929e-08
622954093.2239211,-0.23496889863492917,-0.0184553659734875,-6.289069504061828e-08,-8.854394716040215e-08
622954128.215921,-0.23496888653229328,-0.018455281613474178,1.1232198057764542e-07,-3.118235866739205e-08
622954163.207921,-0.234969435184247,-0.01845514984691929,-2.7322827075848544e-07,7.358792256106916e-08
622954233.1919211,-0.23496973098660504,-0.018455051207564726,-2.428522977160341e-07,1.1824123415452026e-07
622954268.1839211,-0.23496975951251406,-0.018455044420549193,-1.0830161001340599e-07,9.803850502601574e-08
622954303.1759201,-0.23496984443463861,-0.018455245386119857,-3.0155542118937007e-08,-1.2991460828296053e-07
622954338.1679211,-0.2349701864177347,-0.018455274605251763,-2.0907885231458145e-07,-1.8611907082535795e-07
622954373.159921,-0.23497012303403467,-0.018455180329200915,1.7356197701268172e-08,-1.1882612372879353e-07
622954408.151921,-0.23497054515191543,-0.018455102014058918,-2.417187799363951e-07,-6.749184683005338e-08
622954443.143921,-0.2349704609002095,-0.018454995500857423,5.567366262448914e-09,1.2042740655388018e-08
622954479.1727201,-0.2349704532423087,-0.018455014525019898,1.8108149418827324e-07,-3.47570360721694e-08
622954514.16472,-0.23497106139436352,-0.01845500499057316,-2.6405334466184094e-07,-5.219659591701453e-08
622954549.15672,-0.234970898224627,-0.01845491602517448,6.212509723324544e-08,9.797085236823433e-09
622954654.2191211,-0.2349714719707524,-0.018454973655597756,-2.224370959647004e-08,-1.288012088929147e-07
622954689.2111211,-0.23497156553419513,-0.018454823607097444,4.7167332817288354e-08,-5.715138647055529e-09
622954724.2031211,-0.23497199886574527,-0.01845480897519723,-2.2319832118644634e-07,-1.8043316604710036e-08
622954759.1951201,-0.23497213006306764,-0.018454785132510625,-1.9143835727764014e-07,-2.1158343171262528e-08
622954794.1871201,-0.2349722990035372,-0.018454850607865118,-1.9743015688966636e-07,-1.1358903429306566e-07
622954829.1791201,-0.2349722528228188,-0.018454722749382323,1.1690594575730628e-08,-1.2683498706173024e-08
622954864.17112,-0.2349726433108618,-0.018454736741907108,-2.158660676598867e-07,-5.3626568397718843e-08
622954899.1631211,-0.2349725529606087,-0.018454764382057863,3.740690288078774e-08,-1.082148497685842e-07
622954934.15512,-0.23497276207774875,-0.018454739202518704,-8.796213923911722e-09,-1.0998101205791921e-07
622954970.1839211,-0.23497295587908107,-0.01845475207130424,-3.486552138665111e-08,-1.5059134199010837e-07
622955005.1759211,-0.23497324458464122,-0.018454803796356726,-1.6067472799474736e-07,-2.292571310048841e-07
622955040.1679201,-0.2349733098407463,-0.018454586759341352,-6.30432158699179e-08,-3.9158385024135045e-08
622955075.1599201,-0.234973495532342,-0.01845445042438707,-8.585593819221415e-08,7.024077721545785e-08
622955110.1519201,-0.23497386326521444,-0.018454447713901728,-2.90718701473347e-07,4.601796207981401e-08
622955180.2223201,-0.2349740935928964,-0.018454639887225295,-1.9493042610618794e-07,-2.0008092439099956e-07
622955215.2143201,-0.23497423432057793,-0.018454285707323673,-1.7281440725658292e-07,1.2717323315258877e-07
622955250.20632,-0.23497438039658883,-0.01845437136742296,-1.560555454860335e-07,1.4589931752323482e-08
622955285.19832,-0.23497442035471658,-0.018454354488065948,-3.318764413284825e-08,4.548641720225621e-09
622955320.19032,-0.2349747020727324,-0.01845451968969183,-1.5208849046821626e-07,-1.8757106370545507e-07
622955355.1823201,-0.23497477277176557,-0.01845438982593231,-5.997922875033979e-08,-8.462280334797789e-08
622955390.1743201,-0.23497512462771933,-0.018454293823669362,-2.4903577952595235e-07,-1.5533446303533927e-08
622955425.166321,-0.2349751436085632,-0.01845430159492567,-1.0522612334251669e-07,-5.021500326662931e-08
622955461.195121,-0.23497518890031094,-0.01845440877658506,1.708672300870795e-08,-1.8510156835765956e-07
622955496.187121,-0.23497544318523358,-0.018454211887546302,-7.44258315255042e-08,-1.5117501184908066e-08
622955531.179121,-0.23497555895745195,-0.01845426298099005,-2.7434637006606977e-08,-9.311327174230111e-08
622955566.1711211,-0.23497567306108244,-0.0184542358329951,2.121617417860655e-08,-9.286494639590415e-08
622955601.1631211,-0.23497595687014036,-0.018454015946038498,-9.984743026825171e-08,1.001250111327956e-07
622955671.1471201,-0.23497634713957385,-0.018454103714243393,-1.6465298732781797e-07,-4.1429128801173665e-08
622955706.139121,-0.2349765478191462,-0.018454039994336886,-2.0261416011635447e-07,-4.598134279582e-09
622955741.2175211,-0.23497670787023178,-0.018453898701409704,-1.9955416136197002e-07,1.0974222139359391e-07
622955776.2095201,-0.23497669688979647,-0.01845407702167018,-2.587347666671569e-08,-9.546148654893116e-08
622955811.2015201,-0.23497689479327888,-0.018453988159032472,-6.108578834429501e-08,-3.347954961874233e-08
622955847.1439201,-0.23497709857680665,-0.01845383891857043,-9.776884687950904e-08,8.815299247164066e-08
622955882.2223201,-0.23497729049095942,-0.01845384732153709,-1.2660864212588052e-07,5.2808579183161175e-08
622955917.2143201,-0.23497750516026314,-0.018453872427573462,-1.786143924709105e-07,8.30244425292781e-10
622955952.2063211,-0.23497749672270962,-0.01845383388712643,-7.522428624451294e-09,1.2501191720692972e-08
622955987.1983211,-0.2349775738628783,-0.018453774985700028,7.7982643925667e-08,4.453593124842392e-08
622956022.1903211,-0.23497787721386218,-0.018453694210199562,-6.27322787050133e-08,9.844757035623597e-08
622956057.1823211,-0.23497788055100777,-0.018453850693078352,9.655744098724384e-08,-8.489633183950129e-08
622956092.1743201,-0.23497818756700545,-0.018453815737161428,-4.7840907735352545e-08,-7.67985866012566e-08
622956127.1663201,-0.2349784340847565,-0.01845367476012417,-1.317502337505605e-07,3.732314223306443e-08
622956162.1583201,-0.23497850423736144,-0.01845372933523266,-3.930365771731559e-08,-4.410439764443441e-08
622956197.15032,-0.23497874997547796,-0.018453530793599817,-1.2245185349035737e-07,1.2758769371915002e-07
622956232.1423211,-0.23497879993042856,-0.018453667583916308,-9.826154584446911e-09,-3.6049262127496595e-08
622956267.2207211,-0.23497895854613018,-0.018453690053030443,-5.469104585875684e-09,-8.542837626884792e-08
622956302.21272,-0.23497903401773737,-0.01845355291017608,8.162130410438451e-08,2.487369227949232e-08
622956337.2047211,-0.2349794748978326,-0.018453556142211478,-1.9670608958355373e-07,-5.196188843786809e-09
622956372.1967201,-0.23497955149152766,-0.0184536816796401,-1.1075643294167214e-07,-1.5756850666598377e-07
622956408.2255199,-0.23497970566257867,-0.018453600764587873,-9.757780619623624e-08,-1.0428035098625221e-07
622956443.21752,-0.23497981942376003,-0.018453368500965923,-4.881463802619557e-08,1.011544182687174e-07
622956478.20952,-0.234980068841451,-0.018453531557919286,-1.3571736931505818e-07,-8.872839373993968e-08
622956513.2015209,-0.23498014886700552,-0.018453460911484428,-5.3237364738834e-08,-4.4904810821144725e-08
622956548.1935209,-0.23498024021548533,-0.01845341706047027,1.791028886310997e-08,-2.7873627465174744e-08
622956583.185521,-0.23498063914098452,-0.018453469593753533,-2.185285136180326e-07,-1.0722370817617399e-07
622956618.177521,-0.23498057508705006,-0.01845328086527012,8.002663531847531e-09,5.469102424063288e-08
622956653.169521,-0.2349809292818822,-0.018453357557022515,-1.837243956137602e-07,-4.8811419822714086e-08
622956688.16152,-0.23498106547032718,-0.018453252659792828,-1.5745455722582236e-07,2.9278191517045915e-08
622956723.15352,-0.23498110232447555,-0.018453321301026733,-3.18599195636704e-08,-6.616757564775755e-08
622956758.14552,-0.23498133907856955,-0.018453268657848042,-1.0617474535679072e-07,-4.032583180574312e-08
622956793.223921,-0.23498140500512896,-0.018453146073262896,-9.270516215797997e-09,5.539426492853772e-08
622956828.2159209,-0.23498168861015503,-0.0184533157409841,-1.3045538113654054e-07,-1.4106864678481434e-07
622956864.1583209,-0.23498182068188425,-0.01845299679628439,-9.570549683313168e-08,1.5035635906809897e-07
622956899.150321,-0.23498194677875034,-0.018453090896154278,-5.9401609658893406e-08,2.9467673568622788e-08
622956934.142321,-0.23498204300907202,-0.018453002878264388,6.75922270931828e-09,9.069991264987198e-08
622956969.2207199,-0.2349825527155722,-0.018453187559801604,-3.4016481259557807e-07,-1.2083022257747267e-07
622957004.2127199,-0.23498249343420555,-0.01845299155218287,-1.1851156100917137e-07,4.839812157986234e-08
622957039.204721,-0.23498266504134852,-0.018453119058215808,-1.2775646077156644e-07,-1.0588398293917556e-07
622957074.196721,-0.23498259998921942,-0.018452946540652746,9.964824349006918e-08,3.986072663261786e-08
622957109.18872,-0.23498310492316826,-0.018453138501341556,-2.42942813533098e-07,-1.7886958469590097e-07
622957144.18072,-0.23498312911376348,-0.01845299144241937,-1.0480020745662344e-07,-5.857704228964811e-08
622957179.17272,-0.23498315796758962,-0.01845287399214022,2.866945633672735e-08,3.2110113588890155e-08
622957214.1647199,-0.23498329816343422,-0.01845302003018867,5.078737458363847e-08,-1.4068778853015829e-07
622957249.1567199,-0.2349835470200546,-0.01845305174708837,-3.5765226252815197e-08,-1.9916125896385362e-07
622957284.1487199,-0.23498348563293675,-0.018452925049095365,1.8791615172264464e-07,-9.921654044522943e-08
622957320.177521,-0.23498375535754418,-0.018452969003175678,8.528431388876712e-08,-1.707131279220231e-07
622957355.169521,-0.23498385891786547,-0.018452972624454105,1.439983955131563e-07,-2.0108095066112552e-07
622957390.161521,-0.23498410643387319,-0.01845281543662792,5.874698255636801e-08,-7.063633278986403e-08
622957460.14552,-0.23498432199204566,-0.018452861219644793,1.6768850680248804e-07,-1.6989570478589955e-07
622957495.22392,-0.23498435006627105,-0.018452686204766828,3.0224992381144844e-07,-2.1679951296010858e-08
622957565.20792,-0.2349848004913785,-0.018452674878788555,1.7626528256431406e-07,-6.381001861274771e-08
622957670.183921,-0.2349852895484399,-0.018452773547749598,1.7379460182098683e-07,-2.42637400667961e-07
622957846.18072,-0.23498616641221673,-0.018452508400305795,1.1251271034296018e-07,-1.1180906225871645e-07
622957881.17272,-0.23498624244485988,-0.01845250259764583,1.986053400071519e-07,-1.3270140472587677e-07
622957916.1647199,-0.23498656067440787,-0.01845253132517877,4.2491015456169734e-08,-1.8812040492380278e-07
622957951.1567199,-0.23498674304343248,-0.01845255428656938,2.2227148899212068e-08,-2.3776971451797135e-07
622957986.1487199,-0.23498707791500684,-0.01845241809158928,-1.5054934907055006e-07,-1.2825909180905204e-07
622958021.14072,-0.23498710056082242,-0.018452471682443263,-1.1110185077489731e-08,-2.0853072848700527e-07
622958056.2191199,-0.23498707502962027,-0.018452429836616158,1.768960544712428e-07,-1.9342796092614023e-07
622958091.21112,-0.23498724785356673,-0.01845246735626024,1.6613681935728764e-07,-2.5762118901692665e-07
622958126.203121,-0.23498737560451993,-0.018452323918665144,2.0044043577693849e-07,-1.4085356393050974e-07
622958161.1951209,-0.23498775121382734,-0.0184522284090057,-1.31244682344267e-08,-7.201024539854606e-08
622958196.1871209,-0.23498785798748575,-0.018452109621999276,4.213609930414641e-08,2.0114061419912455e-08
622958231.1791209,-0.23498811727805835,-0.01845214745760413,-5.5130440906880906e-08,-4.438058840566805e-08
622958267.20792,-0.23498828921308337,-0.018452164300430667,-6.025139404064461e-08,-8.866852379413315e-08
622958302.1999199,-0.2349882304927651,-0.01845209963291787,1.604722179859852e-07,-5.065259726932947e-08
622958337.1919199,-0.2349888357591737,-0.01845210184457259,-2.828011391453611e-07,-7.951214299473097e-08
622958372.1839199,-0.23498896329149432,-0.01845203218253133,-2.4835066603223765e-07,-3.6494284150201395e-08
622958407.175921,-0.23498888736817908,-0.018452001097404056,-1.0454826282479956e-08,-3.2049618268331637e-08
622958442.16792,-0.234989227682567,-0.018451952075744026,-1.8880698920975547e-07,-9.664683064264379e-09
622958477.15992,-0.2349891947120973,-0.018451855478525597,6.115404155293547e-09,6.029955842978829e-08
622958512.15192,-0.23498959685083598,-0.018451785603837905,-2.3408173324690473e-07,1.035450310667152e-07
622958547.14392,-0.2349895979583998,-0.018451732505140997,-7.32580333340227e-08,1.3001828812198024e-07
622958582.22232,-0.23498995082687837,-0.01845193607143796,-2.638058100301599e-07,-1.0023538781281371e-07
622958617.21432,-0.23498988976781757,-0.018451698710109658,-4.083623511563772e-08,1.1050810055576732e-07
622958652.206321,-0.2349901042183726,-0.018451797591946872,-9.338665651892342e-08,-1.4987762086970946e-08
622958687.198321,-0.23499022576126485,-0.018451825195505516,-5.303982197890633e-08,-6.92015165552895e-08
622958723.140721,-0.23499050158456536,-0.01845173499641598,-1.625872368127279e-07,-6.331368571782514e-09
622958758.219121,-0.2349907584270397,-0.01845163702604908,-2.5716145643506216e-07,6.497092479990085e-08
622958793.211121,-0.23499078406755422,-0.01845164198411976,-1.2094385470895475e-07,3.341433961814855e-08
622958828.203121,-0.23499104646214905,-0.018451594299241748,-2.2149079934030702e-07,5.4504585799558525e-08
622958863.19512,-0.23499119796650525,-0.0184514513538626,-2.1115799123117007e-07,1.7085923000037528e-07
622958898.18712,-0.234991432614773,-0.01845146802055092,-2.8397958801162915e-07,1.2760571560521683e-07
622958933.1791209,-0.23499165693838334,-0.018451441680882207,-3.4648703675643766e-07,1.2736247999647898e-07
622958968.171121,-0.2349916360704075,-0.018451429443690243,-1.6381343209692645e-07,1.1302070493379723e-07
622959108.2255199,-0.2349924121499613,-0.018451185818180466,-2.9237668786041837e-07,2.503043949157735e-07
622959143.21752,-0.23499240416402614,-0.01845131550562282,-1.2263803556011865e-07,9.405787762192808e-08
622959214.1519209,-0.23499285170365983,-0.018451315925030458,-2.423115632033124e-07,3.981130104052655e-08
622959284.2223209,-0.2349930682599961,-0.018451345497302988,-1.350382896891933e-07,-4.291619482357789e-08
622959319.2143209,-0.2349931937958428,-0.01845130825717665,-9.887501756233874e-08,-3.2214804140257014e-08
622959354.206321,-0.23499342278264726,-0.01845131152619436,-1.6617340686808646e-07,-6.201847321460341e-08
622959389.198321,-0.23499372912833946,-0.018451182118386825,-3.1084140422743545e-07,4.0858780789299054e-08
622959424.190321,-0.23499366186121953,-0.01845111579815136,-8.190732495028108e-08,8.065257387640523e-08
622959459.182321,-0.23499385744024034,-0.018451170021010137,-1.1583013784233209e-07,-9.260235286912e-11
622959494.1743209,-0.23499403180907635,-0.0184510068910122,-1.285535331796428e-07,1.365192159319406e-07
622959529.1663209,-0.23499405234903017,-0.0184511297915063,1.2541170657520695e-08,-1.289530603132416e-08
622959564.1583209,-0.23499434992920806,-0.0184510725065568,-1.2341514790681352e-07,1.7879780721957728e-08
622959599.1503209,-0.23499451464362667,-0.01845096082256977,-1.26516521647968e-07,1.030580832131478e-07
622959634.1423209,-0.2349945512790058,-0.018451103239380928,-1.549686240442938e-09,-6.58602204994807e-08
622959670.1711198,-0.23499491634497474,-0.018451038499158554,-2.0023656427392567e-07,-2.840232474557447e-08
622959705.1631198,-0.2349949536363997,-0.018450959589377716,-7.594780379593935e-08,2.4014512919889874e-08
623040589.2143171,-0.23534580482876624,-0.01841363984220803,3.496331302255129e-08,2.7968559555141548e-08
623040625.1567171,-0.23534604335850126,-0.01841362856134758,-4.572727782536923e-08,3.327588189716568e-08
623040660.148717,-0.23534630497937545,-0.018413839099685976,-1.5367760808349118e-07,-1.8306807315210394e-07
623040695.1407171,-0.23534640909014315,-0.018413658286188423,-1.041128819267989e-07,-8.050349459970407e-09
623040730.2191181,-0.23534650698824636,-0.018413648513292576,-4.7951088932851604e-08,-4.077650380546194e-09
623040765.2111181,-0.2353466368551746,-0.018413751549484512,-2.4132656178954548e-08,-1.1288988107510667e-07
623040800.2031181,-0.23534675428533958,-0.018413565110040057,1.2127446158416433e-08,6.778339317267679e-08
623040835.1951171,-0.23534688625993108,-0.018413598836802877,3.384800975614333e-08,2.8300337132775022e-08
623040870.1871171,-0.23534707506544958,-0.018413692767091958,-1.2574717378477374e-09,-7.137635974277523e-08
623040905.1791171,-0.2353472832927027,-0.018413646918533783,-5.577982445381657e-08,-3.1264315497603334e-08
623040940.1711171,-0.23534740227889162,-0.01841357560815678,-2.1056263954655208e-08,3.43194505418587e-08
623040976.1999171,-0.23534754335753144,-0.018413742327842823,-3.865739450770178e-09,-1.3828616790903525e-07
623041011.1919171,-0.23534760751013586,-0.01841357839220658,8.570120324513653e-08,1.9942982383558405e-08
623041046.1839181,-0.2353479269548796,-0.018413517144829136,-8.001918289091137e-08,7.549380260166161e-08
623041081.1759171,-0.23534802818566702,-0.018413663854669696,-2.752083044788023e-08,-7.690265757878678e-08
623041116.1679181,-0.23534812619409756,-0.0184136171940915,2.8204664104247712e-08,-3.591875318009752e-08
623041151.1599171,-0.23534841634071396,-0.018413820946548826,-1.0820327320248957e-07,-2.4533792937833643e-07
623041186.151918,-0.2353484163350402,-0.018413505168132872,4.554583640792309e-08,6.478373084511935e-08
623041221.1439171,-0.23534867440250973,-0.01841363299920467,-5.8773472477735567e-08,-6.86941244373851e-08
623041256.2223171,-0.23534879638471295,-0.018413513056244214,-2.662314879664507e-08,4.559812745094649e-08
623041291.214318,-0.23534912560115132,-0.018413679254047893,-2.0208198261983945e-07,-1.2622646526280756e-07
623041326.2063181,-0.23534911072575634,-0.01841356975093666,-3.3444296360096715e-08,-2.2340144619631408e-08
623041362.1487181,-0.23534935935817256,-0.01841367525220309,-1.2413329425475794e-07,-1.336003383825557e-07
623041397.1407171,-0.23534948111970552,-0.018413629084647304,-9.21230767780834e-08,-9.302927875265432e-08
623041432.2191181,-0.23534974151550742,-0.01841361383091847,-1.9836277309615014e-07,-8.337580329267902e-08
623041467.2111181,-0.2353497844696989,-0.01841354832048003,-8.753592048438286e-08,-2.3441778847915762e-08
623041502.2031181,-0.23534993864137796,-0.018413467411232898,-8.792193775808421e-08,5.1901096254081125e-08
623041537.1951171,-0.2353500190047144,-0.01841360188317966,-1.4495013661575129e-08,-8.812717168862894e-08
623041572.187118,-0.23535013532589993,-0.01841346854234268,2.2978657920891266e-08,3.966740339672592e-08
623041607.179118,-0.23535033844944028,-0.018413540635878762,-2.6345455372833726e-08,-3.7962326632917653e-08
623041642.1711181,-0.23535065279045964,-0.018413597330618307,-1.8688248773490734e-07,-1.0018318285370809e-07
623041677.1631181,-0.23535054012732515,-0.018413460712663234,7.958917805361843e-08,3.091874103272607e-08
623041712.1551181,-0.23535079486209806,-0.01841343206106822,-2.1332533017837108e-08,5.406439922833739e-08
623041747.1471171,-0.2353510404984669,-0.018413586194974532,-1.1315132875111544e-07,-1.0556534042749366e-07
623041783.1759171,-0.23535116792102168,-0.018413553425333254,-8.219404512566086e-08,-7.844380602028966e-08
623041818.1679181,-0.2353513379667501,-0.018413565808355046,-9.841307124780485e-08,-9.630212846958863e-08
623041853.1599171,-0.2353514153284415,-0.018413433134499897,-2.1943597161566686e-08,3.090655614074178e-08
623041888.1519171,-0.23535166817620226,-0.018413400016961887,-1.2095573115322722e-07,5.856906216961111e-08
623041923.1439171,-0.23535188073475968,-0.018413494440352327,-1.7967421936382344e-07,-4.12992128134837e-08
623041958.2223171,-0.235351921691609,-0.01841346135165612,-6.640670313640129e-08,-1.3658650994952115e-08
623041993.2143171,-0.23535213191619517,-0.01841338308146634,-1.2278236793950015e-07,5.918700085594253e-08
623042028.2063171,-0.235352110160443,-0.018413350166718974,5.282670392792177e-08,8.66873845969951e-08
623042063.198317,-0.2353524842180143,-0.01841345532016564,-1.6737316366199906e-07,-2.387024294892015e-08
623042098.1903181,-0.2353524990933816,-0.01841356482327961,-2.838645293823383e-08,-1.3876734595436035e-07
623042134.219117,-0.2353527146479516,-0.018413610614088558,-8.55155279644304e-08,-1.901013072826141e-07
623042169.2111181,-0.23535289445973614,-0.018413534663869666,-1.11456411377997e-07,-1.1952436488119056e-07
623042204.2031171,-0.2353528771400697,-0.01841328935486787,5.9738472363291e-08,1.204215793609853e-07
623042239.1951181,-0.23535318304469857,-0.018413307508994232,-9.228662051219416e-08,9.691462281996577e-08
623042274.1871171,-0.23535337562414743,-0.01841341037132795,-1.3098224610486042e-07,-1.1290304597483258e-08
623042309.179118,-0.23535338883319287,-0.018413441633083574,9.69682145690598e-09,-4.788440878533695e-08
623042344.1711171,-0.23535359772805972,-0.01841349023688155,-4.5305674684081865e-08,-1.018103008600113e-07
623042379.1631181,-0.23535393204811744,-0.018413538492809915,-2.2572910088336506e-07,-1.553780606435018e-07
623042414.1551181,-0.23535395823995967,-0.018413359013310867,-9.802007921999589e-08,1.8799879212411108e-08
623042449.1471181,-0.23535403060828522,-0.018413307393806613,-1.6483318654447743e-08,6.512810516237644e-08
623042519.2175181,-0.23535432152719918,-0.01841325293254885,8.005864304827526e-10,1.0902468357276707e-07
623042555.1599171,-0.2353545526247338,-0.018413502678736475,-7.219873898733908e-08,-1.461245902542596e-07
623042590.1519171,-0.23535474298057454,-0.01841339595981541,-1.0863262789317929e-07,-4.465542870549233e-08
623042625.143918,-0.2353548172359056,-0.018413348806282707,-2.8961854720011004e-08,-2.7413295557165984e-09
623042660.222318,-0.23535485808240827,-0.01841335260529547,8.450195629339241e-08,-1.1782339600502345e-08
623042695.214318,-0.2353550749666853,-0.01841327152219856,2.1552042261951954e-08,6.408202808325103e-08
623042730.2063181,-0.23535535190409315,-0.01841344401308931,-1.014468979376737e-07,-1.136172390614476e-07
623042765.1983181,-0.23535539186226714,-0.018413427135273316,1.2537484495034334e-08,-1.0193743775477326e-07
623042800.1903181,-0.2353555338235864,-0.01841329875349079,2.4522796848724937e-08,2.1256700680899465e-08
623042835.1823181,-0.235355623174963,-0.018413287327688037,8.912211155176486e-08,2.7505239259817404e-08
623042976.1871171,-0.2353563565249698,-0.01841335124403603,-2.382278904700108e-08,-5.716819655859906e-08
623043011.1791171,-0.2353564396580656,-0.01841319508042368,4.701500341819376e-08,9.387049441575424e-08
623043046.1711171,-0.23535661325706259,-0.018413290170857334,2.7390865742216164e-08,-6.334426518039837e-09
623043081.163117,-0.23535677430915078,-0.018413132673356862,2.0317593163454717e-08,1.46059029655643e-07
623043116.1551169,-0.2353570408128174,-0.018413299045329134,-9.220331689818728e-08,-2.5406534830824112e-08
623043151.147117,-0.23535717278733836,-0.018413332772223498,-7.019115347284277e-08,-6.421656022215227e-08
623043186.225518,-0.23535733051231722,-0.018413334570416155,-7.354530362491118e-08,-7.109992605086601e-08
623043256.209518,-0.23535742863110376,-0.018413251022234647,1.363287978894956e-07,2.334432345346693e-09
623043292.151917,-0.23535774974207216,-0.018413268016528563,-2.6597090724278516e-08,-1.983780564471238e-08
623043327.143917,-0.23535785052583208,-0.01841324649884346,2.66253593617094e-08,-3.350498656295997e-09
623043362.2223179,-0.2353579915988396,-0.01841309744026666,3.994268055196315e-08,1.4067583374577364e-07
623043397.214317,-0.23535840073141565,-0.018413229882752857,-2.151760195023833e-07,3.224036138754771e-09
623043432.206318,-0.23535842015870864,-0.018413405882329505,-8.058561942747566e-08,-1.777743183460634e-07
623043467.198318,-0.23535858209912466,-0.01841326906169085,-8.850455379683098e-08,-4.59419144047124e-08
623043502.190318,-0.23535857144470188,-0.01841333671811738,7.617512931545889e-08,-1.185760236457889e-07
623043537.182318,-0.23535898256918708,-0.01841312096049938,-1.8092033207683933e-07,9.221447297425023e-08
623043572.174318,-0.2353591041099913,-0.018413148568453542,-1.484283634889394e-07,5.964996764237784e-08
623043643.195117,-0.23535921421840778,-0.0184131862683085,5.4104160790435785e-08,1.1922685574927705e-08
623043678.187117,-0.2353594830504746,-0.018413209555525698,-6.068386554369809e-08,-1.628900334407768e-08
623043713.179117,-0.23535958461218795,-0.01841324560238528,-8.197849260538348e-09,-5.724972757317759e-08
623043748.171117,-0.23535981004315462,-0.01841316617239209,-7.957741152142539e-08,1.727701692127992e-08
623043783.1631169,-0.2353599371346035,-0.018413244065949352,-5.26137963474671e-08,-6.550916376024674e-08
623043818.1551169,-0.23536010074130528,-0.01841318548669291,-6.216178910500858e-08,-1.1811896575425473e-08
623043853.147117,-0.23536023482353807,-0.018413149904201474,-4.218168195291305e-08,1.8899249311365995e-08
623043888.2255169,-0.23536033005664445,-0.018413078100948208,1.703157992416493e-08,8.582982098659375e-08
623043923.217517,-0.23536057147196282,-0.018413055075532394,-7.031417370573223e-08,1.0400523173595411e-07
623043958.209517,-0.2353607228737216,-0.018413264802051396,-6.764278287496595e-08,-1.1056062153291801e-07
623043993.2015179,-0.23536094419958167,-0.018413287103236715,-1.3489191796889344e-07,-1.3769046099468274e-07
623044028.1935179,-0.23536110780628083,-0.018413228523996867,-1.4441834042533408e-07,-8.392918606284216e-08
623044064.222317,-0.23536123078722204,-0.01841309237033079,-1.0874996708709617e-07,4.727493923759041e-08
623128424.1455156,-0.2357470825453963,-0.01843688289353208,9.712113718807203e-08,-3.684959860514314e-08
623128462.1615146,-0.23574723471850353,-0.018436834412100297,1.364385046054295e-07,3.328652455059089e-08
623128497.1535156,-0.2357475229684346,-0.018437033709307302,2.446100094699588e-08,-1.4607265034008443e-07
623128532.1455156,-0.23574773119347978,-0.018436987869076923,-7.478086760936975e-09,-8.0288755463509e-08
623128567.2239156,-0.235747952515318,-0.018437010178611442,-5.206512743161085e-08,-8.259972406748917e-08
623128602.2159156,-0.2357481175626865,-0.018437103622123224,-4.0799492451171204e-08,-1.5608827927393598e-07
623128637.2079155,-0.23574820535984914,-0.018436977071020363,4.772982592493591e-08,-9.576574352965217e-09
623128672.1999156,-0.23574837629033674,-0.018437010137443043,5.313927825545406e-08,-2.2676745269761822e-08
623128707.1919156,-0.235748549550433,-0.018437215897035685,5.623256049691605e-08,-2.0846443267094616e-07
623128742.1839156,-0.23574885633750042,-0.01843725473980323,-7.41877082544029e-08,-2.2732963705571207e-07
623128777.1759156,-0.23574899619034403,-0.01843719567302657,-3.766035255869937e-08,-1.4827963487618057e-07
623128812.1679156,-0.23574918066267314,-0.018437149338886356,-4.5739100562602886e-08,-8.195660278903505e-08
623128847.1599156,-0.23574936746460137,-0.018437275697916873,-5.613408529669961e-08,-1.8832107085559047e-07
623128882.1519156,-0.23574948545160243,-0.018437220603231674,2.2992002468580353e-09,-1.1322614841199896e-07
623128917.1439155,-0.2357497975654506,-0.018437383506855497,-1.3338103718729677e-07,-2.561238559781187e-07
623128952.2223146,-0.23574990822752573,-0.018437236772906044,-6.716051376143284e-08,-8.932888923354754e-08
623129022.2063156,-0.23575020169525607,-0.018437281241119766,-7.69450472781763e-09,-9.375680832049427e-08
623129057.1983156,-0.23575052612934008,-0.018437454730138324,-1.5564184177585538e-07,-2.472171377262966e-07
623129092.1903156,-0.2357505911728704,-0.018437311474336356,-4.4185397340967825e-08,-8.392694650014021e-08
623129163.2111156,-0.23575099718717862,-0.018437529452132086,-9.192953737136023e-08,-2.612248088083857e-07
623129198.2031146,-0.23575123193956513,-0.018437509248749064,-1.5014199597485067e-07,-2.209697410292255e-07
623129233.1951146,-0.2357513830023158,-0.0184375138657437,-1.2465166410180473e-07,-2.0552933281681174e-07
623129303.1791155,-0.23575171886882412,-0.018437677263368202,-1.0737262842730466e-07,-3.2879498135240937e-07
623129338.1711156,-0.23575192054545124,-0.01843759734834327,-1.324568373317625e-07,-2.2880537509095689e-07
623129373.1631156,-0.23575207171946824,-0.018437565077764905,-1.0702536362705573e-07,-1.764544806485968e-07
623129548.2095146,-0.2357529215989049,-0.018437737688949577,-7.324569040179085e-08,-2.485282529253452e-07
623129583.2015156,-0.23575303292863797,-0.01843736962953893,-7.89186258010055e-09,1.396459881897183e-07
623129618.1935155,-0.2357533065262182,-0.01843770142582919,-1.0479294873522171e-07,-1.7202970687899e-07
623129653.1855156,-0.23575331451876894,-0.018437571739601352,6.392391369014483e-08,-2.2217114245548508e-08
623129688.1775156,-0.23575348900038504,-0.018437687513325658,6.616460970776394e-08,-1.1785870015004751e-07
623129723.1695145,-0.23575363651194522,-0.01843760942313589,9.538823597665669e-08,-1.9630594160630066e-08
623129758.1615146,-0.23575385017498998,-0.01843765075627642,5.84732446351488e-08,-4.082003509167653e-08
623129793.1535146,-0.2357539925799266,-0.0184376906075666,9.28292019641841e-08,-6.052183874893924e-08
623129829.1823146,-0.2357543045823937,-0.018437890398904803,-3.716161375844074e-08,-2.395606172808651e-07
623129864.1743146,-0.23575440714307275,-0.01843759446135302,3.706460505181752e-08,7.653818006464475e-08
623129899.1663146,-0.23575471959064145,-0.01843764670237363,-9.858328320344611e-08,4.446420548767649e-08
623129934.1583145,-0.23575485289509293,-0.01843755356079726,-5.507529102222186e-08,1.5777863213509158e-07
623129969.1503145,-0.23575484911893477,-0.018437860406209285,1.2552605530014027e-07,-1.2888812003439276e-07
623130004.1423144,-0.23575509674792727,-0.01843766635038268,5.473497591279575e-08,8.535217977528875e-08
623130039.2207144,-0.23575542040537964,-0.018437782275164228,-9.163517386556741e-08,-1.033245066242583e-08
623130074.2127144,-0.23575547268357736,-0.018437775984348054,3.294996434033415e-08,1.6154493836378903e-08
623130109.2047155,-0.23575574961213208,-0.01843794848561633,-6.710258226849675e-08,-1.3614481899834607e-07
623130144.1967155,-0.2357559900250641,-0.018437941680422572,-1.3062686415876712e-07,-1.0913183912802937e-07
623130179.1887155,-0.2357560302055764,-0.018437851029064794,6.093901605552787e-09,1.7331407593801362e-09
623130214.1807154,-0.2357562354333534,-0.01843785382134497,-2.2219988682348202e-08,1.9160322689559806e-08
623130249.1727154,-0.2357564085844729,-0.018437780691179954,-1.844463196065682e-08,1.1251579424415015e-07
623130284.1647154,-0.23575655842555443,-0.01843787529419316,8.653332606023412e-09,3.814393690140805e-08
623130319.1567155,-0.23575680582951866,-0.018438070791033635,-6.179903414005317e-08,-1.3711589417347847e-07
623130354.1487144,-0.23575698663936304,-0.01843797863740323,-6.564475574233342e-08,-2.471939705359083e-08
623130389.1407155,-0.23575712227333212,-0.01843805818901586,-2.4302079321136816e-08,-8.4022279210616e-08
623130424.2191155,-0.23575725213790644,-0.01843784545267474,2.3259505127493085e-08,1.4901867700922722e-07
623130459.2111155,-0.23575739287604075,-0.018438122840279212,5.9523007439610254e-08,-1.0810844483857829e-07
623130494.2031145,-0.23575757757089286,-0.018438002731130592,5.1842241222122e-08,3.2267061706586775e-08
623130530.1455145,-0.2357578418477917,-0.01843795953235894,-3.059983130770938e-08,9.62887583000338e-08
623130565.2239145,-0.23575794207402873,-0.018438122456607184,4.665035849282795e-08,-4.630712917286228e-08
623130600.2159145,-0.2357580717160398,-0.01843798349544038,9.406005066492362e-08,1.1293822529262476e-07
623130635.2079145,-0.23575833554779235,-0.01843808784700744,7.29237725760612e-09,2.887673962795323e-08
623130670.1999155,-0.23575864599714574,-0.01843817250970123,-1.2608053506779626e-07,-3.5489973265745434e-08
623130705.1919155,-0.23575879306355066,-0.01843824196991456,-9.605816708724291e-08,-8.464830353327457e-08
623130740.1839155,-0.23575900228759872,-0.018438179919140908,-1.2818112446466579e-07,-2.289739321759132e-09
623130775.1759145,-0.23575907487611503,-0.018438370304962672,-2.3656256287196697e-08,-1.723618592540388e-07
623130810.1679145,-0.235759299751487,-0.018438159544504357,-7.140595972843222e-08,5.871821815925382e-08
623130845.1599145,-0.23575929586647704,-0.018438187500031678,1.0961697852196473e-07,5.108823097899062e-08
623130881.1887145,-0.23575959199742252,-0.018438293998923803,-4.114717760961284e-09,-3.4476691033319407e-08
623130916.1807154,-0.23575968423355786,-0.018438270831951577,8.081190369657598e-08,9.0278532635657e-09
623130951.1727154,-0.23575989401152045,-0.01843834012074359,4.820889415446672e-08,-3.991743253647928e-08
623130986.1647154,-0.23576015218265722,-0.018438431074274467,-3.277510779442494e-08,-1.1052151772938945e-07
623131021.1567155,-0.2357600605029687,-0.0184382698033389,2.3610387892003537e-07,7.110480721231327e-08
623131197.1535155,-0.2357611012913733,-0.01843846704372449,8.674605103675681e-08,-2.366521818092382e-08
623131232.1455154,-0.23576133704274768,-0.018438430629798875,2.8266900459206212e-08,3.314003228435669e-08
623131267.2239155,-0.23576146190941474,-0.018438614724848746,8.112223792711148e-08,-1.3050734580868917e-07
623131302.2159154,-0.235761773360345,-0.01843836739941192,-5.3032404800923416e-08,1.3722138673608053e-07
623131337.2079154,-0.23576183307467705,-0.018438415860318455,6.456153897604899e-08,1.0916976113384269e-07
623131372.1999155,-0.23576199101703776,-0.018438659667059872,8.393942327322712e-08,-1.142217099202314e-07
623131407.1919155,-0.2357620767048025,-0.018438602425224066,1.7558385259630604e-07,-3.655860987897275e-08
623131442.1839155,-0.23576240058469333,-0.018438644575059827,2.904808579784479e-08,-5.82811824252627e-08
623131477.1759155,-0.2357625394384261,-0.018438601719251324,6.755038803318847e-08,5.007892489583554e-09
623131512.1679155,-0.23576267973383708,-0.018438710879793006,1.0462290361834548e-07,-8.371337514162525e-08
623131548.1967155,-0.23576294589754734,-0.01843867214718216,2.10948708778691e-08,-2.3929599482497288e-08
623131583.1887145,-0.23576310151042465,-0.018438743260787968,4.287399157920646e-08,-7.459172411683479e-08
623131618.1807145,-0.235763324387653,-0.018438564921977554,-2.5994006669360914e-09,1.2420458998796402e-07
623131653.1727145,-0.23576346812288457,-0.018438793677323456,3.108101756521542e-08,-8.408722593222784e-08
623131688.1647145,-0.2357636389419291,-0.018438863631577294,3.7689417392572366e-08,-1.3357191883459074e-07
623131723.1567155,-0.23576385615857726,-0.018438671894696956,-2.088005546241334e-09,7.864055849918228e-08
623131758.1487155,-0.2357641292019278,-0.01843887235170532,-9.768038011781499e-08,-1.0133481347790463e-07
623131793.1407155,-0.23576413486250639,-0.018438885749787932,7.412175395682397e-08,-9.424521476078529e-08
623131828.2191155,-0.23576437716221324,-0.018438883410819392,9.734700656682804e-09,-7.136190665821274e-08
623131863.2111155,-0.23576456385521682,-0.018438730880252326,5.278543435682792e-10,1.0166845982109707e-07
623131898.2031145,-0.2357646758477128,-0.018438773050405824,6.603319019360399e-08,8.000416355791184e-08
623131933.1951145,-0.23576480637490296,-0.018438970543574525,1.1301549643349951e-07,-9.697708409223127e-08
