Seconds since J2000,RA ECLIPJ2000 [rad],DEC ECLIPJ2000 [rad],O-C RA ECLIPJ2000 [rad],O-C DEC ECLIPJ2000 [rad]
-107124473.83296905,-1.1199990923593233,0.00844349477449436,-2.7775444166877605e-09,-8.488125635003341e-08
-107124377.84256808,-1.1199997127699683,0.008443512913659202,-2.2379119246629386e-07,-8.524177684716971e-08
-107124235.80096911,-1.1199996900041926,0.00844400195934417,3.898645399846856e-07,3.7654853949145584e-07
-107124102.83136816,-1.1200007748558347,0.008443762206791524,-1.419636563859683e-07,1.1141097630736063e-07
-107123710.83456926,-1.120002631263746,0.008444210379785572,-3.6877152531644697e-07,4.854813285548598e-07
-107123537.7753693,-1.1200031716160455,0.008443917446500466,-1.9003335904876906e-07,1.6018314291134372e-07
-107044434.77379042,-1.1203198983297415,0.008427506622582386,1.637211568539243e-07,1.1085074285571705e-08
-107044077.85539052,-1.1203220230938027,0.00842726507432294,-4.594758011844391e-07,-3.7514172171460025e-08
-107043834.81218958,-1.1203225986647418,0.008427521362351543,-1.2005800575920489e-08,3.505136914726953e-07
-107043477.80739067,-1.120324263808627,0.008427144004240298,-1.736136432395341e-07,1.6718276898801399e-07
-107043232.77699076,-1.1203253665321629,0.008426808824458665,-2.4384294516899274e-07,-3.447205200110548e-08
-107042847.77858986,-1.1203268260747203,0.008426787438304344,-8.022587238976087e-08,1.5452157460689453e-07
-106943507.823416,-1.1207844303959638,0.00835177731197842,2.6237938244300096e-07,2.06447657941089e-07
-106943437.83941701,-1.1207849800554506,0.00835069670069769,7.742891749984437e-08,-8.221104379150385e-07
-106943287.84901705,-1.120785885610114,0.008351409555168882,-4.6373268114408006e-08,2.2371902056589343e-09
-106943132.84741607,-1.1207863230699475,0.008351294463280824,3.241865338399208e-07,2.2666112996921894e-09
115010831.21956004,-0.8516490274119807,-9.680526873914043e-05,4.56438002061077e-07,3.7403907924425564e-07
115011236.17636095,-0.8516522957609717,-9.738439912506716e-05,-3.328035278471475e-07,-8.223043565005735e-08
115011596.20515987,-0.8516542570945755,-9.717716656149929e-05,-8.984060639871672e-08,2.3281792420863515e-07
115011776.17635985,-0.851655471499909,-9.662864366232155e-05,-2.0228859620718964e-07,8.347385529577358e-07
115012076.15716077,-0.8516572056039552,-9.714177074194452e-05,-9.952354140807529e-08,4.0988203130887376e-07
115014602.14756025,-0.8516724278926139,-9.788663375514137e-05,1.483160251281035e-07,3.723562808739735e-07
179204605.18733704,-0.7785526481737257,-0.002462769868683723,4.418100822967119e-07,1.0818064748435025e-07
179204718.198537,-0.7785531340515752,-0.0024629242348077483,4.159607508436025e-07,-1.12103919023155e-07
179205319.19693792,-0.7785557059145911,-0.002462738708987716,2.881121340392312e-07,-2.7605668994614904e-07
179205438.16973788,-0.7785565105347341,-0.0024620334954724554,-3.318466468282821e-08,3.6019292472440345e-07
179207769.15533656,-0.7785658597185765,-0.00246132752562921,5.358675059241591e-08,-2.6968826626451795e-07
179208069.2225365,-0.7785674126370894,-0.002461862679941332,-2.893977754103716e-07,-9.745897018549957e-07
179208199.16813746,-0.7785674552592912,-0.0024612913577123237,1.9160407971341442e-07,-4.7661344614166254e-07
179208428.21453744,-0.7785686839571406,-0.0024610133125886904,-1.1464528459903534e-07,-3.27606748896838e-07
179208489.21293744,-0.7785688839706949,-0.0024609515311498774,-6.910709715590713e-08,-3.001373719423335e-07
179208669.1841374,-0.7785695792991111,-0.002460838236892517,-4.022347876997401e-08,-2.8794803146482e-07
179208728.1953374,-0.7785696459702992,-0.0024608176430962773,1.3048103109092324e-07,-3.0046322743986636e-07
179208908.16653737,-0.778570531874138,-0.0024608484490232477,-3.174813889561534e-08,-4.3211372199565903e-07
179209028.17613736,-0.7785708271754007,-0.0024608587177181907,1.552903997614763e-07,-5.095183684034228e-07
179209089.17453635,-0.7785711699695345,-0.0024605498675191644,5.759019872098037e-08,-2.3475809781282192e-07
179209148.18573636,-0.7785715894768696,-0.0024614351179780623,-1.248524437169607e-07,-1.1529660931884449e-06
179209208.14733732,-0.7785717605720629,-0.002460570405050425,-5.5109893093430173e-08,-3.2171946483857544e-07
179209269.1457363,-0.7785710223188976,-0.0024605447331526014,9.280987730564405e-07,-3.30069683916398e-07
179209328.15693632,-0.7785723368663228,-0.0024605446207839688,-1.4951804172547156e-07,-3.6284907371179204e-07
179209389.1553363,-0.7785727180169429,-0.0024608328210677178,-2.858057426280425e-07,-6.850259538860107e-07
179209458.1889363,-0.7785727700782984,-0.0024600556175612496,-6.080573533573386e-08,5.3753311015855565e-08
179209579.14893627,-0.7785722936399736,-0.002459695367195853,9.009509694957174e-07,3.4674911049588364e-07
179209699.15853727,-0.7785738989203085,-0.002460163608924268,-2.2300807134278955e-07,-1.8812772401835196e-07
179209818.21773723,-0.7785739561531583,-0.002460348896564321,1.9708721643585392e-07,-4.3943269189801806e-07
179209938.14093724,-0.7785748514951604,-0.0024601738223038612,-2.1764578084226827e-07,-3.30763675630754e-07
179210059.1873362,-0.7785758990565314,-0.0024595457982620494,-7.802834866010855e-07,2.3032643822534435e-07
179210179.19693616,-0.7785751276183884,-0.0024598855662111203,4.717392128039677e-07,-1.7570914755691072e-07
179210298.16973716,-0.7785766799333121,-0.0024590001491517385,-6.043258665711093e-07,6.4410463856664e-07
179210769.2225361,-0.7785774994664116,-0.002459761838471765,4.59977894107233e-07,-3.7642279218262284e-07
179210829.18413708,-0.7785784042470777,-0.002459380883844091,-2.052103397209848e-07,-2.8311513881971312e-08
179210888.1953371,-0.7785782852127984,-0.002459468393010104,1.49573150642901e-07,-1.4812014388718847e-07
179210949.19373706,-0.7785790806982643,-0.0024596793542595126,-4.0227189601615976e-07,-3.924441722797864e-07
179211018.14093605,-0.7785789854107642,-0.002459607304002035,-3.165316697639753e-08,-3.5807434802014385e-07
179211138.15053603,-0.7785795711435542,-0.0024593756396720195,-1.3829191614078695e-07,-1.9192069266758469e-07
179211488.156937,-0.7785806473218218,-0.002458840261018428,1.8172510729552727e-07,1.5295198104369953e-07
209180772.21004492,-0.7310195023517252,-0.0036157051974148695,1.1303887959002168e-07,-2.245889710143778e-07
209181097.16044584,-0.7310212650998276,-0.003615237524796389,-1.3402662035755242e-07,1.0251952645666529e-07
209181335.1924448,-0.7310223394023823,-0.0036151451483077274,-9.832840797141529e-08,9.228787135884264e-08
209182356.18124557,-0.7310268891658924,-0.003615101637077983,1.1039021086123313e-07,-3.0083428190219585e-07
209182681.21804446,-0.7310283633763167,-0.003614880046676904,1.5013307952393973e-07,-2.1704424860635382e-07
209183151.14764535,-0.7310306601897625,-0.0036146983595686014,4.132110620336249e-08,-2.3353834752637068e-07
209183606.21644425,-0.7310326386524514,-0.0036146704861846853,1.807021317024038e-07,-3.9638420334464977e-07
209183965.20844418,-0.731034327723083,-0.0036144304237017474,1.6165316218952341e-07,-3.059346233621335e-07
209184205.14124513,-0.731035372212518,-0.0036142457853551406,2.3297736040372996e-07,-2.2087237145848593e-07
209184446.19724405,-0.7310366315623567,-0.0036140426729379957,9.437884174179345e-08,-1.1746202557925273e-07
209184685.179644,-0.7310377505829946,-0.0036140887000913674,8.618142255389927e-08,-2.6199444778159803e-07
209184976.17484394,-0.7310391134230964,-0.003613750251143351,7.553462710863101e-08,-4.3030052239694666e-08
209185275.20524386,-0.7310406691908719,-0.00361355326321878,-9.115906918211181e-08,3.170458794674383e-08
209185516.17484382,-0.7310418478359837,-0.0036137838235816002,-1.5078065240814453e-07,-2.9697711814626743e-07
209186175.14764464,-0.7310445892750229,-0.0036136113305886225,1.6634047583785616e-07,-3.909910021799093e-07
209186366.17804462,-0.7310454338101288,-0.0036134913021580546,2.0800666145071034e-07,-3.477155355964198e-07
209186605.16044456,-0.7310469001408101,-0.0036130175190814944,-1.4996039765513558e-07,3.037165707993339e-08
209186905.1412445,-0.7310479525093099,-0.0036130850851000397,1.8847353289164204e-07,-1.568029653754681e-07
209187265.1700434,-0.731049649458539,-0.003613097230657251,1.6003638703132594e-07,-3.11738237083678e-07
209188586.22604308,-0.7310559760181474,-0.0036121739651871873,-5.0937829176866956e-08,9.485936160484251e-08
209188825.208444,-0.7310570731039472,-0.003612379933067704,-4.286110777407259e-08,-2.0332841640805302e-07
209189065.14124295,-0.7310580737261798,-0.0036125151705674353,6.570502752989427e-08,-4.3076070527572896e-07
209189365.2084429,-0.7310594663782869,-0.0036122689957282,5.971012040362211e-08,-2.9933015433360535e-07
209189486.16844288,-0.7310601030805177,-0.003611961376315695,-1.8184597938564195e-08,-3.778885271105842e-08
209189785.1988438,-0.7310613185626992,-0.003612078141831391,1.4736759934574906e-07,-2.680275390447122e-07
209190085.1796427,-0.731062644563386,-0.003611853503573845,2.0618643659098268e-07,-1.5659076191016502e-07
209190326.1492427,-0.7310640301877227,-0.003611813398090472,-6.747916336813375e-08,-2.0695523517437128e-07
209190576.1908436,-0.73106505274304,-0.003611788703147616,6.336428470810063e-08,-2.7569650464139006e-07
209190816.21004358,-0.731066290158437,-0.0036117455359568496,-6.729338364319659e-08,-3.2179568483677035e-07
209191285.18924344,-0.7310685273451303,-0.0036113793416238833,-1.4313300444879218e-07,-1.2880816520691174e-07
209191585.1700424,-0.731069912969049,-0.0036113392384877125,-1.4708440343458307e-07,-1.986455610476258e-07
209191886.1876423,-0.7310713354326369,-0.0036111853346044334,-1.8375643517920537e-07,-1.5438746488486907e-07
209192185.21804324,-0.7310727877077784,-0.003611123697507532,-2.60047014366549e-07,-2.009966887793653e-07
209192485.19884315,-0.7310740400284963,-0.003611126666180199,-1.32676886033245e-07,-3.118726581000965e-07
209192787.1668431,-0.7310756028231059,-0.0036107236264573913,-3.073231004124821e-07,-1.6757535215797953e-08
209193085.16044304,-0.7310769814181044,-0.003610889593617928,-3.167181196195301e-07,-2.8853628990591074e-07
209193265.21804297,-0.731077321703764,-0.0036105758511658904,1.6998277796442807e-07,-3.8392571702957484e-08
209193385.14124295,-0.7310780855298696,-0.003610889500631311,-4.318665758340501e-08,-3.9425915026236255e-07
209193686.1588429,-0.7310794483701435,-0.003610551067586712,-2.432249468498071e-08,-1.612937485045117e-07
209265392.19722617,-0.7314000838326269,-0.0036119230312974242,-2.2611615735357304e-07,4.297154743322651e-08
209265630.1428261,-0.7314013957283396,-0.003612110655207586,-4.2872771266466714e-07,-6.397311855428633e-08
209265996.219626,-0.7314028189806414,-0.003612415154067268,-1.44356604891982e-07,-2.4366461268262793e-07
209266175.154025,-0.7314037748594782,-0.003612412087368664,-2.651294876976351e-07,-1.7929191180408172e-07
209266415.1732259,-0.7314049087463852,-0.0036125043667898805,-2.7837331839641877e-07,-1.8902549863038243e-07
209267076.21962577,-0.7314078430335482,-0.003612473640592048,-1.2363198131914999e-07,7.088881457707752e-08
209267555.22122467,-0.7314100073069916,-0.0036127935284089767,-4.719587320956009e-08,-8.123153509998621e-08
209267796.19082558,-0.7314112376479207,-0.0036129565501502787,-1.4957203875454184e-07,-1.5931527332655251e-07
209268096.17162454,-0.731412512693746,-0.003613257975599995,-1.9742367740605005e-08,-3.544962624800474e-07
209268396.15242544,-0.7314138535781982,-0.003613079606153402,4.499792605194841e-08,-6.932021210390507e-08
209268696.21962538,-0.7314153583809737,-0.0036134087160306153,-5.3034308722388346e-08,-2.910291667171383e-07
209268815.19242436,-0.7314158994488322,-0.003613488689017037,-3.613243904077024e-08,-3.2826274756888804e-07
209268996.2004243,-0.7314168474695794,-0.00361323342525533,-1.3502538642740092e-07,-7.80373799478054e-09
209269295.14442524,-0.7314183373700931,-0.0036135164019671065,-2.2197215598929176e-07,-1.826558513854e-07
209269596.16202417,-0.7314194932016223,-0.0036134487543672718,3.559835015654045e-08,-5.564340727765016e-09
209269896.1428241,-0.7314211462074973,-0.003613780944413688,-2.0816700607717564e-07,-2.2811757729090595e-07
209270195.17322502,-0.7314224133948528,-0.0036138301728093937,-6.988539469343635e-08,-1.6748874523755952e-07
209270502.15242496,-0.731423858589463,-0.0036139747484717757,-7.154041703483216e-08,-1.9869553888243047e-07
209270795.22122392,-0.7314251924278138,-0.0036140024495781263,-2.6588612644928844e-08,-1.1760415754777376e-07
209271096.15242484,-0.7314267042733097,-0.0036141254981442734,-1.2198925092299362e-07,-1.2836969704062284e-07
209271455.14442375,-0.7314281643687137,-0.0036143162100638203,1.0851327303385006e-07,-1.8437442052309308e-07
209271696.2004237,-0.7314293798052988,-0.0036144331036868553,2.880240113078969e-08,-2.1034883184323921e-07
209271995.14442465,-0.7314308618470655,-0.0036144638850689435,-4.4201440840829775e-08,-1.2785541638957176e-07
209272295.21162355,-0.7314323140857069,-0.0036144023980778156,-8.147620211840234e-08,4.791512691563332e-08
209272595.1924245,-0.7314336706803598,-0.003614728437566623,-2.289077638550907e-08,-1.6328750320274144e-07
209272896.21002445,-0.7314350343202651,-0.0036148484114452584,3.4158052941712924e-08,-1.6743615176458004e-07
209274396.20042306,-0.7314420524704592,-0.003615383704960054,1.04291257629896e-07,-1.1664799181307708e-07
209274755.192423,-0.7314438685763041,-0.003615765118878709,-1.3262356213239457e-08,-3.555698145675523e-07
209274996.16202292,-0.7314449875566296,-0.0036158112767417957,8.334094525608293e-09,-3.0559426198199444e-07
209275235.14442387,-0.7314461731881471,-0.003615835907095861,-4.5781727409099915e-08,-2.3449588577124578e-07
209275596.21002382,-0.7314477218786849,-0.0036158451677672314,1.1571503177876252e-07,-9.838894208516122e-08
209275895.15402272,-0.7314491451214415,-0.003616149685381903,1.0899488678273173e-07,-2.8187591458173067e-07
209276195.22122267,-0.7314505605088868,-0.00361620200293376,1.1596597504492934e-07,-2.1209130583385583e-07
209276495.2020226,-0.7314521758500577,-0.0036161897378005907,-7.692054049268648e-08,-7.713854061107764e-08
209276795.1828225,-0.7314536727896395,-0.00361626666344265,-1.509086022810635e-07,-3.0753003624987146e-08
209277096.20042244,-0.7314553775375813,-0.0036165312072874993,-4.2729625293613793e-07,-1.709296288403446e-07
209277396.1812234,-0.7314564079175414,-0.0036167588279543456,-3.375519186388232e-08,-2.739806604129709e-07
209277696.1620223,-0.7314578750540256,-0.0036167434862083825,-7.64995337076968e-08,-1.3343646737334555e-07
209277996.14282224,-0.7314591053874798,-0.0036169065247491114,1.1802190269527557e-07,-1.7063659174835696e-07
209278296.2100232,-0.7314604988255766,-0.0036171187777530103,1.503037379002592e-07,-2.5637550222362693e-07
209278596.19082308,-0.7314620624150066,-0.003617174179395074,1.247005576576754e-08,-1.8465701297687084e-07
209278896.17162204,-0.7314636409053051,-0.003617275716358266,-1.3982629987197015e-07,-1.5842822752168764e-07
209279196.15242296,-0.7314649229880413,-0.0036173710947912862,4.7151598181471854e-09,-1.2539202517199838e-07
209279796.2004218,-0.7314678870606394,-0.003617432688357956,-1.0443835030127246e-07,7.184097367170239e-08
209280396.16202167,-0.7314705406309087,-0.0036179002566904977,9.812813495102546e-08,-1.3430259858610363e-07
209280996.21002257,-0.7314732310493665,-0.003618254030362522,2.658277492573191e-07,-2.2395122832846032e-07
209281596.1716214,-0.731476439775956,-0.003618389453128112,-8.36791528291414e-08,-9.259778612717012e-08
209282196.21962228,-0.7314794932505071,-0.0036187278645526738,-2.760630031239941e-07,-1.614779655883733e-07
209282796.18122214,-0.7314819539103496,-0.0036190539572339996,1.2536345272984306e-07,-2.1533495381470882e-07
209283395.192422,-0.731485029331402,-0.0036192324422376744,-9.114955468181307e-08,-1.1925209415526022e-07
209283996.19082186,-0.7314877636424248,-0.003619266364627036,4.4247218222714935e-08,1.2510607707823598e-07
209364675.21480343,-0.731902695572641,-0.0036768341445624175,-2.8090395609581265e-07,4.2771728510099943e-08
209364815.1828034,-0.7319034287237529,-0.0036765974351543954,-2.1706278152677783e-07,3.8713205671031536e-07
209364995.15400237,-0.7319043186649227,-0.00367707428890347,-8.1971742171838e-08,4.865149587666637e-08
209365296.1716023,-0.7319062750072758,-0.0036772068391027015,-3.2321686405101246e-07,1.4743138506334227e-07
209365595.20200223,-0.7319077279404523,-0.003677603814492703,-7.159097381581603e-08,-1.987724555004705e-08
209365894.14600214,-0.7319094913979952,-0.003677594859275238,-1.302122734081479e-07,2.1854459628361383e-07
209366196.20040208,-0.7319111889684117,-0.0036780656882150317,-1.0443832554329902e-07,-2.0564104957505186e-08
209366495.144403,-0.7319128120587123,-0.0036783058364780086,-2.1179785258951256e-08,-3.150882645465772e-08
209366795.21160194,-0.7319147683989597,-0.0036784383914210163,-2.6402047204054924e-07,6.587230627283502e-08
209367096.14280188,-0.7319163616967392,-0.003678586268718464,-1.381519569854106e-07,1.484657373269048e-07
209367456.1716018,-0.7319184520988166,-0.0036791340525120057,-1.7082486714059542e-07,-1.2375170980669092e-07
209367695.15400174,-0.7319195561204813,-0.003679134225820883,9.160926472961961e-08,5.889480726066834e-08
209367996.17160168,-0.7319216089007915,-0.003679337538513422,-2.393811785461608e-07,8.574956870651199e-08
209368295.20200163,-0.7319232468845316,-0.0036796238279294085,-1.6625752674581662e-07,2.7989892518748977e-08
209368595.18280154,-0.731924936622122,-0.003679842463149957,-1.3877465032674507e-07,3.849440626804354e-08
209368866.21960247,-0.7319262782134015,-0.003680122555760224,7.173912019986517e-08,-3.466575038179112e-08
209369165.1636014,-0.73192813810888,-0.0036801843640673596,-7.561820725143775e-08,1.3165862100842848e-07
209369465.14440134,-0.7319299391825324,-0.003680519892208829,-1.575687891275379e-07,2.4944098035804135e-08
209369765.2116013,-0.7319314509314462,-0.0036806431585218423,5.093766941577371e-08,1.304488841981366e-07
209369945.18280122,-0.731932607467026,-0.003681033945378856,-7.353919750929805e-08,-1.2317916406063417e-07
209447705.1827848,-0.7324032108850406,-0.0037308675438787035,-5.474612296829662e-08,-1.4229022134030003e-07
209447886.19078475,-0.7324041368829484,-0.0037307724748342447,1.8232664278361455e-07,1.5828192843642813e-08
209448005.16358474,-0.7324052408493451,-0.003730772801844194,-1.571358875240847e-07,5.676567493969817e-08
209448185.22118372,-0.7324063597057935,-0.003730819267363292,-1.189051351824233e-07,7.248543232567933e-08
209448425.15398365,-0.7324082351061199,-0.0037313857314997517,-4.523404056877567e-07,-4.1161122263204397e-07
209448605.21158463,-0.732409323468912,-0.003730881659609716,-3.834591236762108e-07,1.5390166502662894e-07
209448845.14438456,-0.7324102948496864,-0.0037313832687420126,1.8732170337099063e-07,-2.6632922645736246e-07
209449385.14438444,-0.7324139258139963,-0.0037316888346822412,2.7550459580361064e-08,-3.907990148337495e-07
209449745.17318434,-0.7324170448515879,-0.003731548291454976,-7.769339819274634e-07,-1.3108962374289157e-07
209449925.14438432,-0.7324177411216267,-0.0037314254769434617,-3.161435160325965e-07,5.08237560149262e-08
209450226.16198426,-0.7324196455866164,-0.00373162596158562,-2.852432409161665e-07,-5.151029249059885e-08
209450526.14278418,-0.7324210239483115,-0.0037317924575131075,2.651807858855548e-07,-1.2105904568984055e-07
209450826.20998412,-0.7324234913843283,-0.0037319131485563715,-2.7284295944784986e-07,-1.4563561524056842e-07
209451126.19078404,-0.7324251214514095,-0.0037319474719908173,2.6002490494114738e-08,-8.472896786612671e-08
209451426.171583,-0.7324271152541387,-0.0037324247900807224,-3.884699040224149e-08,-4.676698657098653e-07
209451725.20198292,-0.732429330271511,-0.003732219397164948,-3.3099675544878693e-07,-1.690438793380475e-07
209452025.18278283,-0.7324312418234801,-0.003732213826280048,-3.1355875085292695e-07,-7.078762683529818e-08
209452626.1811827,-0.7324351244857961,-0.003732387240740005,-3.3159981149832873e-07,-6.103901719180585e-08
209452925.21158266,-0.7324370431266991,-0.0037321756112191733,-3.2741659405921553e-07,2.404756394187857e-07
209453225.1923836,-0.7324384512652027,-0.003732434390575842,1.9333347633931908e-07,7.103856831990399e-08
209453525.1731835,-0.7324408520480331,-0.0037325766025913558,-2.786217475625463e-07,1.7342946798289127e-08
209453885.20198244,-0.7324427416183018,-0.0037327309615328387,1.4663433489658928e-07,-3.186583033120555e-08
209454125.2211834,-0.7324445794288779,-0.0037329529683666116,-1.4803033843158175e-07,-1.8442684611907553e-07
209454425.20198232,-0.7324465207576023,-0.0037330396824804732,-1.6079728859530462e-07,-1.8507847195569846e-07
209454725.18278223,-0.7324481359314967,-0.003733027878370086,1.5247492624048675e-07,-8.80216908679364e-08
209455023.1763832,-0.7324499368711909,-0.0037333636731528698,2.6707889855259737e-07,-3.399263243798571e-07
209455325.14438313,-0.732451833529997,-0.003733311975246924,3.113688612499388e-07,-2.040264010755126e-07
209524685.16356784,-0.7328905433727896,-0.003733484778414528,2.5126320912782774e-07,-5.561786600356312e-07
209524926.2195678,-0.7328926463700547,-0.003732704500977273,-3.375599227917192e-07,1.4165907726406204e-07
209525225.16356772,-0.7328939728972905,-0.0037329388237350293,2.1331789401557444e-07,-1.9578161423962e-07
209525405.2211667,-0.7328954767146042,-0.0037328103072144718,-1.599285821551888e-07,-1.2984356986085396e-07
209525646.19076762,-0.7328968472339596,-0.003732724790974404,-1.7671644814143406e-08,-1.2862600450025408e-07
209526186.1907675,-0.7329004107157887,-0.003732594103344835,-1.9221018598969408e-07,-1.8912585189254094e-07
209526566.17796746,-0.73290285473033,-0.003731958533618265,-2.5244933588020046e-07,3.100298372779413e-07
209527146.1811673,-0.7329070413663747,-0.003732390956129465,-8.021507832411956e-07,-3.3358421373374386e-07
209527566.1715672,-0.7329088266626199,-0.003732222587059347,4.485688243072161e-08,-3.2036975033391743e-07
209527925.16356716,-0.7329114188590338,-0.0037315901643597354,-2.982229663217595e-07,1.779598761881586e-07
209528105.2211661,-0.7329123008378131,-0.00373181507092774,-5.2438631548135106e-08,-1.1471158551301305e-07
209528346.19076705,-0.732913760660072,-0.003732006402188083,-3.3202841587254284e-09,-3.972614167750167e-07
209528705.18276697,-0.7329161089154189,-0.0037317583213004202,-1.0431261587839913e-07,-2.8619520915824925e-07
209528945.20196593,-0.7329176347283608,-0.0037314698945102196,-1.2812133121098412e-07,-9.01187299116521e-08
209529185.22116587,-0.7329189903623208,-0.003731338246874301,1.784048930808524e-08,-5.141423917295537e-08
209529425.15396583,-0.732920427529111,-0.0037312312405776817,8.131265527566711e-08,-3.7907608563432504e-08
209529665.17316675,-0.7329220575293487,-0.0037312657969156234,-4.793275265591035e-08,-1.6658489465160367e-07
209529845.14436674,-0.732923146567184,-0.0037312201482252705,-1.1957983270249883e-08,-1.9189396019197655e-07
209530086.20036668,-0.7329247319154589,-0.003731116285283613,-9.083534224796352e-08,-1.8358629178417268e-07
209530325.1827656,-0.7329261910792578,-0.003730849361549528,-5.693201365897238e-08,-1.1973763737460619e-08
209530626.20036656,-0.7329279990282878,-0.0037309793427589056,1.5114646312319735e-08,-2.6282180277123826e-07
209530806.17156553,-0.7329292064798912,-0.0037308445573526953,-6.868101309898123e-08,-2.0073154601658524e-07
209531285.1731654,-0.7329321325771753,-0.003730562914486379,-5.4162219154108016e-09,-1.141343075714181e-07
209531526.14276636,-0.7329336661595982,-0.0037305266949811734,-3.588065444759536e-08,-1.7689003415375174e-07
209531825.17316628,-0.7329355032192988,-0.003730290700349875,-8.346257684976877e-09,-6.450779140281665e-08
209532128.17796522,-0.7329374515790645,-0.0037301716283721234,-6.812975317238568e-08,-7.157746033468332e-08
209532425.22116616,-0.7329391404569404,-0.0037299324934995256,9.361381314576533e-08,4.303734378466664e-08
209532725.20196512,-0.7329415262470037,-0.003730028910554157,-4.2406974654074503e-07,-1.799897053353719e-07
209533026.21956602,-0.7329434079571632,-0.003729931340875865,-4.3205728894601947e-07,-2.1032878995798712e-07
209533325.16356596,-0.7329446374062699,-0.003729636641163706,1.9846010468338449e-07,-4.3504438765849807e-08
209533625.1443659,-0.7329472529095049,-0.0037297608460178603,-5.514915037974077e-07,-2.968711992016454e-07
209533865.16356483,-0.7329482157625834,-0.0037295521429489154,-2.2323156545489553e-08,-1.9211653214286362e-07
209534225.1923658,-0.7329505271332268,-0.003729417864796708,-9.673811840471558e-08,-2.1476017682525023e-07
209534885.20196465,-0.7329545273807225,-0.0037290444608290636,3.969925499447413e-10,-1.3210775801813027e-07
209535125.22116557,-0.7329558312472504,-0.003728980466625565,1.854578961513198e-07,-1.7482588615712683e-07
209535425.20196453,-0.7329577129561327,-0.0037288829047179826,1.637768959339425e-07,-2.113603889950834e-07
209535725.18276444,-0.7329596613138376,-0.0037287638452324873,7.447391514592283e-08,-2.2719687100712302e-07
209536025.16356537,-0.7329613870728668,-0.0037284109419791693,2.067816803341671e-07,-9.98247339607447e-09
209536386.1427643,-0.7329637799746145,-0.003728301314440294,4.843746348459632e-08,-6.467649798797687e-08
209536810.19396523,-0.732966506121152,-0.00372808419620281,-5.4607675159523694e-08,-4.2029011784305154e-08
209536985.15396515,-0.7329675880408686,-0.0037282446213535553,-5.486109366792391e-08,-2.831396930086903e-07
209537225.1731651,-0.7329690174370038,-0.003727885434998743,-9.522576061016252e-10,-3.506464190967257e-08
209537525.15396404,-0.7329708473790348,-0.003727855519007743,2.2015023914967458e-08,-1.447003018114311e-07
209537825.22116497,-0.7329729588002113,-0.003727785750980131,-2.3703765750227035e-07,-2.1527625174979845e-07
209538245.2115639,-0.7329757884772257,-0.00372743336261458,-4.7586994389448023e-07,-6.057088883281228e-08
209538725.1635648,-0.7329783515579495,-0.003727166969506191,-8.08727252943342e-08,-2.184643215288884e-08
209539025.1443647,-0.7329800333177727,-0.0037271339144442947,8.476902857434965e-08,-1.3203188326286683e-07
209539325.21156365,-0.7329820263230374,-0.0037271532887589993,-6.144494402171574e-08,-2.9540471729828585e-07
209539865.21156353,-0.7329851225954628,-0.0037267149153761584,1.6284275217159916e-07,-1.1795353141701853e-07
209540165.19236347,-0.7329871375998824,-0.0037265743732452796,-9.168679149240688e-09,-1.2333646656889283e-07
209540526.17156342,-0.7329890633057217,-0.0037261569896312953,2.812950289365901e-07,1.1753668072806908e-07
209541126.21956426,-0.7329930861969789,-0.0037260819709222285,-6.157786391902675e-08,-1.0302790382421198e-07
209541425.1635642,-0.7329949679026104,-0.0037259844292557294,-1.1172795333358465e-07,-1.5374371117827731e-07
209541665.18276414,-0.7329967163099304,-0.0037259298843725632,-3.9048900690730193e-07,-2.1870697228167785e-07
209613967.20834854,-0.7334044899587171,-0.0036793432791694326,-1.2527934645234495e-07,5.4708216491294176e-08
209614386.16194847,-0.7334066084793711,-0.003679067717199346,-2.3388291636727843e-08,1.1979574044557184e-08
209614566.2195484,-0.7334076010897361,-0.0036789514266289056,-6.232792526539299e-08,-8.629641466695315e-09
209614686.14274737,-0.7334083788724675,-0.0036788534639316697,-2.051477846487515e-07,-1.8799231784986936e-09
209614806.1523474,-0.7334089715831508,-0.0036788661132523695,-1.6260505519838375e-07,-1.0583471572820496e-07
209614926.16194835,-0.7334095047826863,-0.0036786941940858487,-6.071892022507797e-08,-2.5247401732632346e-08
209615166.18114728,-0.7334108675371649,-0.0036783566808358376,-1.5380834450517966e-07,1.2952464566390667e-07
209615287.14114827,-0.733411645319894,-0.003678258718875005,-2.9198841600130976e-07,1.3535408244225167e-07
209615464.17474824,-0.7334125046303084,-0.0036781854094154083,-2.1550766760025653e-07,7.377584880161048e-08
209615586.1715472,-0.7334131044799049,-0.0036779920009742144,-1.7070557500886707e-07,1.742003230250158e-07
209615706.18114817,-0.7334137638404328,-0.0036779831612962794,-1.9608920565072907e-07,9.154676685989294e-08
209615825.15394714,-0.733414460095454,-0.0036778605476143326,-2.640156554489792e-07,1.2343469922701175e-07
209615945.1635481,-0.733414956400599,-0.00367780240342187,-1.2669002746878988e-07,9.003976962932911e-08
209616065.1731481,-0.7334156824110258,-0.003677772074325221,-2.1924463633471447e-07,2.880734147189465e-08
209616186.21954808,-0.7334162233492325,-0.0036778523568321564,-1.2143239935813455e-07,-1.4384997615302098e-07
209616306.14274806,-0.7334168898488481,-0.0036776374592906802,-1.5528563623856684e-07,-2.0491699511716865e-08
209616425.20194703,-0.7334174528039247,-0.0036775578257102373,-9.032737979808303e-08,-3.175872366782337e-08
209616545.211547,-0.7334182972365364,-0.0036774383755113077,-3.0201156786535677e-07,-3.955337543604109e-09
209616665.22114697,-0.7334189488585723,-0.0036771773361853263,-3.2106392711117593e-07,1.6541694625865633e-07
209616785.14434794,-0.7334193564967076,-0.0036773005985998746,-9.676710632788854e-08,-4.9466283446545495e-08
209616906.19074693,-0.7334201122622963,-0.0036773625548072904,-2.1486159329509036e-07,-2.0392101281532793e-07
209617025.1635479,-0.7334206377238472,-0.003676938436727148,-1.1375519470835371e-07,1.292643652919985e-07
209617144.22274786,-0.7334214083670308,-0.0036770465354114246,-2.575542571436884e-07,-6.985121211782949e-08
209617265.18274784,-0.7334219635839594,-0.003676714701926846,-1.7610337355034034e-07,1.6949413220342102e-07
209617385.1923468,-0.7334225562942712,-0.0036767273535756474,-1.3733228487744498e-07,6.506341350236144e-08
209617505.2019468,-0.7334233787097015,-0.0036767678208594985,-3.284503582445808e-07,-6.720004012538555e-08
209617625.21154776,-0.733423697082008,-0.003676614230560066,-1.571010599388245e-08,-5.422554711243671e-09
209617744.18434677,-0.7334244748646094,-0.003676516271489201,-1.680156934691368e-07,1.5009242004641876e-09
209617865.14434773,-0.7334250895920679,-0.0036763690073455405,-1.4700651551624588e-07,5.6193060911889636e-08
209617985.15394768,-0.7334256674247016,-0.0036763355173155803,-9.428539371469924e-08,-2.1768923035708765e-09
209618105.16354766,-0.7334262970297409,-0.003676234395600679,-9.352449181765365e-08,7.070035264265112e-09
209618285.18274763,-0.733427578257174,-0.003675872236310031,-4.2953160916958666e-07,2.3138672813156555e-07
209618464.15554658,-0.7334284375673165,-0.003675798930814109,-3.4953883842891997e-07,1.6762044190675451e-07
209618584.16514653,-0.7334289267325061,-0.0036759468470530347,-2.0909518605449762e-07,-7.222502635892414e-08
209618706.16194654,-0.7334295045650582,-0.0036759133576641074,-1.4708974427346533e-07,-1.3219986867490582e-07
209618825.22114652,-0.7334302525925535,-0.003675723115436955,-2.708777097071291e-07,-3.3183263245702144e-08
209619005.19234747,-0.7334311339200857,-0.0036754898944260112,-2.089587812781346e-07,6.211873015797564e-08
209619125.20194647,-0.7334316373651392,-0.003675225694215888,-8.366442860729961e-08,2.3433726444943917e-07
209619245.21154642,-0.7334325710626494,-0.0036753831009381263,-3.888174199273564e-07,-1.5061452921221602e-08
209619545.19234738,-0.7334340302227338,-0.003675116391888799,-2.77699737760706e-07,2.1658751992413572e-08
209619665.20194733,-0.7334344896326535,-0.003675172024415162,-1.0925298732367139e-07,-1.259980805458534e-07
209619784.1747463,-0.7334353560828174,-0.003674892662234781,-3.5346636839683754e-07,6.212678413299727e-08
209619905.2211463,-0.733435689332899,-0.0036747852153003182,-5.383521906043853e-08,7.673848975795622e-08
209620025.14434725,-0.733436504010571,-0.0036745734850475577,-2.417045128488837e-07,1.964877519165971e-07
209620145.15394622,-0.7334371115978934,-0.0036746322814476167,-2.2223218354433527e-07,4.563742559814815e-08
209620265.16354617,-0.7334375781480441,-0.003674481855986612,-6.192377965952289e-08,1.0400278084186573e-07
209620384.2227462,-0.7334382672627494,-0.0036745653055046856,-1.2934368365247195e-07,-7.078340323986645e-08
209620505.18274716,-0.7334387040580939,-0.0036743225956666343,6.527709439652085e-08,7.912633209804579e-08
209620615.16994712,-0.7334392818905161,-0.0036742891079132897,6.140310293556439e-08,2.822812833177049e-08
209620745.2019461,-0.7334402673600039,-0.003674378885123411,-2.457269387967642e-07,-1.6131865505919496e-07
209620865.21154708,-0.7334407928233427,-0.0036739547701427184,-1.453480050761513e-07,1.7071277018604683e-07
209620984.18434605,-0.733441526570006,-0.003674176647135528,-2.588619908427958e-07,-1.424553896936867e-07
209621105.144347,-0.7334420300155189,-0.003673912448450702,-1.3192274217477262e-07,2.8924581306054992e-08
209621225.153946,-0.7334426447431962,-0.0036737651874383034,-1.214263158910711e-07,8.40939760396453e-08
209621525.22114593,-0.7334441931674361,-0.003673775336386286,-1.0747483081274822e-07,-1.5632341203615507e-07
209621825.20194587,-0.7334457189776069,-0.0036734871430631096,-7.266677792827636e-08,-9.833479637857967e-08
209622125.18274578,-0.7334471930150712,-0.0036732665818775935,1.2595748222210545e-08,-1.0797291670212178e-07
209622365.20194674,-0.7334485039978651,-0.0036729967149745093,-5.1723905269973613e-08,-2.2282704183109597e-08
209622605.22114572,-0.7334496668033261,-0.003672723684481436,3.1277611722835275e-08,6.658381237686917e-08
209622846.19074664,-0.7334510521724733,-0.0036726845301064863,-1.0421818763539648e-07,-7.913806276006047e-08
209623086.2099456,-0.7334522596096759,-0.0036725499274396075,-6.758018011865374e-08,-1.2866141786607027e-07
209623325.19234654,-0.7334534741880289,-0.0036722092668465454,-4.432372313623034e-08,2.8693541413108564e-08
209623565.2115465,-0.7334547113796368,-0.0036721669496920534,-3.918567859084732e-08,-1.1306088185288055e-07
209623805.14434645,-0.7334559259580893,-0.0036718262899633506,-1.2763595291787055e-08,4.3627074367176555e-08
209624105.2115464,-0.7334573482226537,-0.003671673364445734,1.1575589342616155e-07,-3.347444099298033e-08
209624345.14434633,-0.7334587853643204,-0.0036715665818625397,-8.238819271255693e-08,-1.1057274120753954e-07
209624705.17314526,-0.7334603778247463,-0.0036712569060894595,1.8263073708890687e-07,-7.672763687729608e-08
209624945.19234622,-0.7334616447702792,-0.0036713068761262038,1.5287337629121822e-07,-3.10518598769724e-07
209625185.21154615,-0.7334628742260354,-0.00367101236120795,1.5969509081781297e-07,-1.99766686438934e-07
209625425.1443461,-0.7334639186086659,-0.00367082845560547,3.5023000788392267e-07,-1.9949578984514854e-07
209625665.16354504,-0.7334651480645268,-0.0036705339414987792,3.552165324105516e-07,-8.861607040614589e-08
209625905.182746,-0.7334666078181531,-0.00367072550523058,1.2898073165068524e-07,-4.6374345492958963e-07
209626146.15234494,-0.7334679116591707,-0.00367066170401192,6.260728946383409e-08,-5.841572694969925e-07
209626385.2211449,-0.7334688667795612,-0.0036702009455920246,3.3426341139453086e-07,-3.0608177017032653e-07
209626638.20034483,-0.7334700301782846,-0.0036703861809590163,4.680088965258733e-07,-6.845391921847521e-07
209627345.2115447,-0.7334740220427225,-0.0036693029184518074,9.575989257104567e-08,-1.407470680077523e-07
209627625.14754564,-0.7334754443068577,-0.0036691500003868606,1.0437394515339093e-07,-2.01192853648436e-07
209627885.2115456,-0.7334766666205668,-0.003669061548671766,2.101951939170732e-07,-3.1082997788535807e-07
209700006.14273033,-0.7338128251863445,-0.003628394851595633,1.3797599762721546e-07,-6.995703419202318e-08
209700245.21152925,-0.7338140992657042,-0.003628238893351341,-6.497743476607809e-08,3.041845388854908e-09
209700545.1923302,-0.7338154399959269,-0.003628061453548696,-6.19565795334509e-08,7.689097887998014e-08
209700726.20033017,-0.7338160255333425,-0.0036282802297927024,1.631665362822332e-07,-2.041176754624327e-07
209700905.22112912,-0.7338167884384073,-0.0036281362152925825,2.0190367400196862e-07,-1.2144828988617726e-07
209701085.19232908,-0.7338176328670007,-0.0036280168627826096,1.6325251128712637e-07,-6.356101015219523e-08
209701205.20192906,-0.7338181291684985,-0.0036279587765331235,2.0419680146765984e-07,-4.634638319693865e-08
209701385.17312902,-0.733819040247978,-0.0036278179423918228,9.868909534027637e-08,3.336829616784609e-08
209701565.14433,-0.7338197959925512,-0.003627879985770147,1.483904430443772e-07,-8.958574578043013e-08
209702105.14432988,-0.7338222626272467,-0.0036275434129617963,9.77062049045685e-08,6.548933105966076e-08
209702285.20192885,-0.7338231368008769,-0.003627516349451269,2.8842768284853548e-08,3.245909494138666e-08
209702585.18272975,-0.7338243001624217,-0.003627701703586786,2.0684823720529266e-07,-2.525364763447495e-07
209702825.20192873,-0.7338252927651623,-0.0036275855330733585,2.8721735423342665e-07,-2.156589466516083e-07
209702945.2115287,-0.7338260633818362,-0.0036276937216525532,5.29929864434564e-08,-3.633492328628668e-07
209703125.18272865,-0.7338268631926523,-0.0036274359398744205,5.7459001112647456e-08,-1.6462396263631357e-07
209703366.1523286,-0.7338279075737426,-0.0036272521444614516,8.972603782186894e-08,-5.95579480013389e-08
209703545.17312956,-0.7338287448411525,-0.003627338851850801,5.215089260435235e-08,-2.0449889466056873e-07
209703665.18272954,-0.7338292042365178,-0.003627394536666408,1.2876065014211235e-07,-2.990987485701306e-07
209703845.15392852,-0.7338299820139053,-0.0036272966689371066,1.5467323577489367e-07,-2.5940397549873567e-07
209703966.20032948,-0.7338305598385606,-0.0036272632465837494,1.173154910993901e-07,-2.6498227063010554e-07
209704145.22112843,-0.7338311156296657,-0.0036273897376365625,3.607177514464155e-07,-4.4896682318195866e-07
209704505.16352937,-0.7338329080430558,-0.003627015788706972,1.7471237845345655e-07,-1.8993843467485227e-07
209704686.17152834,-0.7338333305321996,-0.0036271852434960616,5.598163232978237e-07,-4.1684049115198185e-07
209704805.1443293,-0.7338346415167681,-0.0036269155234028723,-2.204420979090571e-07,-1.847531035810944e-07
209704924.20352927,-0.7338349229928331,-0.003626875740664998,2.9122877109877265e-08,-1.825297914984786e-07
209705045.16352925,-0.7338355008173656,-0.003626842319137062,-9.255250565942674e-09,-1.871639068659614e-07
209705224.18432823,-0.7338361601651916,-0.003626833559959537,1.2964177120711184e-07,-2.3453499888416787e-07
209705345.1443292,-0.7338367082449097,-0.003626707850869549,1.208241161565482e-07,-1.46621454478503e-07
209705465.15392816,-0.733837434243615,-0.003626677610319171,-7.022400205780599e-08,-1.5377520686584573e-07
209705585.16352913,-0.7338378787662471,-0.0036266871523954803,2.012930833128479e-08,-2.00607358646996e-07
209705705.1731281,-0.7338385232416162,-0.003626632249778892,-8.954531693916579e-08,-1.8289022630591303e-07
209705824.14592808,-0.7338388344623766,-0.003626684755142718,1.2933961779371117e-07,-2.721562200056274e-07
209705945.19232908,-0.7338394271591461,-0.003626697478162538,7.591094819403565e-08,-3.2217434949282503e-07
209706065.20192903,-0.7338399085879235,-0.003626593251145479,1.2905414803476845e-07,-2.548168552018483e-07
209706185.21152902,-0.733840434633734,-0.003626627455892645,1.3750299632242502e-07,-3.257850706376436e-07
209706306.17152798,-0.7338409678410946,-0.0036264556035805,1.4294437356010548e-07,-1.908796775722775e-07
209706425.14432895,-0.7338415456654634,-0.00362642218306192,9.484185314878602e-08,-1.936932587129174e-07
209706548.17792794,-0.7338419086647261,-0.0036264070632748852,2.795634255203794e-07,-2.1593353982836405e-07
209706785.1731279,-0.7338430422793965,-0.003626500135870249,2.0076793150192174e-07,-3.8065256220557245e-07
209706905.18272886,-0.7338434570572321,-0.00362641739084259,3.200098802613738e-07,-3.340269579986052e-07
209707085.15392882,-0.7338443830084262,-0.003626322707298096,1.9474419421516842e-07,-2.933057620941974e-07
209707205.1635288,-0.7338448793094765,-0.003626264624889747,2.3225955314565283e-07,-2.710704488152228e-07
209707325.17312777,-0.7338454571337277,-0.0036262312050240517,1.8816945002164687e-07,-2.7338806897958187e-07
209707505.14432874,-0.7338467978627009,-0.0036260537773896953,-3.52305700723754e-07,-1.4934753047842267e-07
209707625.1539277,-0.7338468722240125,-0.003626284497012598,1.0685930595943915e-07,-4.1552899195801407e-07
209707745.16352868,-0.7338474720823489,-0.00362609116429019,4.0443271176471285e-08,-2.5754716531612917e-07
209707865.17312863,-0.7338479981278491,-0.0036261253701837036,4.775554229841106e-08,-3.269926274261474e-07
209707985.18272862,-0.7338484944288347,-0.003626067288294474,8.472730517183891e-08,-3.040385957082427e-07
209708165.1539276,-0.7338491835206111,-0.003626150819457362,1.9519224503383725e-07,-4.400386793600511e-07
209708346.16192755,-0.7338501315058489,-0.0036258962242766944,5.117424872747023e-08,-2.3795909301002616e-07
209708525.18272752,-0.7338509092827566,-0.00362579836125862,6.834356980345291e-08,-1.9178170093713323e-07
209708645.1923285,-0.7338513020262578,-0.0036258755303383476,2.0839645165082743e-07,-3.034573580378355e-07
209708825.16352847,-0.7338523095003193,-0.003625805511526425,-2.4027668743542563e-10,-2.849717684713822e-07
209709005.22112742,-0.7338529391031091,-0.0036257044676498784,1.6917768319579807e-07,-2.3522745407848072e-07
209709125.1443284,-0.7338533021021538,-0.003625689349057704,3.3823611655936503e-07,-2.541316995621594e-07
209709245.1539274,-0.7338540132280488,-0.0036256129680335906,1.5946097164931672e-07,-2.1168226920593655e-07
209709366.20032835,-0.73385457617989,-0.0036255334057372682,1.333673115277989e-07,-1.6622701096624323e-07
209709545.2211273,-0.7338552575614514,-0.003625364737058767,2.457988577120318e-07,-4.7783172085757997e-08
209709665.1443283,-0.7338558579674085,-0.003625629663936621,1.770417200619434e-07,-3.4620911701539747e-07
209709845.20192724,-0.7338566357441575,-0.0036255318022068764,1.973313324965531e-07,-2.984236641737602e-07
209709965.21152824,-0.733857250474752,-0.003625384615152905,1.1440139702223462e-07,-1.8446513835347622e-07
209710085.2211272,-0.7338576801246605,-0.003625348015802162,2.164588819297819e-07,-1.8097575171446834e-07
209710265.19232714,-0.7338586506917493,-0.0036253917679831007,4.308573964273421e-08,-2.741578707956237e-07
209710384.16512713,-0.7338591249579538,-0.003625493600726577,9.570075842901815e-08,-4.085195151781913e-07
209710505.21152812,-0.7338595766424323,-0.0036252970885080685,1.7998502399585448e-07,-2.449821592878654e-07
209710625.2211271,-0.7338601544662775,-0.0036252636710964706,1.3344355653810425e-07,-2.4413629603732903e-07
209710815.21472806,-0.7338609102082596,-0.003625325723424033,2.186073494447882e-07,-3.575073082347918e-07
209710935.22432703,-0.7338614065090268,-0.0036252676433889647,2.533410716765161e-07,-3.3168607879328557e-07
209711055.147528,-0.7338620509837526,-0.0036252127451564605,1.3942192667038e-07,-3.0890177247404685e-07
209711175.15712696,-0.7338624360173555,-0.003625037714440579,2.852290582611161e-07,-1.6588597641885305e-07
209711294.21632692,-0.7338631548523826,-0.003625213536348662,9.293448210989652e-08,-3.7334813292322355e-07
209711404.2035269,-0.7338638362338948,-0.0036250448693658016,-1.0211321699316045e-07,-2.3380294192961587e-07
209711525.1635279,-0.7338641694886352,-0.0036249374639282603,9.938929990127576e-08,-1.5830497061310178e-07
209711645.17312786,-0.7338645919756419,-0.003625106922495064,2.073588115658609e-07,-3.592960564572506e-07
209711825.14432782,-0.7338657994019199,-0.003624972464388329,-2.0475944306763694e-07,-2.7189254483148476e-07
209711945.15392682,-0.7338660362616687,-0.003624794252185097,8.858896394237092e-08,-1.249017572745384e-07
209712065.16352677,-0.7338664956554605,-0.0036248499419322534,1.593033086555451e-07,-2.1168775866898734e-07
209712245.22112677,-0.733867310885084,-0.0036250965716644592,1.3923828146022998e-07,-5.047374185543005e-07
209712365.14432773,-0.7338677994766581,-0.003624786291492761,1.8012169822334556e-07,-2.2521667852447996e-07
209712485.15392768,-0.7338685034392014,-0.00362491597049578,5.91433257923768e-09,-3.855507520254646e-07
209712604.21312767,-0.7338689182168933,-0.0036248332285296653,1.1659602849878326e-07,-3.3309562383733796e-07
209712724.22272664,-0.7338694514245142,-0.003624661380632137,1.1294069690581665e-07,-1.9164946698938326e-07
209712844.1459266,-0.7338700220850322,-0.0036248340219087417,7.134896706784133e-08,-3.945429656549912e-07
209712965.19232658,-0.7338705773277037,-0.0036245022611638145,5.0026327635954715e-08,-9.318799396029753e-08
209713085.2019266,-0.7338717621730484,-0.003624069460064876,-6.05575675161063e-07,3.0959689590421766e-07
209713205.21152756,-0.7338722066946861,-0.0036240790065443394,-5.209573561426595e-07,2.701631833081433e-07
209713324.18432653,-0.7338724066475845,-0.003624014563764119,-1.9644408755237208e-07,3.0510464036617377e-07
209714405.2211263,-0.7338770518158994,-0.0036240455894326817,-8.081566915674188e-08,1.191028348949269e-08
209788925.22111082,-0.7342018862012394,-0.003635505338169218,7.015049530156858e-07,-1.528482776657833e-07
209789106.1427118,-0.7342033458486116,-0.003635697211126799,8.185190958354127e-08,-2.6292466284239327e-07
209789285.16351175,-0.7342039979980677,-0.003635894577546004,2.6112604434302966e-07,-3.7916333841311184e-07
209789525.18271068,-0.7342047547333994,-0.003636873218034332,6.195018252830309e-07,-1.2487350067656548e-06
209789705.15391067,-0.7342058057664634,-0.0036360252243591287,4.0489452546310645e-07,-3.1873474515189265e-07
209789944.2227116,-0.7342080365054227,-0.00363678362868542,-7.143747787763388e-07,-9.679052714378286e-07
209790845.20191044,-0.7342113921066226,-0.003636466512383278,1.226868440173945e-07,-2.3604104307066442e-07
209791564.22271127,-0.7342147999994645,-0.0036365400364374205,6.497796056770255e-08,2.494221752313147e-08
209791805.19231126,-0.734215874608125,-0.0036369069057378524,1.1395595955754345e-07,-2.291164220959499e-07
209792285.14431113,-0.734218357078064,-0.0036375332741860815,-1.294085852920901e-07,-6.2973145858276e-07
209793005.20191,-0.7342213050844922,-0.0036370928117959,2.847680325990254e-07,1.5209452898816075e-07
209793364.19391093,-0.7342227729246782,-0.0036379951505969683,4.944531856176937e-07,-5.788462021211714e-07
209793605.16351086,-0.7342243284458407,-0.0036377995922476556,6.54183703874267e-08,-2.6778479235911243e-07
209793905.1443108,-0.7342258024485828,-0.003637579363283032,-5.7180814527768575e-09,9.674479971169894e-08
209794146.20031074,-0.7342270252241934,-0.003637949433226594,-1.0078295253901359e-07,-1.5695608879175843e-07
209794386.2195107,-0.7342282700471138,-0.003638159593358275,-2.2238967190002512e-07,-2.508802993623008e-07
209794625.20190966,-0.7342292185318179,-0.0036383633591511835,-5.216178067257715e-08,-3.385466160158064e-07
209794864.1843106,-0.7342302408470505,-0.0036383395955829636,4.457874092089753e-08,-1.9831726189153617e-07
209795105.15390956,-0.7342314559341099,-0.0036384574660302377,-4.1804318340332713e-08,-1.9838111113340204e-07
209795345.17311049,-0.73423281918993,-0.0036385785344337125,-2.8046978539642e-07,-2.0173435765283299e-07
209795585.19230947,-0.7342338194570333,-0.0036387146821136307,-1.5581351753279904e-07,-2.1979292108564863e-07
209795825.21151042,-0.7342347233381372,-0.00363878001313032,6.555750453607345e-08,-1.6665934763748086e-07
209796065.14431036,-0.7342360568582399,-0.003638808791948463,-1.4279119764371018e-07,-7.663942871039692e-08
209796305.16351032,-0.7342363388354123,-0.003639227298509309,7.011284768321246e-07,-3.7592601388703947e-07
209796546.21951026,-0.7342382573434342,-0.003639016667935869,-8.630097203532472e-08,-4.517793961242994e-08
209796785.2019092,-0.7342395836826158,-0.0036392515036950722,-2.9098053344611685e-07,-1.605494969513302e-07
209797025.22110918,-0.7342409838526753,-0.0036392588105912797,-5.643173509595201e-07,-4.749156039133076e-08
209797325.20190912,-0.7342419102875368,-0.0036396224899473664,-8.198636813894211e-08,-2.6019544279972176e-07
209797566.17150906,-0.7342431622884403,-0.003639626599797983,-2.0201014416798557e-07,-1.425918563094722e-07
209797805.153909,-0.7342439108191491,-0.0036398947907897478,1.7239527461132553e-07,-2.8968661769769935e-07
209798045.17310995,-0.7342451628197747,-0.003639898901359284,4.84934986610952e-08,-1.7178658494581417e-07
209798345.15390888,-0.7342465337600138,-0.0036402721761404143,8.787810223953585e-08,-3.920195659544261e-07
209798586.20990884,-0.7342478893266127,-0.003640141049402999,-1.340706849983775e-07,-1.3746764335577713e-07
209798825.1923098,-0.7342491859290791,-0.003640283597846276,-3.0652833094002574e-07,-1.572593347582904e-07
209799065.21150976,-0.7342499713747285,-0.003640438025541233,3.732348374807515e-08,-1.8800198772891616e-07
209799276.2003097,-0.7342510531575696,-0.0036405988500241,-5.15253461008669e-08,-2.397723890528586e-07
209799426.19070867,-0.7342516089163337,-0.0036407254078799993,9.871238559888695e-08,-2.8861679816352334e-07
209799605.21150964,-0.7342523200246814,-0.003640649108655385,2.3038185714696624e-07,-1.193580221594756e-07
209799784.1459086,-0.7342533648913481,-0.0036409236983990564,2.803377097126969e-08,-3.0080976096656664e-07
209799966.19070855,-0.7342542687703217,-0.0036409890344768505,-1.8531219669881693e-08,-2.711590283434838e-07
209800145.2115085,-0.7342549726973855,-0.0036411187913177115,1.2076079680678475e-07,-3.072802170836497e-07
209800325.18270847,-0.7342559950100335,-0.003641095035320943,-5.3711400993528e-08,-1.891642153941525e-07
209800505.15390846,-0.7342567286716302,-0.003641317083525941,6.061137780566384e-08,-3.1662390070907875e-07
211850466.19999465,-0.7439806702025776,-0.0037076259091914795,-1.1000691435558707e-07,2.5790692027719345e-07
211850945.20159364,-0.7439825947985451,-0.0037076729120041952,-2.7814360925582093e-07,5.240285035289748e-07
211851305.1439936,-0.7439839119036824,-0.003708117489372767,-2.7343737574181404e-07,3.1514643001597994e-07
211851576.18079457,-0.7439847772174789,-0.0037087572381537376,-1.4234343526098314e-07,-1.4689802947448136e-07
211852145.2111935,-0.7439868198018382,-0.003709173711796568,-9.001851664081073e-08,-1.8966062375344941e-07
211852445.1919945,-0.7439878337194096,-0.003709358857281021,2.0698833758103774e-09,-1.7745195873960715e-07
211852625.16319448,-0.7439887591447764,-0.0037092669016057316,-2.5928639457717395e-07,3.301776135009385e-08
211852806.17119345,-0.7439890770796793,-0.00370957251872132,9.107106724304259e-08,-1.5331723561161012e-07
211853165.1631934,-0.7439906312796764,-0.003709839596147447,-1.3653804931124114e-07,-1.8357029917329126e-07
211853405.1823944,-0.7439914010052119,-0.003709950043328444,-1.8454134331769012e-08,-1.3549116609484074e-07
211853585.15359437,-0.7439921854792966,-0.003710106674268837,-1.3678186305821072e-07,-1.7315741661057607e-07
211853945.18239334,-0.7439935768843214,-0.003710323953376256,-1.9442908971711859e-07,-1.5219675300777447e-07
211854127.14079434,-0.7439941466640536,-0.0037104982523934035,-8.955184715997433e-08,-2.059609999901721e-07
211854306.16159332,-0.7439950573402321,-0.0037103601148196857,-3.3608831362386127e-07,5.084961334509211e-08
211854485.1823943,-0.7439955604713451,-0.003710555697781305,-1.747103745008971e-07,-2.5976731289449606e-08
211854725.2015933,-0.7439963596935036,-0.003710758513264967,-8.242733928742751e-08,-6.944000485774662e-08
211854905.17279327,-0.7439972255640189,-0.0037109400452616016,-2.7939982361058213e-07,-1.3138782670738328e-07
211855145.19199425,-0.7439981209315366,-0.00371121394469386,-2.821206830372347e-07,-2.45671650457753e-07
211856765.1919931,-0.7440039973840594,-0.0037121364907200132,-1.1710540070986042e-07,-8.694074417553779e-08
211857065.17279404,-0.7440049593989002,-0.003712389108369213,4.268518982719627e-08,-1.3857316891185967e-07
211857305.19199306,-0.7440053740380881,-0.003712307590925068,5.262953410856142e-07,1.0392840237277018e-07
211857606.20959404,-0.7440072685702317,-0.0037127204599604864,-2.4086679095702834e-07,-1.0682610459850778e-07
211857785.143994,-0.7440077422031693,-0.0037128236773801017,-4.391656793778509e-08,-8.978492180419448e-08
211858026.19999298,-0.7440085414236075,-0.003713026495654903,6.07682897335593e-08,-1.3045733764354556e-07
211858326.18079397,-0.7440096886345252,-0.0037131690806238094,3.9230596216022207e-08,-7.10412273530539e-08
211858446.19039392,-0.7440101622672682,-0.003713272298372856,1.6182305384582207e-08,-9.33784758804651e-08
211858746.1711929,-0.7440115389200341,-0.003713443401024597,-2.3355193190521817e-07,-6.213723109443556e-08
211858985.1535939,-0.7440124195367742,-0.0037136711204616476,-2.157711702643894e-07,-1.2848130262997637e-07
211859225.17279387,-0.7440133668017854,-0.0037138775567665985,-2.6018679355477303e-07,-1.726840356710939e-07
211859465.19199285,-0.744014121776288,-0.003713941825321369,-1.1176197978191027e-07,-7.455986006767515e-08
211859705.21119386,-0.7440149209958363,-0.0037141446450588435,-7.037822546962502e-09,-1.148269608577078e-07
211859885.18239382,-0.7440156907185385,-0.003714255097628341,-9.86116455159447e-08,-1.0328894716436776e-07
211860065.15359378,-0.7440162976476258,-0.003714315749600276,-2.7091223930852948e-08,-4.1859667103232023e-08
211860245.2111928,-0.7440167636248404,-0.003714624986251774,1.8600529783086017e-07,-2.288653838940051e-07
211860425.18239275,-0.7440175999957049,-0.0037147141559580985,2.8678386887470708e-08,-1.9577142813505602e-07
211860605.15359375,-0.7440182735730139,-0.0037147535250064497,3.4438721430163355e-08,-1.1278510176531212e-07
211860785.21119374,-0.7440193246372467,-0.003714825029052467,-3.3667014220917224e-07,-6.178289419693853e-08
211860906.17119274,-0.7440196502241191,-0.0037149246308786593,-2.0531054711891983e-07,-7.903491719028419e-08
211861265.1631927,-0.7440208564263863,-0.003715251954301756,-5.4598800258709446e-08,-1.6170890157918977e-07
211861445.22079268,-0.744021611400094,-0.0037153162244898783,-1.285675892415128e-07,-1.0313181223993786e-07
211861626.14239368,-0.7440221145284652,-0.0037155118112589093,5.2859791765946795e-08,-1.7518721147097988e-07
211861805.16319364,-0.7440228695020346,-0.003715576081721206,-2.447307956288114e-08,-1.1713040545292819e-07
211861985.22079265,-0.7440234245303834,-0.0037157042018103143,1.0233956060368143e-07,-1.2212030407309643e-07
211862166.1423926,-0.7440244460973542,-0.0037156833400050957,-2.3383835134893616e-07,2.255835902320938e-08
211862345.1631936,-0.7440249268218337,-0.003716038761436886,-3.6104226164290765e-08,-2.1025209650605073e-07
211862525.22079358,-0.7440255632466012,-0.0037161917824497285,1.01279964415113e-08,-2.3985633010792026e-07
211862706.1423936,-0.7440263034715563,-0.0037162098699493663,-4.3894660572973976e-08,-1.338377425609029e-07
211862828.22559255,-0.744026695706368,-0.0037162881893329125,2.7061200724709522e-08,-1.2835697284609496e-07
211863125.1823925,-0.74402780576228,-0.0037165444308183055,4.418176058340606e-08,-1.8057518440814727e-07
211863366.15199253,-0.7440287235284014,-0.00371665850386142,4.1599289346549995e-08,-1.2889527415977514e-07
211863487.19839248,-0.7440292266560383,-0.003716854091649604,-1.629211654474716e-09,-2.4115382239123934e-07
211863665.1823935,-0.7440299297286843,-0.0037169858304187983,-2.8266071594451603e-08,-2.5028599493241363e-07
211863845.15359247,-0.7440305366565149,-0.003717046484884456,4.9046729899693275e-08,-1.868664068920868e-07
211864025.21119246,-0.744031106432311,-0.0037172207899269904,1.6409196967881456e-07,-2.3693820795471499e-07
211864266.18079242,-0.7440322388911932,-0.003717317198623152,-5.148594384163374e-08,-1.6692987173973217e-07
211864385.15359342,-0.7440327644223196,-0.003717352952727657,-1.241661703454966e-07,-1.20453216265453e-07
211864506.1999934,-0.7440332233050667,-0.0037174099898753723,-1.2219507372623895e-07,-9.37811191117216e-08
211864746.21919337,-0.7440339411254351,-0.0037175879131967093,7.412359781522326e-08,-1.0558435254099177e-07
211940285.22078586,-0.7443473128075418,-0.003774841096133841,-1.5930527563767782e-07,3.507056340443411e-07
211940645.16318682,-0.7443488810699297,-0.00377561273643975,-5.762521992913605e-08,-1.8284704513980496e-07
211940945.14398682,-0.744350339638841,-0.0037753506640269877,-1.2345092659238333e-07,2.769545080169057e-07
211941185.1631868,-0.7443513977305538,-0.0037756744702993885,-6.65495281104711e-08,1.108986867623743e-07
211941365.22078675,-0.7443520341193277,-0.003775827550937019,1.3387460029434806e-07,7.589350676552586e-08
211941485.14398676,-0.7443529742549917,-0.0037757818783406734,-2.4874823423282066e-07,2.0008117955147564e-07
211941665.20158675,-0.7443534401909958,-0.0037760911591793664,1.2264562621044917e-07,8.496461929852206e-09
211941785.21118674,-0.7443540618350899,-0.0037761980552638032,5.925765111935988e-08,-2.008073868428259e-08
211941965.18238673,-0.7443550019705408,-0.0037761523832213887,-4.344189452609726e-08,1.4285207593353264e-07
211942086.1423857,-0.744355357025832,-0.0037763443861832976,1.645187455157071e-07,2.9533350262306995e-08
211942206.1519857,-0.7443560453169158,-0.0037764300059728454,3.495300027189785e-08,2.1878234764648175e-08
211942385.1727857,-0.7443568444883493,-0.0037766329040844968,6.948800301831426e-08,-6.490583428359065e-08
211942505.18238667,-0.7443575404488144,-0.0037765125078029014,-6.742096581024981e-08,1.3320384414060304e-07
211942626.14238667,-0.7443579173231597,-0.003777002897265208,1.193142676880754e-07,-2.7895873541683436e-07
211942746.15198666,-0.7443584062672285,-0.0037766941296670767,1.8968017345688537e-07,1.0732000821659857e-07
211942865.21118563,-0.7443590279108728,-0.00377680102664261,1.2304289676023927e-07,7.722088986783157e-08
211942985.22078565,-0.7443597162016146,-0.0037768866471623993,-5.685261927901308e-09,6.891109034876802e-08
211943106.18078664,-0.7443601750620733,-0.003776943727584941,9.957510371805256e-08,8.965192480102704e-08
211943225.1535856,-0.7443607153140293,-0.00377702571647187,1.1429954338559867e-07,8.410625118712364e-08
211943345.1631866,-0.7443613664461816,-0.0037772249837686196,2.310309377140385e-08,-3.815161317595461e-08
211943526.17118558,-0.7443622918365839,-0.003777133128766955,-5.7516508222832385e-08,1.6966538316214724e-07
211943646.18078658,-0.7443631134213341,-0.003777176196935029,-3.1886018181381814e-07,2.03355155535892e-07
211943766.19038656,-0.744363483220305,-0.003777414385677934,-1.2829802564784387e-07,4.182421651371948e-08
211943885.16318655,-0.7443640234719997,-0.0037774963750809606,-1.1291217172360035e-07,3.573157991406187e-08
211944005.17278555,-0.7443645489793275,-0.003777532179602325,-7.782217681384651e-08,7.638568464687565e-08
211944125.18238553,-0.7443650597423056,-0.003777521799236407,-2.787065689346946e-08,1.6312477657369484e-07
211944305.1535865,-0.7443657922654188,-0.0037777459758673803,8.06936432118377e-08,5.327168845501232e-08
211944546.2095865,-0.7443670945284498,-0.0037781445124773984,-9.460109962056151e-08,-1.92489530558438e-07
211944725.1439865,-0.7443678270512473,-0.00377836868953265,9.712595505639854e-09,-3.0352200588263864e-07
211945026.16158646,-0.744369322180857,-0.0037784511964631317,-7.706740257074074e-08,-1.9618643220305904e-07
211945145.22078547,-0.7443697662964158,-0.0037784620931732957,3.604090881292876e-08,-1.3216839107573278e-07
211945266.18078542,-0.7443703065475974,-0.003778544083555075,6.201865598853828e-08,-1.3814780977592506e-07
211945386.19038543,-0.74437092819011,-0.0037786509826628683,2.2636228447225903e-09,-1.6973250464066142e-07
211945506.19998643,-0.7443719273008849,-0.0037787900552054957,-4.348535606046866e-07,-2.3358945950993984e-07
211945625.17278638,-0.7443720234364813,-0.003778861148865526,2.6252988116759468e-08,-2.3021478781680774e-07
211945745.18238539,-0.74437257135767,-0.003778737123302643,4.053383062530003e-08,-3.117011956182969e-08
211945865.1919854,-0.7443732743913294,-0.003778868931514082,-1.0019454477205869e-07,-8.805772950008436e-08
211945986.15198538,-0.7443738293864619,-0.003778997107443722,-8.832778186640411e-08,-1.408192990500802e-07
211946106.16158536,-0.7443741254633527,-0.0037790043722980655,1.7810504526760695e-07,-7.336100394782913e-08
211946225.22078636,-0.7443748284968369,-0.0037791361808241753,3.3225759143995504e-08,-1.3113514254819644e-07
211946406.14238635,-0.7443758423512622,-0.0037793214395006863,-1.3227406292504185e-07,-2.0407634329470958e-07
211946525.20158535,-0.7443762198193764,-0.0037793536132933654,4.865683400634424e-08,-1.6245867747463963e-07
211946645.21118534,-0.7443767305816894,-0.003779343234659266,1.0084768753415574e-07,-7.77969026257222e-08
211946765.2207863,-0.7443774188707241,-0.0037794288586995217,-2.4392050379518082e-08,-8.923543114765925e-08
211947006.1903853,-0.7443784185773697,-0.003779109715556564,1.067453558878384e-07,3.785719109830783e-07
211947125.16318628,-0.7443790396223756,-0.0037796748336794864,4.4165901713633104e-08,-1.1329157513810181e-07
211947426.18078625,-0.7443803642969764,-0.0037799135440014595,1.3288949340939382e-07,-1.6708355669338426e-07
211947605.20158526,-0.7443814005652603,-0.0037799389730687636,-6.253493856078762e-08,-8.28271450757298e-08
211947726.16158625,-0.7443818370096033,-0.003780155887590221,6.927029683190256e-08,-2.2575156581996006e-07
211947845.22078523,-0.7443823996745836,-0.003780078048634951,6.601224900038005e-08,-7.518090788978526e-08
211947965.1439852,-0.7443828880218096,-0.003780227502133928,1.412178477488979e-07,-1.5147073374657122e-07
211948086.19038522,-0.7443838576427061,-0.003780274208052907,-2.594850641024493e-07,-1.2442512672830933e-07
211948206.1999862,-0.7443844350517085,-0.003780242554470296,-2.727637524735371e-07,-1.9748178984885928e-08
211948385.2207852,-0.7443850195340239,-0.0037804631022685174,-1.556541129321687e-08,-1.3154369957841736e-07
211948565.19198516,-0.7443856040162584,-0.0037806836501629096,2.462867204622299e-07,-2.4297658316602133e-07
211948805.21118617,-0.7443869216162855,-0.0037806701617102544,5.768722421972683e-08,-8.430054278078802e-08
211949165.15358612,-0.7443886904039254,-0.003780919774194005,-1.741274757716127e-08,-1.1689705200742043e-07
211949345.2111851,-0.7443893415328201,-0.0037811190467166946,1.7896925530447305e-07,-2.0792948402870506e-07
211949525.1823851,-0.7443902073468586,-0.0037813006765083693,1.6042901451740477e-07,-2.815836754647104e-07
211949825.16318607,-0.7443913692370523,-0.003781489572851001,4.111660248939941e-07,-2.9097428093285277e-07
211950005.22078505,-0.7443927534833097,-0.0037814548106859516,-1.249620094068149e-07,-1.4874913425912822e-07
211950185.19198504,-0.744393404611736,-0.0037816540839676993,7.177942673575188e-08,-2.408216077764806e-07
211950485.172785,-0.7443947145394914,-0.0037818466146985292,1.7544818742276647e-07,-2.5513367433570994e-07
211950665.14398497,-0.7443952028856377,-0.003781996069922324,5.353803624874587e-07,-2.9794694752713347e-07
211951145.18238494,-0.7443974682870309,-0.003781730908532873,5.33312555450749e-07,2.506427749494021e-07
211951386.15198493,-0.7443991774976427,-0.003782254003476785,-3.9370963933471614e-08,-1.307328391353911e-07
211951631.18238592,-0.7444000285664718,-0.003782389450624976,2.654905507659677e-07,-1.2245162011844182e-07
211951806.1423859,-0.744401027673176,-0.0037825285315682415,9.190794936220215e-08,-1.5913883610928561e-07
211951985.1631859,-0.744401745447688,-0.0037827065306535674,2.1894479274031653e-07,-2.3256812328124182e-07
211952225.18238485,-0.7444032110834049,-0.0037826966820623674,-1.1382722830965974e-07,-8.283648049488626e-08
211952405.15358582,-0.7444037955636035,-0.0037829172330016547,1.5128074803971714e-07,-1.9873792338025165e-07
211952825.1439858,-0.744405764288117,-0.0037831030271096126,1.6566510641080612e-07,-1.411049441839285e-07
212026805.14397883,-0.7447615091602808,-0.003807319151263319,3.747904130380064e-07,2.4272558939728364e-07
212027166.20957983,-0.7447637738678785,-0.0038075124480822847,-1.0319164744920784e-07,4.0176350268351924e-08
212027466.1903798,-0.7447651061610194,-0.003807545291185341,4.878760651028102e-08,-1.505882438277567e-09
212027646.16157877,-0.7447661052213881,-0.0038076844777891724,-5.987898199499853e-08,-1.4649580875897988e-07
212027825.18237877,-0.7447667268305431,-0.0038077914480764735,2.041367055394261e-07,-2.5961017752597695e-07
212028065.20157975,-0.7447680962908273,-0.0038077106507355533,2.1952561324312114e-08,-1.876303935125813e-07
212028245.17277974,-0.7447690363929623,-0.0038076650921373143,-2.799407061715442e-08,-1.4911827311923226e-07
212028425.14397973,-0.7447700284021164,-0.003807552078753725,-1.299270165899813e-07,-4.3523236799725834e-08
212028604.16477972,-0.7447707762533456,-0.0038073643116025143,7.515410738179185e-09,1.3649658296786132e-07
212028786.2095787,-0.7447714273410665,-0.0038075636557882158,2.5658793267879787e-07,-7.110153893473761e-08
212028966.18077868,-0.7447725302149215,-0.0038075679342152217,4.353044102956005e-08,-8.39115118548249e-08
212029145.20157868,-0.7447734408379901,-0.0038074300037664005,1.7931920393010614e-08,4.5166678040459846e-08
212029325.17277965,-0.7447743290327281,-0.00380745190161418,1.9363347814049803e-08,1.4002690405627571e-08
212029505.14397863,-0.7447756023671694,-0.003807300002643314,-3.6444563145110465e-07,1.5626850211232501e-07
212029686.15197864,-0.7447762906221926,-0.0038073857062466236,-1.5815587017797839e-07,6.050690636374978e-08
212029866.20957962,-0.7447770083558868,-0.00380756378308354,1.3850104618740033e-08,-1.2794173086033353e-07
212030706.19037855,-0.7447811462126241,-0.00380741377818072,2.5157569361056176e-08,-3.112767265776514e-08
212031005.22077852,-0.7447826412754909,-0.0038074964646164057,6.52920784105504e-09,-1.3464856383777618e-07
212031185.1919785,-0.7447838627021485,-0.003807412023569423,-3.264836914151914e-07,-6.322425343246313e-08
212031365.16317847,-0.7447846547710412,-0.003807362819192806,-2.3027624729277107e-07,-2.739429150232578e-08
212031846.15197945,-0.7447869124237286,-0.0038073039301335055,-1.1463397464606118e-07,-5.997475955969722e-09
212032026.20957947,-0.74478773397096,-0.0038073470996444728,-4.801365405260327e-08,-6.385377648550697e-08
212032206.18077943,-0.7447886074254217,-0.0038073228145987224,-3.388064617748654e-08,-5.460163765439244e-08
212032565.17277938,-0.7447903690734017,-0.0038073204317760467,-2.5514355184164117e-08,-8.325579196714894e-08
212032745.1439794,-0.7447911906203712,-0.003807363602113968,4.004448628247559e-08,-1.425103218666464e-07
212032925.20157838,-0.7447920493354323,-0.0038072931313414752,6.869320701152759e-08,-8.848069559625957e-08
212033105.17277837,-0.7447930560826934,-0.0038072263112497247,-5.1287351698903194e-08,-3.8441876661510915e-08
212033285.14397934,-0.7447939000585332,-0.0038071096543308806,-8.6711812175011e-09,6.108689461561956e-08
212033466.15197834,-0.7447948029909548,-0.003807177744095898,-2.0083702811923843e-08,-2.457849158227221e-08
212033646.20957935,-0.7447958244772058,-0.0038071571114380357,-1.549132914169249e-07,-2.1775143748455766e-08
212033825.1439793,-0.7447965498990201,-0.003807129177832873,6.071330105328343e-10,-1.1900393219466121e-08
212034066.19997928,-0.7447978008029636,-0.003807137115014094,-6.380825379181942e-08,-4.4701191827950515e-08
212034305.18237928,-0.7447988741964341,-0.0038070490286572,3.873881637694865e-08,1.8131378448551366e-08
212034546.15197924,-0.744800110361088,-0.0038070107800473843,-1.2059539478137538e-08,3.030989573519702e-08
212034726.20957926,-0.7448008947390007,-0.003807167593921746,8.905755088939316e-08,-1.4637993151021128e-07
212034905.1439782,-0.744802116164386,-0.003807083159392132,-2.5260009062222366e-07,-8.203152355090379e-08
212035085.20157823,-0.744802812107804,-0.0038069628538188846,-6.346144076907478e-08,1.7726723633686853e-08
212035266.2095792,-0.7448035817464164,-0.003807073481655557,5.643998435278519e-08,-1.1389457622856813e-07
212035566.19037917,-0.7448051069262566,-0.003806790335576023,4.995434843557689e-09,1.3371710454830252e-07
212035746.16157815,-0.7448061726288485,-0.0038069082659840155,-1.7684413844420988e-07,-5.9744225729824185e-09
212035926.21917915,-0.7448068166646579,-0.003806855415706415,6.31833309006069e-08,2.4773600778432714e-08
212036105.15357912,-0.7448077343349926,-0.0038069696955380745,2.383624253532446e-08,-1.1179712867525476e-07
212036285.21117914,-0.744808807727885,-0.003806881612299041,-1.6594988538898292e-07,-4.647210362189458e-08
212036466.2191791,-0.7448094812415288,-0.0038069211358715068,4.85715494491501e-08,-1.0920384125494634e-07
212036645.1535781,-0.7448103841726319,-0.0038069892297327257,2.3266947479783084e-08,-2.0056384903875332e-07
212036825.21117806,-0.7448113172241118,-0.0038066914816152144,-2.6888413717784942e-08,7.34482471019364e-08
212037005.18237907,-0.7448122348940319,-0.0038068057626490593,-6.2328971761616e-08,-6.488082941128598e-08
212037186.19037804,-0.7448130269616224,-0.0038067565648409697,3.2666930382951875e-08,-4.019451659963841e-08
212037425.17277902,-0.7448142926029382,-0.003806810694731876,-6.218329862139882e-08,-1.2718362463106508e-07
212037605.143978,-0.7448150846704246,-0.003806761497399964,2.7145848791043647e-08,-1.0310348127042304e-07
212037785.20157802,-0.7448164541268198,-0.003806680719413847,-4.6074741055779356e-07,-4.777304721866743e-08
212038025.22077897,-0.7448172981018949,-0.003806564068278017,-1.2999139498148793e-07,3.446320544567283e-08
212038265.15357897,-0.7448183195866118,-0.0038065434423303858,2.2363664142766027e-08,2.0126315118836058e-08
212038506.20957896,-0.7448196890427982,-0.003806462665640305,-1.6823642123853233e-07,6.521526199447514e-08
212038745.19197893,-0.7448208880369127,-0.003806538065516567,-1.9899583747484684e-07,-4.6117747625092076e-08
212038985.21117893,-0.7448217243205617,-0.003806627429888185,1.3753480587741507e-07,-1.7212178365661607e-07
212039225.1439789,-0.7448230860850698,-0.0038067526689642556,-5.233390032444163e-08,-3.3453591764820434e-07
212039465.16317785,-0.744824263292568,-0.0038065296821523276,-5.772687583505132e-08,-1.4928336676935453e-07
212114466.15197226,-0.7451628228380918,-0.003774436649372556,1.991284537261606e-08,2.5337809721756935e-07
212114706.17117226,-0.7451638962175956,-0.003774348677776278,-4.0499880227251595e-08,1.7532743622032665e-07
212114945.15357223,-0.7451650067752951,-0.0037741470695085984,-1.4316605034814245e-07,2.1128133367897053e-07
212115185.17277223,-0.7451658577694781,-0.0037742827059917086,1.739425281588325e-08,-9.107572455447147e-08
212115426.1423732,-0.7451667683856796,-0.0037741448805852134,1.216154154048965e-07,-1.2097808506795343e-07
212115606.1999732,-0.7451674643260126,-0.0037740246494760983,1.835062194421866e-07,-1.263016896897555e-07
212115785.22077218,-0.7451686120620133,-0.0037737094054039358,-2.1117001702819493e-07,6.392143887508708e-08
212115965.19197217,-0.7451691894424666,-0.0037736778841930356,-3.190548525378034e-08,-3.043074304478685e-08
212116146.19997212,-0.7451698187356669,-0.003773578914261397,9.938490808103495e-08,-5.824876043482308e-08
212116326.17117214,-0.7451705960575701,-0.003773483611246302,7.786909339557724e-08,-8.919432737276162e-08
212116505.1919721,-0.745171573320949,-0.0037733245264575392,-1.4799884806571129e-07,-5.587482279677605e-08
212116685.1631731,-0.7451722545269539,-0.0037731581081853426,-7.424487458163043e-08,-1.6072415948056168e-08
212116865.22077307,-0.7451727505258299,-0.003773101660067948,1.8464974593790373e-07,-8.648298921659983e-08
212117045.1919731,-0.7451737944363972,-0.003772921315292297,-1.0516122173065412e-07,-3.311648945954898e-08
212117226.19997308,-0.745174423729609,-0.0037728223462115762,2.355120132246924e-08,-6.2037652689452e-08
212117405.22077206,-0.7451751638729616,-0.00377284068114042,3.2656452653156975e-08,-2.070352774206398e-07
212117645.15357205,-0.7451761783148932,-0.0037725679607805524,2.1711823117165352e-08,-1.0434735745867146e-07
212117825.211172,-0.7451768742552825,-0.0037724477315954877,7.83278444327351e-08,-1.119221584547532e-07
212118005.18237302,-0.7451777701372242,-0.003772263720966277,-6.580609479556188e-08,-5.582650985155174e-08
212118185.15357298,-0.7451784436332844,-0.0037723033171335927,1.1995742066339687e-08,-2.2350838098849843e-07
212118426.209573,-0.7451795247225146,-0.0037720093372595165,-6.350457137926924e-08,-1.0135307992658812e-07
212118605.14397195,-0.7451800873685458,-0.0037719316297181774,1.1976229197241395e-07,-1.5138388004742528e-07
212118785.20157197,-0.7451806205460717,-0.0037717615459096033,3.36721144189589e-07,-1.1000536434113001e-07
212118965.1727729,-0.7451814350466508,-0.003771552608537198,2.715342954928701e-07,-2.987545107916573e-08
212119145.14397293,-0.7451823751313806,-0.0037715071636715103,8.029784781538041e-08,-1.1340032849858558e-07
212119330.21277192,-0.7451832043662123,-0.003771344414910216,2.0633671216074845e-08,-8.344186840352624e-08
212119505.1727719,-0.7451835818048566,-0.0037713766774032324,3.7027217669738377e-07,-2.4139606468777386e-07
212119745.1919729,-0.7451848775701172,-0.0037710651061923753,7.121981637769892e-08,-1.0249701750926835e-07
212119925.16317287,-0.7451854773949871,-0.0037708737627586914,2.1819321782690082e-07,-4.0807998807380896e-08
212120105.22077188,-0.7451865507740434,-0.0037707857982962854,-1.085098664255213e-07,-8.271392262435007e-08
212120286.14237183,-0.7451871281542445,-0.003770754280123377,6.388160433967727e-08,-1.8184252311564952e-07
212120586.20957184,-0.7451883425382725,-0.003770417782369586,9.194584338345635e-08,-6.236280775335015e-08
212120885.1535728,-0.7451892826228352,-0.003770372339408538,3.8830272675038913e-07,-2.335333804817999e-07
212121065.21117178,-0.7451905783883137,-0.003770060770369424,-1.6339746367055596e-07,-5.2626512450811014e-08
212121245.18237177,-0.7451911782133551,-0.0037698694279427224,-2.0012173806982503e-08,7.973341038629289e-09
212121426.19037274,-0.7451916889462856,-0.0037698591708072255,2.1624198520697746e-07,-1.1340789189250716e-07
212121605.21117276,-0.7451927847701848,-0.0037696113833762587,-1.4129625702796744e-07,4.047392443765063e-09
212121786.21917275,-0.7451934287975562,-0.003769558606039331,-3.935155501455512e-08,-7.509295695852514e-08
212121965.1535727,-0.7451940433567606,-0.0037694134523516784,8.301007359268198e-08,-6.048121322732927e-08
212122205.17277172,-0.74519511673568,-0.0037693254905870758,-2.670994536657645e-09,-1.4783451064790537e-07
212122385.1439727,-0.7451956941157696,-0.0037692939738652297,1.5994456159518222e-07,-2.4792709736425056e-07
212122565.2015727,-0.7451966271771665,-0.003768996331540311,-3.328336206642746e-08,-8.208790951667877e-08
212122744.22237265,-0.745197456412203,-0.0037688335862525735,-1.2746061228696703e-07,-5.051465612471162e-08
212122985.19197166,-0.7451985297910669,-0.0037687456255629925,-2.122366297152567e-07,-1.3931535828952402e-07
212123165.16317162,-0.7451989963218282,-0.0037685968047581546,5.8968994021135757e-08,-1.2265719450494858e-07
212123345.22077164,-0.7451997589096395,-0.003768455320142323,3.394341330231754e-08,-1.135217949262135e-07
212123525.1919726,-0.7452009508489916,-0.003768278651767226,-4.2131815203294565e-07,-6.926045227877847e-08
212123705.1631726,-0.745201402645836,-0.0037680836430280555,-1.369700551867581e-07,-6.778290153990063e-09
212123946.21917257,-0.7452021799676621,-0.0037679883472215943,7.087216213896852e-08,-8.917471773072644e-08
212124123.16637158,-0.7452028464403307,-0.003767775746807201,1.2694484974318243e-07,-7.141370051300805e-09
212124305.21117258,-0.7452035865827981,-0.0037677940879018643,1.2961767426045157e-07,-1.5992569148831626e-07
212124483.19517154,-0.7452043639046003,-0.0037676987925934747,7.800421386594536e-08,-1.961853753318886e-07
212124665.15357253,-0.7452051636718733,-0.0037674436726261033,1.9598953238109118e-08,-7.566943122138195e-08
212124846.1615715,-0.7452059704615288,-0.0037674407542489055,-5.025649341128258e-08,-2.0676196439218045e-07
212125025.1823715,-0.7452062005604971,-0.003767011136388651,4.4794105069634327e-07,9.021013082366469e-08
212125205.15357247,-0.7452073847883007,-0.0037670404833829254,-4.674609255239659e-09,-7.259141597071653e-08
212199306.19996735,-0.7454673010462005,-0.0037147233616078787,5.3416702283648476e-08,-9.441610198529515e-08
212199606.18076736,-0.7454682116654132,-0.0037145856168636316,9.135645462343689e-08,-1.4672878486787083e-07
212199726.1903673,-0.7454684558017054,-0.0037146604205368604,2.2646200981135678e-07,-2.974854584301967e-07
212199846.1999663,-0.7454691075541618,-0.003714401682975643,-4.618461957317521e-08,-1.1465410209004351e-07
212199964.22236732,-0.7454691819289075,-0.0037141744158040875,2.521357185258921e-07,3.800976815107951e-08
212200085.18236732,-0.7454696330140635,-0.003714437656887109,1.8288435155167093e-07,-3.016438018749526e-07
212200205.1919663,-0.7454700848216819,-0.00371424268392207,1.0977197673067707e-07,-1.8243484101740717e-07
212200326.1519663,-0.7454704405201413,-0.0037139765870147267,1.3562764222818657e-07,7.346920567578852e-09
212200446.1615663,-0.745470521898889,-0.0037140015216236863,4.3266542049114065e-07,-9.325435532418422e-08
212200565.2207673,-0.7454709140621655,-0.003714080005302555,4.157837639739981e-07,-2.467570025636856e-07
212200685.14396727,-0.7454716100060569,-0.0037139598364068337,9.77052087014485e-08,-2.021022986308657e-07
212200806.19036627,-0.7454719060601281,-0.0037139671961667264,1.8291278447435388e-07,-2.8563307090997275e-07
212200925.16316727,-0.7454723431374193,-0.0037137260341034597,1.2042550900925875e-07,-1.1928739672732377e-07
212201105.22076625,-0.745472809675584,-0.003713577250902181,2.2053891080009436e-07,-8.363924744198697e-08
212201226.18076622,-0.7454731576475528,-0.0037135171666304216,2.530541369782924e-07,-9.94927999336051e-08
212201345.15356624,-0.7454734095103976,-0.00371338595830871,3.7528512630835564e-07,-4.292364462520418e-08
212201466.1999672,-0.7454740458097169,-0.003713539246392185,1.1945413302960617e-07,-2.720993775976767e-07
212201586.2095662,-0.7454743643208851,-0.003713386783427889,1.7800678830948158e-07,-1.9482146704002598e-07
212201705.1823672,-0.7454746603749278,-0.003713394143427231,2.5561522409844883e-07,-2.766648895891413e-07
212201825.19196722,-0.7454752160186253,-0.003713064282921404,7.674466884211029e-08,-2.1883961872238428e-08
212201945.2015662,-0.7454758445910165,-0.003713423583680606,-1.7520148554162063e-07,-4.5621072914704686e-07
212202066.16156617,-0.7454760080716666,-0.0037130152390616048,4.077746329489429e-08,-1.2343165863102495e-07
212202185.2207662,-0.7454761413683102,-0.0037129727297128892,2.8083050940264087e-07,-1.5524644720460445e-07
212202305.14396617,-0.7454765117975216,-0.003712752822860559,2.863123307328408e-07,-1.014857854871043e-08
212202425.15356615,-0.7454769481516847,-0.003712969875487605,2.2599070037543356e-07,-3.020089045192506e-07
212202546.19996613,-0.7454773410381794,-0.0037125901458087036,2.122334472609566e-07,2.3231267014256485e-09
212202666.20956716,-0.7454778223068466,-0.0037124875527175323,1.0669539163288277e-07,3.022064681097378e-08
212202785.18236715,-0.7454780811732236,-0.003712608546503042,2.2016428491422602e-07,-1.6476767364251646e-07
212202905.19196612,-0.7454784516025278,-0.003712388639862841,2.2516380182580065e-07,-1.9443782529361686e-08
212203025.20156613,-0.7454786957385423,-0.0037124634442678227,3.5630414452203496e-07,-1.6877365552987397e-07
212203146.1615661,-0.7454791994645522,-0.0037122010284663647,2.3067153642752913e-07,1.8584874640972804e-08
212203266.17116708,-0.745479510248883,-0.0037122545783173544,2.948555710702294e-07,-1.0937415450109136e-07
212203445.1919671,-0.7454801914625829,-0.0037120882217463987,1.7270295582516582e-07,-5.390634149910617e-08
212203686.1615671,-0.7454809835155695,-0.0037120391790437376,1.3262419629178623e-07,-1.5391639430952647e-07
212203925.14396706,-0.7454816499989934,-0.0037118266333280433,2.1129076721582152e-07,-8.895512638908837e-08
212204166.19996703,-0.7454823234855594,-0.0037118662895084544,2.887863799205803e-07,-2.772316008716434e-07
212204465.14396602,-0.7454833232107593,-0.003711547471378551,2.19495927100688e-07,-1.423772751584472e-07
212204645.201566,-0.7454838563975713,-0.0037113774351626655,2.462417317827814e-07,-8.295685113238888e-08
212204825.17276698,-0.7454843376663152,-0.0037112748429939794,3.242742240283647e-07,-9.078446265445642e-08
212205005.143966,-0.745484856122913,-0.0037110586174839834,3.647542436979734e-07,1.516566340608108e-08
212205245.16316697,-0.7454857148242316,-0.00371098832138078,2.50909822363532e-07,-6.138007585402075e-08
212205546.18076694,-0.7454866254436521,-0.003710850581565077,2.735161384048723e-07,-1.0742814395134012e-07
212205785.16316694,-0.7454873508481988,-0.0037108227948111994,2.882718964647424e-07,-2.252539776171139e-07
212206025.1823659,-0.7454883211132803,-0.003710411599224848,6.071252589556764e-08,3.9967926703486645e-08
212206205.1535669,-0.7454885210583968,-0.0037103478359284702,4.1722262045240655e-07,-5.5426546429794554e-09
212206385.21116692,-0.7454893278415106,-0.0037103449846355055,1.6678202496844818e-07,-1.1186151193135971e-07
212206565.18236688,-0.7454899276768832,-0.0037101536949591574,1.2264066717726507e-07,-2.9531939855793193e-08
212206745.15356588,-0.7454903492998801,-0.0037103245598187266,2.5632834643740665e-07,-3.091977259154881e-07
212206925.21116585,-0.7454908158385022,-0.003710175779090589,3.4498151546547007e-07,-2.691093060427398e-07
212207105.18236685,-0.7454914009437336,-0.003709938300196312,3.144145227507167e-07,-1.4010822627476618e-07
212207286.19036683,-0.7454921263482063,-0.0037099105144589614,1.4635067280277525e-07,-2.2125994486891717e-07
212207525.1727668,-0.74549292612881,-0.0037096554622397214,8.181361166315071e-08,-1.0977975211864943e-07
212207766.14236578,-0.7454937181816433,-0.0037096064224984445,3.0416186902471054e-08,-2.0520673586895896e-07
212208006.16156578,-0.7454941699902283,-0.0037094114527408024,3.1563697522329903e-07,-1.538315517919664e-07
212208245.14396676,-0.7454950953398336,-0.0037093199046833603,1.2342998922942883e-07,-2.0495423068596363e-07
212208485.16316676,-0.7454958579324005,-0.0037091784864477853,9.645050436102309e-08,-2.0651705055080294e-07
212208845.19196674,-0.745496997957266,-0.003709069365554387,5.850190953893275e-08,-3.1127950085498707e-07
212209145.1727667,-0.745497797738063,-0.0037088143144822835,1.7574606681058924e-07,-2.3389160958529887e-07
212209385.1919657,-0.74549858979082,-0.0037087652758733707,1.1660187904105612e-07,-3.266403885032222e-07
212209565.16316566,-0.745499337653347,-0.003708577668907071,-8.219013025723143e-08,-2.4513387862417843e-07
212209745.22076568,-0.7454997817339789,-0.003708588712169079,2.265077225782619e-08,-3.621427180559682e-07
212210105.16316664,-0.7455007442718085,-0.0037083835324066023,1.5618591486799005e-07,-3.682288139423423e-07
212210285.22076565,-0.7455012038088977,-0.0037079825513172348,2.4432338008306687e-07,-7.26461883092909e-08
212210585.20156562,-0.7455020253217128,-0.003708025892550986,3.343202029659764e-07,-2.911561349286905e-07
212210826.17116562,-0.745502943669578,-0.003707682144837221,1.473262988271884e-07,-8.772678720134555e-08
212211065.15356657,-0.7455032839133544,-0.003707828075908961,5.316566064061945e-07,-3.724701976757193e-07
212282226.18076205,-0.7456985453434078,-0.003689480138444552,-2.1003809247410743e-08,-1.4901381989017998e-07
212282465.163161,-0.7456991738875789,-0.0036898394798705434,6.21900875241721e-09,-4.971434848064123e-07
212282646.17116103,-0.7456996923501422,-0.0036896232872170036,-1.542974048529544e-08,-2.7219221698836574e-07
212282765.14396203,-0.7456998775689158,-0.0036895133460384815,1.2595627496558848e-07,-1.563687544729915e-07
212282885.15356198,-0.7457003735653033,-0.0036894569747500465,-4.05419448012978e-08,-9.396298179245241e-08
212283005.163162,-0.7457006176941291,-0.003689531794925105,4.487426541466277e-08,-1.6264717024334213e-07
212283126.209562,-0.7457010098479728,-0.0036896103049242576,-1.4840525142112426e-08,-2.3486521998983614e-07
212283246.219162,-0.7457013058980281,-0.0036896176845575934,1.874710320315387e-08,-2.3590459411913442e-07
212283426.19036096,-0.7457018685431315,-0.0036895400632321208,-4.947524467890929e-08,-1.4858413781466961e-07
212283546.19996196,-0.7457021870594707,-0.003689387621695982,-3.824140981656399e-08,1.045261691741059e-08
212283725.22076097,-0.7457026605894965,-0.0036894910719831803,-1.979444774757866e-08,-8.29693936272094e-08
212283845.14396194,-0.7457030155494379,-0.003689683213112536,-4.513270956962856e-08,-2.682652568510892e-07
212283965.15356094,-0.7457032379620595,-0.003689459641221169,6.235666638598758e-08,-3.774060844743965e-08
212284085.16316193,-0.7457035781944864,-0.0036896055920691826,5.206859099438077e-08,-1.766359558328691e-07
212284266.17116094,-0.7457040517244053,-0.003689709042545928,7.62658857178522e-08,-2.692500876456949e-07
212284385.1439619,-0.7457044516169783,-0.0036895815413665028,3.5700643552516453e-09,-1.3449866581409509e-07
212284505.1535609,-0.745704651563271,-0.003689517790794174,1.3371227614022985e-07,-6.333183854168728e-08
212284625.1631619,-0.7457051917418941,-0.0036895999912403853,-7.633780862992268e-08,-1.3801259721385808e-07
212284745.1727619,-0.7457053544943221,-0.003689649871581838,9.10778075180474e-08,-1.8026965910343876e-07
212284866.21916187,-0.7457057319204747,-0.003689682191770551,4.671161379921074e-08,-2.0479560656387966e-07
212284985.19196087,-0.7457060574252912,-0.003689781952512085,4.859935887058242e-08,-2.967926073364248e-07
212285105.20156088,-0.7457063759416559,-0.0036896295113709302,6.03664254139602e-08,-1.3641643421694397e-07
212285225.21116188,-0.7457066572641424,-0.0036895907011146377,1.0936478422873819e-07,-8.956689557344452e-08
212285346.17116085,-0.7457069385866294,-0.0036895518908812482,1.6101639055410288e-07,-4.2548049283483436e-08
212285466.18076083,-0.7457073012853055,-0.003689538020889173,1.287120816595433e-07,-2.0428932935492167e-08
212285585.15356183,-0.7457077228936583,-0.0036897089123632066,3.4679079052857276e-08,-1.8303913530085675e-07
212285705.16316184,-0.7457079228399419,-0.0036896451619837503,1.6519796974812095e-07,-1.1083082637666081e-07
212285825.1727608,-0.7457083374599336,-0.003689563851619684,8.107791049649649e-08,-2.0957411819410438e-08
212285885.1823618,-0.7457087815347454,-0.0036895749220283943,-1.9772084147717806e-07,-2.770647191752476e-08
212286065.1919608,-0.7457093441796663,-0.003689497301935454,-2.645398023970458e-07,6.303446054879702e-08
212286185.20156083,-0.7457093364405073,-0.0036897033134856566,7.380037081450297e-08,-1.34097585188786e-07
212286305.2111618,-0.7457096324903478,-0.0036897106938379846,1.0838416830694086e-07,-1.3249257817130392e-07
212286425.2207608,-0.7457099657341557,-0.0036896044433993467,1.0580607734400616e-07,-1.7150737235786806e-08
212286545.1439618,-0.7457103578875287,-0.00368968295446249,4.4111879149433264e-08,-8.6470824176791e-08
212286665.1535608,-0.7457106392099612,-0.00368964414453442,9.351769580945302e-08,-3.835691096904306e-08
212286851.17276075,-0.7457111274668173,-0.0036897937863513124,1.1796155618970516e-07,-1.7336642893321652e-07
212286966.17116076,-0.7457114754379915,-0.0036897337264309594,8.698137143881013e-08,-1.0413226432699763e-07
212287084.19356176,-0.7457117714877773,-0.003689741106967683,1.1628597129664797e-07,-1.0199503825032707e-07
212287205.15356076,-0.7457121489136824,-0.003689773427861527,7.234125887212173e-08,-1.2445357316492184e-07
212287325.16316172,-0.7457125263395707,-0.0036898057487967355,2.5804508085869315e-08,-1.4688169624847702e-07
212287445.1727617,-0.7457129851415562,-0.003689863010124714,-1.0208084744167678e-07,-1.9414248982616358e-07
212287565.18236172,-0.7457131850878297,-0.003689799260055142,2.8916461891626e-08,-1.2028395707675693e-07
212287745.1535607,-0.7457135330589771,-0.003689739200344832,1.7729088908069457e-07,-4.4862446490351315e-08
212287925.2111617,-0.7457143251047171,-0.003689690211796765,-1.1811337730094351e-07,1.9739354711542645e-08
212288105.1823617,-0.7457144359354949,-0.003689807532947899,2.6751475656894286e-07,-8.173135590712477e-08
212288286.19036067,-0.7457152574358338,-0.0036898509253811833,-5.4612238176154904e-08,-1.0893456123305459e-07
212288525.17276067,-0.7457158720019872,-0.003689705865997767,-9.782176291217581e-09,5.78806588708361e-08
212288705.14396164,-0.7457162641550582,-0.0036897843777328253,9.469628159397558e-08,-3.959849787914943e-09
212288886.15196064,-0.7457167524114818,-0.003689934020344064,1.0598067190503713e-07,-1.365852100847914e-07
212289065.17276162,-0.7457171964859394,-0.003689945091841507,1.5600858227493575e-07,-1.305789325560698e-07
212289245.1439616,-0.745717736663732,-0.0036900272942551157,1.1260034937787822e-07,-1.9536419244544148e-07
212289425.20156062,-0.7457181512835553,-0.0036899459850845352,1.950309690412766e-07,-9.637917374643104e-08
212289605.1727606,-0.745718713928183,-0.003689868366535926,1.292388455143012e-07,-8.422583468344069e-10
212289785.14396158,-0.7457190541596272,-0.0036900143189005806,2.8589865630479494e-07,-1.2862452068978375e-07
212289966.15196058,-0.7457197942835551,-0.0036900327719247964,4.556579169534558e-08,-1.2854803986420485e-07
212290145.17276153,-0.7457203050066409,-0.003690022593933914,2.918177444133363e-08,-9.979189796423607e-08
212290325.14396155,-0.7457206971594655,-0.0036901011061722046,1.3402566589881815e-07,-1.593738600193413e-07
212290566.19996154,-0.7457213853617788,-0.0036901869998206007,1.1155700674336799e-07,-2.1951238082925859e-07
212290805.1823615,-0.7457222517955666,-0.0036899107517470602,-9.481816976020241e-08,8.27228125005984e-08
212290985.1535615,-0.7457225548325168,-0.0036901703351253116,9.924867816479832e-08,-1.5699108346905327e-07
212291165.2111615,-0.7457231693985193,-0.003690025277059462,-1.7949785657833672e-08,8.204258005167081e-09
212291285.18236148,-0.7457235910056564,-0.0036901961704611077,-1.081511216138864e-07,-1.4912799055095266e-07
212291525.1535605,-0.7457238870551082,-0.003690203552042889,2.587196114012258e-07,-1.2903774662892734e-07
212291765.17276144,-0.7457247457489858,-0.0036901333160957723,6.311381217649625e-08,-3.086092478744515e-08
212291945.14396146,-0.745725167355998,-0.003690304209688561,1.3872420301375143e-07,-1.8049851284191593e-07
212292306.20956144,-0.7457262554504294,-0.003690262605618439,4.821372512342492e-08,-9.545669754119912e-08
212292486.18076143,-0.7457266623301291,-0.0036903873089634822,1.3859389358383822e-07,-1.9811164725293956e-07
212292665.2015614,-0.7457271877800967,-0.003690423322428335,1.0778850523252004e-07,-2.119298833395608e-07
212292845.17276138,-0.7457276985028563,-0.0036904131455391177,9.434539305352985e-08,-1.7917437314949117e-07
212293026.1807614,-0.7457281278496797,-0.0036903780280167896,1.6515049638954338e-07,-1.2107867568104946e-07
212293206.15196037,-0.745728571923665,-0.003690389100986088,2.183693992297009e-07,-1.0903623694734355e-07
212293385.17276037,-0.7457292306710276,-0.003690382615328221,5.4292916606968333e-08,-7.929037598329233e-08
212293565.14396134,-0.7457296452906627,-0.0036903013075562496,1.3697283984814845e-07,2.5670278085490605e-08
212293746.15196034,-0.7457299777812632,-0.0036906532724558893,3.046476346746374e-07,-3.022323058587788e-07
212293926.20956135,-0.7457306070742288,-0.0036905544061754387,1.7289323828162395e-07,-1.7915731925733855e-07
212294105.1439613,-0.7457311991727213,-0.0036905691705750605,7.522744627230793e-08,-1.6959363244480052e-07
212294285.20156032,-0.7457315618706981,-0.003690555303151923,2.1006201500473054e-07,-1.3097239231129806e-07
212294465.1727613,-0.7457321834233892,-0.0036906624486204537,8.579779886552785e-08,-2.1310131245342798e-07
212294646.18076128,-0.7457327313404398,-0.0036905386419291667,3.802713444134298e-08,-6.385608611022067e-08
212294885.16316128,-0.7457333528930469,-0.0036906457876087514,7.67977567095457e-08,-1.3698715634362021e-07
212295125.18236023,-0.7457339449913893,-0.0036906605524823608,1.4786898316909713e-07,-1.1709702619740539e-07
212295366.15196025,-0.7457346331926279,-0.0036907464487792737,1.2544120220336907e-07,-1.6770200857293624e-07
212295546.20956022,-0.745734943968854,-0.003690800021775959,3.1212853557338605e-07,-1.9457678784341736e-07
212295725.14396122,-0.7457358468432828,-0.0036908683600019136,-9.640106202191134e-08,-2.3610453529429587e-07
212296025.2111612,-0.7457364242143982,-0.0036908369348366745,1.551895092433142e-07,-1.590926389984787e-07
212296205.1823612,-0.7457370457666901,-0.003690944081180916,3.079783317261331e-08,-2.3851936619377623e-07
212296445.2015602,-0.7457376603323707,-0.003690799025730591,7.923958245115159e-08,-5.605241685906204e-08
212296685.22076017,-0.7457384888172839,-0.0036910946256239517,-8.627794056970117e-08,-3.137322329193129e-07
212296925.15356016,-0.7457388220609444,-0.0036909883780171637,2.4316402957857974e-07,-1.6906762277495158e-07
212297165.1727611,-0.7457395397158382,-0.0036911666562482784,1.883872524643948e-07,-3.0840198154058127e-07
212455685.1535523,-0.7462693979815042,-0.0037910960233925924,-3.155328875958929e-08,-2.4332774054523776e-07
212455985.2207513,-0.7462708781249384,-0.003791133166054538,-2.442084244824727e-07,-9.378920221491879e-08
212456165.19195127,-0.7462712624788846,-0.0037914177493253045,1.320659308579053e-07,-2.6674891303061707e-07
212456346.19995227,-0.7462721730488742,-0.003791280218937968,-1.3174597857101844e-08,-1.7210713113783443e-08
212456526.17115125,-0.7462729053571314,-0.003791504799620113,1.577704900057597e-08,-1.30682480301101e-07
212456705.19195226,-0.7462737043119891,-0.003791708141437473,-2.5630347733063275e-08,-2.2375667596075469e-07
212456885.16315225,-0.7462743777366417,-0.0037917479526177896,6.282026487891557e-08,-1.529707106136778e-07
212457125.1823512,-0.7462755099248425,-0.0037918450998513627,-5.281841253257369e-08,-1.0301884972602898e-07
212457305.15355122,-0.7462761980701819,-0.0037919311038480718,2.1615155665344332e-08,-7.902423155171229e-08
212457486.16155222,-0.7462769675829775,-0.0037920420614932756,1.9373108783860005e-08,-7.960816058878023e-08
212457665.1823522,-0.7462777665372939,-0.0037922454042464203,-2.0442572634671308e-08,-1.7404393718540787e-07
212457905.2015512,-0.7462788840041956,-0.003792296360120034,-1.196577245066166e-07,-7.938232606235357e-08
212458145.2207512,-0.7462797201633942,-0.003792386079464535,6.294219567770654e-08,-2.393960042094273e-08
212458386.19035116,-0.7462807337782043,-0.0037925718986883163,7.262302392785358e-08,-6.44797767436478e-08
212458625.17275116,-0.7462818140395409,-0.003792736479350253,7.708116589455472e-09,-8.543218494574609e-08
212458805.14395213,-0.7462824502583308,-0.0037928899159334574,1.3643649732220098e-07,-1.310035791469641e-07
212458986.15195113,-0.7462833530637956,-0.0037929583973131263,3.256143465968364e-09,-9.125587378854341e-08
212459165.1727521,-0.7462842039432083,-0.003793094310232254,-8.618331426291093e-08,-1.203817223964683e-07
212459345.1439521,-0.7462849440136714,-0.003793112884669983,-6.050991108175197e-08,-3.1856404395045473e-08
212459525.2015511,-0.746285395012813,-0.003793376230680103,2.54861524218164e-07,-1.8830612158633742e-07
212459705.1727511,-0.7462864752733803,-0.003793540812796699,-5.914053990974111e-08,-2.4629777039706854e-07
212459886.1807521,-0.7462867418600888,-0.003793455857743662,4.452000799126665e-07,-5.439462519990501e-08
212461145.20155102,-0.7462933350360355,-0.0037941024869835344,-7.78924887701038e-07,3.5771977265324634e-08
212461385.22075102,-0.7462934900064097,-0.003794358403516493,9.094699215950186e-08,-8.108469206919572e-08
212461624.203152,-0.7462946888384475,-0.00379443431842185,-8.707862919621334e-08,-1.8984834696499087e-08
212461806.16155097,-0.7462952584092445,-0.0037946089959596473,1.2083752132241443e-07,-8.887639681978352e-08
212461986.21915197,-0.7462960131993398,-0.0037946737653122824,1.356274178521133e-07,-5.020662352354932e-08
212462226.151951,-0.7462971081788561,-0.003794884543290328,6.646562000778289e-08,-1.235377585511073e-07
212462406.20955196,-0.7462978629687655,-0.003794949313047814,8.17415252152287e-08,-8.545213982073807e-08
212462585.14395195,-0.746298603038048,-0.003794967890424825,1.0713527442973714e-07,-2.063033574702111e-09
212462765.20155194,-0.7462995205622173,-0.003795082568587446,-3.992204999914151e-08,-1.4383081101132511e-08
212462945.1727519,-0.7463002675874231,-0.003795353347580219,-1.6654038148544714e-08,-1.8310168684336145e-07
212463126.18075192,-0.7463007929960385,-0.00379538944836611,2.3286257933019527e-07,-1.1680439915848564e-07
212463306.15195093,-0.74630157722663,-0.0037955466040459213,2.193085190116406e-07,-1.7239694062587407e-07
212463485.1727509,-0.7463022576048877,-0.0037958386219322324,3.057217051738448e-07,-3.6363332268397885e-07
212463665.1439519,-0.7463028496599736,-0.0037958534845758496,4.847113407313586e-07,-2.7742557313524194e-07
212463905.1631519,-0.7463041817838011,-0.003795886925897708,1.8117300082387544e-07,-1.764572864393528e-07
212464205.14395186,-0.746305424775647,-0.0037961014222396765,2.2416556799687015e-07,-2.2358012335228425e-07
212464386.15195087,-0.7463063647841289,-0.0037960562861111403,6.034774335805793e-08,-7.77803596109343e-08
212464565.17275184,-0.7463070157208144,-0.0037962559197756663,1.7724624479242834e-07,-1.7809871393891646e-07
212464746.18075183,-0.7463077410688455,-0.0037962283065407225,2.284212212710912e-07,-5.031311547986153e-08
212464925.20155084,-0.7463089251783271,-0.003796258033821783,-1.8753075248234552e-07,1.879003552014355e-08
212465764.1455508,-0.7463123658885256,-0.003796688088481419,-2.6407877218304066e-08,4.8690000271651296e-08
212465945.15355077,-0.7463128982517093,-0.00379697639236323,2.1876654510144533e-07,-1.4106251824703292e-07
212466125.21115178,-0.7463138157740443,-0.00379709107432454,7.483918440520654e-08,-1.579512873459664e-07
212466305.18235177,-0.7463145558419537,-0.0037971096551342055,1.0813136253062794e-07,-7.902518246900858e-08
212466485.15355173,-0.7463153772767763,-0.0037971531905144104,6.018983189637339e-08,-2.5292376723811544e-08
212466785.22075075,-0.7463167163539002,-0.003797438837939551,1.1051158321784271e-08,-1.4929318133084443e-07
212466965.19195074,-0.7463172564817782,-0.0037975211338519346,2.4475688786829153e-07,-1.3495486176490212e-07
212467145.1631517,-0.7463182406501623,-0.003797614578828996,3.454413011194646e-08,-1.3200221338867044e-07
212467325.22075072,-0.7463191876124651,-0.003797821647458699,-1.3797191189546254e-07,-2.4286312685353403e-07
212467505.19195172,-0.7463198463130142,-0.003797815274907441,-2.2481779327065965e-08,-1.4056449984620883e-07
212467686.19995168,-0.7463201570602844,-0.003797868900359411,4.4553567069005595e-07,-9.794810532396878e-08
212467865.2207507,-0.7463212745214749,-0.003797919869997549,9.839900450003825e-08,-5.396552270938576e-08
212546465.20154792,-0.7466633010716986,-0.0038172704942249177,-5.6022728234239594e-08,-1.3500791079057786e-07
212546645.1727479,-0.7466641821882007,-0.003817040680563084,-1.4157479300003217e-07,6.897399253309733e-08
212546826.1807479,-0.7466650477413673,-0.0038172228814669974,-2.071361697719709e-07,-1.395708246532991e-07
212547007.1887469,-0.7466653437583329,-0.003817230344081105,2.966787849834063e-07,-1.7374077332724114e-07
212547425.19194788,-0.7466680165400984,-0.003816633293314642,-5.296753750050343e-07,3.6025123936181055e-07
212548985.1439478,-0.7466742103958672,-0.0038169498321391038,1.5873798653309734e-07,-2.0847344063155623e-07
212549165.2015478,-0.7466750395821142,-0.0038167874464389464,1.2301365681643972e-07,-7.688789800978577e-08
212549346.2095468,-0.7466758973518858,-0.0038171756572026234,6.268857544178275e-08,-4.964104344169253e-07
212549705.2015468,-0.7466773402210602,-0.003817326594322785,2.0076341022967625e-07,-7.104789318153337e-07
212550065.14394775,-0.7466789769437212,-0.003816703429503396,1.483157552328862e-07,-1.5198141549432886e-07
212550365.21114776,-0.7466802423724126,-0.003816758247923388,2.0294962388422988e-07,-2.617510297480384e-07
212550485.18234774,-0.7466812048509323,-0.003816553401666621,-2.3192405840255503e-07,-7.913867281330103e-08
212550725.15354672,-0.7466819076780745,-0.003816685680797573,1.2027923146362696e-07,-2.563409232120978e-07
212550905.21114773,-0.7466826849338954,-0.0038165907219858256,1.3437266555005323e-07,-1.954819204411963e-07
212551085.1823477,-0.7466833955435138,-0.003816516994319739,2.144959885264086e-07,-1.5617279459445924e-07
212551267.1407467,-0.7466842688772752,-0.0038164931929667925,1.403823755019573e-07,-1.6750940485393828e-07
212551445.21114668,-0.7466850608489198,-0.00381644442873319,1.3031281376196802e-07,-1.5346153592332712e-07
212551625.18234667,-0.7466858900350042,-0.0038162820456775592,9.112992283011323e-08,-2.6495126574915123e-08
212551805.1535467,-0.7466866664410527,-0.0038166452959951668,1.0447721909834229e-07,-4.2549234961818463e-07
212551986.1615477,-0.7466875328415576,-0.003816369294344278,3.21244292278422e-08,-1.857754386089261e-07
212552165.18234766,-0.7466878063593468,-0.0038165365719369493,5.436817450688025e-07,-3.892656013338401e-07
212552345.15354666,-0.7466888501997527,-0.00381635669101249,2.888253006760877e-07,-2.461152483479445e-07
212552525.21114767,-0.7466897382490225,-0.0038163790851116703,1.8987564620598363e-07,-3.0558317775600946e-07
212552705.18234763,-0.7466903674964092,-0.0038162803956860955,3.4908298862657006e-07,-2.4427402750071617e-07
212552885.1535476,-0.7466914113367901,-0.0038161005155474643,9.342794937694521e-08,-1.0209708188168437e-07
212553065.21114764,-0.746692099447324,-0.0038161866027010567,1.9360836367443568e-07,-2.2622743228901954e-07
212553185.18234763,-0.7466929727806118,-0.0038161628035732376,-1.5464486291527635e-07,-2.279543572969618e-07
212553425.1535466,-0.7466937647518845,-0.0038161140413594113,1.0329857436097711e-07,-2.3067613098837203e-07
212553604.1743476,-0.7466943567845273,-0.0038161289715842885,2.941861007021984e-07,-2.843821648736665e-07
212553785.1823476,-0.7466953859090543,-0.00381590289858847,5.638554301246046e-08,-9.783393962277051e-08
212553965.1535466,-0.7466962592421954,-0.003815879100302414,-3.044541396768352e-08,-1.1365029935249751e-07
212554145.21114656,-0.746696732698068,-0.003815982686457299,2.8268687102261936e-07,-2.571844256128372e-07
212554325.18234655,-0.7466975246691879,-0.0038159339251161474,2.7663192625482225e-07,-2.4866476089693834e-07
212554506.19034657,-0.746698183347871,-0.003815927625312998,4.0809691959076133e-07,-2.831526691783083e-07
212554745.17274752,-0.7466993526970409,-0.0038159112932986223,2.814975011977694e-07,-3.211525506736576e-07
212554925.14394754,-0.7467000338747802,-0.003815745180908809,3.8523237411158817e-07,-1.9631527885038622e-07
212555106.15194654,-0.7467010699314262,-0.003815771310770017,1.3829995959557806e-07,-2.6426788887800104e-07
212626745.14394447,-0.7469850763893627,-0.003782094834205545,9.66475302011105e-08,-9.867458627315154e-08
212626985.16314444,-0.7469859349996053,-0.00378202491487756,1.1748187911386765e-07,-1.9654844874133354e-07
212627165.22074345,-0.7469867494737973,-0.00378181640995553,-3.764392220162449e-08,-1.1414905006813802e-07
212627345.19194445,-0.7469873345834649,-0.0037815791896658045,3.5938421905079565e-08,-3.169988480478808e-09
212627525.16314444,-0.746987993253141,-0.003781572945852704,3.561807859764343e-08,-1.2336249124132725e-07
212627705.22074342,-0.7469886744336928,-0.0037814068913624463,1.2757222944692614e-08,-8.39991501108521e-08
212627885.1919434,-0.7469894222611285,-0.0037812196120530733,-7.741470886557522e-08,-2.354313238415659e-08
212628065.1631434,-0.746989955436035,-0.0037810498124526354,4.671488240681754e-08,1.92414095828361e-08
212628245.22074342,-0.7469905249478128,-0.0037812246048701563,1.344691010762844e-07,-2.828178125883693e-07
212628425.1919444,-0.746991591297649,-0.0037808850060998744,-2.752868146771448e-07,-7.061430775442273e-08
212628605.16314438,-0.7469920206027431,-0.0037808500472312745,-4.8357411741584144e-08,-1.6323902462872172e-07
212628785.2207434,-0.7469925832015686,-0.0037807726386282223,4.523079677465347e-08,-2.1366253624786197e-07
212628965.19194338,-0.7469932496702915,-0.003780560389761923,3.426908556924957e-08,-1.293704460121614e-07
212629145.16314438,-0.7469939602747961,-0.0037804867269267866,-2.1196307820048332e-08,-1.838491407073553e-07
212629325.22074336,-0.7469946267435734,-0.0037802744783313634,-3.2582477382803177e-08,-9.998726120934859e-08
212629505.19194436,-0.7469952637886019,-0.003779969839254956,-1.5232913153084837e-08,7.61443516386108e-08
212629685.16314435,-0.746995892147591,-0.00378032941379028,1.0426239982486152e-08,-4.121187132956859e-07
212629865.22074336,-0.7469964036982306,-0.0037798612185272547,1.5282813936590145e-07,-7.285370030212304e-08
212630045.19194433,-0.7469970104327139,-0.003779922396588453,1.9935014583527533e-07,-2.6307873305340956e-07
212630225.16314432,-0.7469979434891664,-0.003779625249430503,-8.083485614207575e-08,-9.515580930586492e-08
212630405.22074333,-0.7469985433112132,-0.0037794342263934356,-2.786021346956602e-08,-3.359514039744452e-08
212630585.19194332,-0.7469991206219315,-0.0037794030141920457,4.69216446807863e-08,-1.3195789266319535e-07
212630765.16314328,-0.746999801802754,-0.0037792369619355426,1.7439740762625888e-08,-9.565393693008323e-08
212630945.2207433,-0.7470003869130408,-0.0037789997438996484,8.394441564085753e-08,1.1581368163093853e-08
212631185.15354428,-0.7470013935288202,-0.003778933574327236,-5.499436384059919e-08,-9.572068027010466e-08
212631365.21114427,-0.7470020227746024,-0.0037788349425678996,-3.3562224333039126e-08,-1.274680293322436e-07
212631485.18234426,-0.7470023412973427,-0.0037786826237105994,8.123197592357911e-08,-6.211307344546405e-08
212631725.15354326,-0.7470031851956734,-0.0037785665134047867,1.0352657375811702e-07,-1.2017314752902145e-07
212631965.17274424,-0.7470040957409128,-0.0037784291786410115,5.8614957554326e-08,-1.5733655255728562e-07
212632324.1647432,-0.7470054433910642,-0.003778050880913114,4.293734034988006e-09,-4.057184700961142e-08
212632505.17274323,-0.7470060059899669,-0.00377797347453326,9.317195848179693e-08,-9.527564106713224e-08
212632685.14394423,-0.7470069018235018,-0.0037777899451709126,-1.5534167607800242e-07,-4.325875029931661e-08
212632865.2015442,-0.7470072644816221,-0.0037777762128401154,1.292032774102836e-07,-1.6125924170821981e-07
212633045.17274418,-0.7470080417330384,-0.0037776813283457345,-1.5858774293775468e-09,-1.98200034236002e-07
212633225.1439442,-0.7470087229140755,-0.00377751527787959,-3.673767423606478e-08,-1.6412901990324816e-07
212633405.2015432,-0.7470092933130661,-0.003777231866020223,3.8766515109145416e-08,-1.2912762556698681e-08
212633585.17274317,-0.7470100186292781,-0.0037772044019080612,-4.139530118685286e-08,-1.1773204241323151e-07
212633765.14394417,-0.7470104332226158,-0.003777123249997729,1.8872415641357776e-07,-1.6901320636563896e-07
212633945.20154318,-0.7470111957623589,-0.003776982170855951,7.07619378648161e-08,-1.6057898963132977e-07
212634124.22234318,-0.7470117142262394,-0.0037767661793040876,1.9272014106785917e-07,-7.661409426448426e-08
212634305.14394414,-0.7470123806957343,-0.003776553934197884,1.7302007015995713e-07,2.056649257148324e-09
212634545.16314414,-0.7470133059527714,-0.003776462797281128,1.0509114434231748e-07,-8.423618554423418e-08
212634726.17114314,-0.7470139793336178,-0.0037765027538806386,7.771846877169253e-08,-2.5816625781518304e-07
212634905.19194415,-0.7470147496737979,-0.003776155669528609,-5.416298665128494e-08,-4.372376905632455e-08
212635085.1631441,-0.7470152309141546,-0.0037760532937476205,1.0598373567649588e-07,-7.483201612101115e-08
212635265.22074312,-0.7470159042949451,-0.0037760932507280814,7.383244426950597e-08,-2.4847397677883395e-07
212635445.19194412,-0.7470168745761744,-0.0037756824935605347,-2.559950275093925e-07,2.85271451951237e-08
212635685.21114412,-0.7470174146629855,-0.0037757648996742145,5.732848396000634e-08,-2.324707618385491e-07
212635865.18234408,-0.7470181183564538,-0.003775439040494199,-7.0140446783995e-09,-4.067685248571387e-08
212636105.2015431,-0.747018843672547,-0.003775411578264184,1.1959938561734162e-07,-1.9221295329517607e-07
212636285.17274308,-0.7470195915008553,-0.003775224305603827,1.0004203243596521e-08,-1.3930597463030978e-07
212636465.14394408,-0.7470201766120976,-0.0037749870909857667,6.264253760157601e-08,-3.658304635481904e-08
212636825.17274305,-0.7470216497565467,-0.0037747723569880294,-1.3615869609573394e-07,-9.126857619407708e-08
212637005.14394405,-0.7470222868033463,-0.003774467722996529,-1.3692305822488038e-07,7.850554225967421e-08
212637185.20154306,-0.747022730819906,-0.003774478963426513,5.5153579925359963e-08,-6.777897363806004e-08
212637365.172744,-0.7470236785893485,-0.003774228018770815,-2.5732500774644507e-07,4.806865493926088e-08
212637545.14394403,-0.7470240853819182,-0.0037743528745089543,-2.9326378547800402e-08,-2.120001423937777e-07
212637725.20154303,-0.7470243891938687,-0.003774154362299561,3.0145496654476744e-07,-1.488803327365576e-07
212637905.17274302,-0.7470249076583582,-0.0037739383727672985,4.1677424200692315e-07,-6.8330914486988e-08
