Seconds since J2000,RA ECLIPJ2000 [rad],DEC ECLIPJ2000 [rad],O-C RA ECLIPJ2000 [rad],O-C DEC ECLIPJ2000 [rad]
240026286.18526566,-0.6876289921214079,-0.0048874327826891484,-1.0117831505951358e-07,-2.5061445700809426e-07
240026406.18622562,-0.6876295189851551,-0.004887511714758353,9.811916990010161e-08,-4.008355606660227e-07
240026526.1871856,-0.6876301679946994,-0.004887196824609339,1.7515933348200008e-07,-1.573525669519571e-07
240026586.68446657,-0.6876305069196128,-0.004887354147668739,2.0222255581181514e-07,-3.5071952599486506e-07
240026647.18174556,-0.6876307459552164,-0.0048872535011887305,3.2914641401315947e-07,-2.8614685970013154e-07
240027365.18302637,-0.6876353723841165,-0.004886422459611515,4.3816317796263604e-08,1.1448744857874005e-07
240027486.18622535,-0.6876362614745016,-0.004886569079730793,-1.1408990163719324e-07,-1.0507829779297234e-07
240028084.1865462,-0.687639507526428,-0.004886467042240496,2.5159079275471896e-07,-3.6525831348561966e-07
240028265.18590513,-0.687640740969745,-0.004886104386646442,1.107272598055431e-07,-1.1279650508327216e-07
240028325.1820661,-0.6876410600172743,-0.004886580313824643,1.5377654449810763e-07,-6.253068433412917e-07
240028384.18462512,-0.6876416472526389,-0.00488585148629861,-7.73892215866212e-08,6.7515745660017e-08
240028445.18302506,-0.6876417038111852,-0.004886221152427813,2.3413445959796775e-07,-3.394020053303082e-07
240028625.18014604,-0.6876429569407132,-0.00488561666375071,6.697016718959503e-08,1.5499264676473862e-07
240028684.18270501,-0.6876432355903052,-0.004886095916212763,1.4423480554359713e-07,-3.604034900074951e-07
240028863.18622598,-0.6876441702575466,-0.004885940881607002,2.8916021121982993e-07,-3.151885973476723e-07
240028985.18302596,-0.6876452021118636,-0.004885702106448497,-7.080443120699442e-09,-1.5140191604850334e-07
240029284.17886487,-0.6876469276924331,-0.0048856396981297135,6.964798071606992e-08,-2.7326588624820153e-07
240029406.18430585,-0.6876476493840985,-0.004885903843062939,8.315482125098583e-08,-6.128009691526437e-07
240029464.1846258,-0.6876479004541242,-0.004885425861555703,1.8154358216726507e-07,-1.7069930434692598e-07
240029525.1830258,-0.6876483440646067,-0.004885696363344397,1.0542204353924944e-07,-4.789633603540996e-07
240029945.1820657,-0.6876509983348361,-0.004885383768828631,-1.9481120383524342e-08,-4.271467280974467e-07
240030185.18398464,-0.6876523390168544,-0.004885000482453534,8.445335597517811e-08,-1.934770145050474e-07
240030304.1827056,-0.6876528236541085,-0.004885103810761477,3.158862881269542e-07,-3.7114931096884907e-07
240030424.18366557,-0.6876537158468007,-0.004885162461260632,1.4565563843937923e-07,-5.048771793345064e-07
240030545.18686453,-0.6876542792251769,-0.004885014372161148,3.101267536109731e-07,-4.326011565558216e-07
240030906.18334442,-0.6876567869042007,-0.00488492993802345,-2.6971202826686635e-08,-5.749895864749777e-07
240030966.17950442,-0.6876569505716638,-0.004884706280591648,1.6997738805368812e-07,-3.8912223218438846e-07
240031085.18686438,-0.6876578097357734,-0.004884571464986016,2.601805881852215e-08,-3.2934446604973577e-07
240031205.17918536,-0.6876583394212484,-0.004884051153585875,2.1731184485229704e-07,1.1520323966139612e-07
240031385.1849443,-0.6876598260796407,-0.004884043334442972,-1.8804864454491366e-07,9.169417287090142e-09
240031985.18110415,-0.6876630549550388,-0.004884064693562688,1.8484568919951982e-07,-3.933723072427689e-07
240033426.18622476,-0.6876717244348713,-0.004883094428533017,1.4993490626835637e-07,-3.489414726592227e-07
240033546.18718472,-0.6876727424834439,-0.004883141544643492,-1.5010199283516101e-07,-4.7380047725649466e-07
240033726.18430367,-0.6876741851550755,-0.0048823507540886124,-5.160898594036567e-07,2.0019693801939104e-07
240033906.18142465,-0.6876744576194521,-0.004882371851884705,2.877573660464705e-07,6.208937738255704e-08
240038105.18686253,-0.6876993567025647,-0.004879183906789808,3.8422993686726414e-07,4.625730328335423e-07
240038705.18302235,-0.6877031289398515,-0.004879161091562009,1.6472689912117033e-07,7.867806888547241e-08
240038826.18622333,-0.6877042476248553,-0.004878898318743362,-2.3807400928443911e-07,2.591935519226027e-07
240285605.1839183,-0.6889142299400038,-0.004826400834661939,2.2736761107200465e-07,1.978012175917962e-07
240285726.18711826,-0.688915052360272,-0.004826621198636606,3.2677094252697714e-08,5.921554771960019e-08
240285846.17943922,-0.6889155015109726,-0.004827012671443721,2.0621353657990227e-07,-2.5112373749480027e-07
240285966.1803982,-0.6889159982423606,-0.004827050731880659,3.3241421282248496e-07,-2.080066057652194e-07
240286085.17911917,-0.6889164941260879,-0.0048266749122823195,4.544568630304724e-07,2.4835026453656067e-07
240286326.1832781,-0.6889181597552475,-0.004826980846058532,4.089190774880791e-08,1.05640788400016e-07
240286446.18423808,-0.6889183718381715,-0.004827160316493187,4.525352047535236e-07,7.500384455010056e-09
240286626.181358,-0.688919579686377,-0.004827225950909952,1.8062295770171488e-07,6.392939150366012e-08
240286746.182318,-0.6889202274490968,-0.004827453715651096,1.57077647111592e-07,-8.241028073147083e-08
240286865.18103895,-0.6889208409041204,-0.004827570262388501,1.6281953230112833e-07,-1.181745063454781e-07
240286986.18423793,-0.6889214655057003,-0.004827268909782198,1.680412831106537e-07,2.653596250980911e-07
240287165.1791189,-0.6889222659790012,-0.00482748129048773,2.9960045389021417e-07,1.7461727473255112e-07
240287286.18231887,-0.6889229919945448,-0.004827657265911878,2.0389622068517355e-07,8.091897436487971e-08
240287406.18327785,-0.6889236740116962,-0.004827536084908424,1.4716289420402262e-07,2.837336776188859e-07
240287586.18039778,-0.6889245111379908,-0.0048276543727445035,2.482991859897865e-07,2.879644920980237e-07
240287706.18135875,-0.6889248877544455,-0.0048278758547303175,4.974447491701284e-07,1.4821091832203231e-07
240287886.1871187,-0.6889261702989666,-0.004828131210520325,1.5392204744113513e-07,1.5521708096773168e-08
240288065.18199766,-0.6889270476549295,-0.004828225790859267,2.1073647704650256e-07,4.3003582602882395e-08
240288186.18519863,-0.6889275330319764,-0.004828037566674614,3.571097541010815e-07,3.137913829782957e-07
240288365.18007758,-0.6889284676324641,-0.004828373733439864,3.5737987091888357e-07,9.982809573167578e-08
240288485.18103853,-0.6889290228976814,-0.004828668288837593,4.2909889219622244e-07,-1.1275297067455531e-07
240288665.1867975,-0.6889302286228814,-0.004828698845763354,1.6422069115673565e-07,-2.027436178577563e-08
240288785.17911848,-0.6889306460070996,-0.004828942458104678,3.74238634859303e-07,-1.8182347889372091e-07
240288897.17943844,-0.6889312206919093,-0.004829036206882565,3.853343799598008e-07,-1.9894055735061866e-07
240289026.18327743,-0.6889322222507746,-0.004828833509188618,5.86852945128058e-08,9.206379458261138e-08
240289206.18039837,-0.6889328017649455,-0.004828946092309841,4.212151903937311e-07,1.027670016168214e-07
240289326.18135732,-0.6889336847013409,-0.004829028577625559,1.665504197889689e-07,1.0252207062293184e-07
240289445.1800773,-0.6889342935707209,-0.004829197794230726,1.8088407094385417e-07,1.489656377851728e-08
240289566.18327826,-0.6889346479100007,-0.004829370497912002,4.6042715917682386e-07,-7.480325127286885e-08
240289686.18423724,-0.6889356998788673,-0.004829473035106137,3.7270664332567094e-08,-9.498580674349028e-08
240289806.1851972,-0.6889363775815952,-0.00482970610805035,-1.1440827840658585e-08,-2.456659621433502e-07
240289925.1839172,-0.6889367800950762,-0.004829392260032259,2.0995957228375772e-07,1.4992441394173078e-07
240290106.18327716,-0.6889377428390996,-0.004829821259846887,1.965350241439623e-07,-1.5467161230443838e-07
240290225.18199813,-0.6889383417302237,-0.004829748390643493,2.2199643812115255e-07,3.478388931055232e-11
240290345.18295708,-0.6889390126583378,-0.0048297843222210625,1.8085430164571648e-07,4.666782035464556e-08
240290466.18615705,-0.6889395423571286,-0.004830015862643395,2.8637863502822825e-07,-1.0157955818244219e-07
240290555.18679702,-0.6889402565534493,-0.004830052633984571,3.9516707683873165e-08,-7.706201672272317e-08
240290705.18583697,-0.6889407662681113,-0.004830209061456476,3.176497443968529e-07,-1.3014714239211606e-07
240290825.18679795,-0.6889413930363452,-0.004830484769626683,3.2136332706045323e-07,-3.231369133573775e-07
240290946.18135792,-0.688942359492988,-0.004830217140831122,-9.216821417190602e-09,2.793423856117805e-08
240291066.1823169,-0.6889430133954566,-0.004830151402898458,-3.229238998425643e-08,1.764680937878585e-07
240291126.1871169,-0.6889431667977379,-0.004830365878295765,1.298055802845255e-07,3.4081444411429573e-09
240291186.18327686,-0.6889434342440531,-0.004830266027130241,1.7785668937619903e-07,1.4467847317487653e-07
240291246.17943785,-0.6889439471849839,-0.004830140151822321,-1.954430273176655e-08,3.1198263033497403e-07
240291325.18359682,-0.6889444607229201,-0.004830995796806484,-1.1750816719668933e-07,-4.890932195052503e-07
240291385.17975682,-0.688944542686468,-0.004830886519700903,1.1616636363953603e-07,-3.383647966571923e-07
240291425.1829578,-0.6889448574047607,-0.004830704356515455,1.1927228094066322e-08,-1.2855802356773888e-07
240291546.18615678,-0.6889454614610027,-0.004830609304961705,4.465029512790153e-08,5.013720616800499e-08
240291846.1842367,-0.6889469784251313,-0.004830750317708557,1.071608762837073e-07,1.1666956197496636e-07
240291965.18295768,-0.6889476606625999,-0.004831027890742231,5.1733916039964356e-08,-7.850996146165773e-08
240292026.18135664,-0.6889479939466696,-0.004830951994970618,3.981420959586757e-08,3.9635415742880764e-08
240292146.18231663,-0.6889485739238249,-0.00483097750183959,9.2175305055342e-08,9.72749558620159e-08
240292266.18327758,-0.6889492302230756,-0.004831166617939488,6.837868016251747e-08,-8.655444374248977e-09
240292325.1858376,-0.6889494418884632,-0.004831336003163378,1.67764813707727e-07,-1.3712515395392089e-07
240292385.18199655,-0.688949920333753,-0.004831405761005262,5.6496128886251995e-09,-1.652686989405891e-07
240292446.18039656,-0.6889500993299837,-0.004831274193499198,1.4830955019640157e-07,8.618382300353e-09
240292506.18519652,-0.6889506189280585,-0.004831227898157082,-5.483080878221358e-08,9.655391215897258e-08
240292565.17911753,-0.688950921959275,-0.004831417796916854,-4.6696012057090286e-08,-5.239652310379955e-08
240292686.1823175,-0.6889513304582083,-0.004831265564817415,1.8316404670759567e-07,1.8385514852399532e-07
240292806.18327644,-0.6889520762951017,-0.004831414449980768,7.056060502552697e-08,1.183334544093903e-07
240292925.18199742,-0.6889526235425614,-0.004831399794261353,1.5141633091797502e-07,2.1569563195093788e-07
240293045.18295637,-0.688953192303765,-0.00483218580254907,2.162074335121389e-07,-4.868699736686882e-07
240293165.18391734,-0.6889539807469707,-0.004831696609178461,6.147557474189824e-08,8.580598222923674e-08
240293287.18071732,-0.6889546190976741,-0.004831876401419686,6.753830150696416e-08,-9.074208493983771e-09
240293406.1794363,-0.6889550502705089,-0.004832028471912061,2.650993164987625e-07,-7.82794590892602e-08
240293525.18679726,-0.6889558597736324,-0.004831706067737211,8.45299997775939e-08,3.2703548556636125e-07
240293645.17911723,-0.6889563321241641,-0.00483197216732567,2.464741356567046e-07,1.445729699298473e-07
240293766.1823162,-0.6889569416208641,-0.004832074706093534,2.767731577257848e-07,1.2641674546325782e-07
240293886.18327618,-0.6889575193726374,-0.004832341276617819,3.336732463665726e-07,-5.6429526624351967e-08
240294125.1829571,-0.6889589275587137,-0.004832498293622324,1.8994856876286548e-07,-4.657636078035654e-08
240294246.1861561,-0.6889595264855766,-0.004832491886138441,2.3143735705666302e-07,4.437745303956936e-08
240294366.18711606,-0.6889600691358061,-0.004832693523008396,3.240509405255665e-07,-7.337233163748347e-08
240294486.17943603,-0.6889607673693742,-0.004832883927500828,2.6118665186203316e-07,-1.798548185027657e-07
240294605.18679598,-0.6889614562129864,-0.004832780917813953,2.026455225845325e-07,6.42855764974859e-09
240294726.18135595,-0.6889620474372358,-0.004832751526308725,2.5239968248769173e-07,1.2052578420452403e-07
240294846.18231595,-0.6889627349421066,-0.004832730775387178,2.0075927453788722e-07,2.2532828433761282e-07
240294965.1810369,-0.6889632811803748,-0.004832839174104628,2.8522133288522156e-07,2.0032002964482515e-07
240295085.18199587,-0.6889640083284422,-0.004833403373499893,1.9423260877449167e-07,-2.797452355136551e-07
240295206.18519583,-0.6889648463120817,-0.004833690114512977,-2.1296623353705968e-09,-4.816072960642237e-07
240295506.18327576,-0.6889660074561117,-0.0048333930421497655,4.281109445836151e-07,2.6085091013421102e-08
240295626.18423572,-0.6889666064986493,-0.0048335041986138525,4.658850358829625e-07,-7.487193252539437e-10
240295745.18295568,-0.6889673542718399,-0.004833355876616905,3.4975190910113696e-07,2.3123328410021293e-07
240295926.18231568,-0.6889682790602037,-0.0048339458819626445,3.8597007878671263e-07,-2.314438656524087e-07
240296046.18327662,-0.688969103943618,-0.004833439367531066,1.9840385501179725e-07,3.5954121928739174e-07
240296345.17911655,-0.6889706457155037,-0.0048342316672425655,2.4519304953063426e-07,-2.2210501044329228e-07
240296586.1832755,-0.6889719364800313,-0.004834162155123189,2.3551260652787676e-07,1.7396941587831394e-08
240296765.18679544,-0.6889727640707669,-0.004834196724519652,3.5979634505078906e-07,1.0919835804947681e-07
240296886.18135542,-0.6889734659583316,-0.004834508621205795,3.014863709793758e-07,-1.1722544665353218e-07
240297006.1823154,-0.6889742421626762,-0.004834509279606839,1.6371187916419672e-07,-3.306924768829017e-08
240297187.18167534,-0.6889751906019678,-0.0048345749360531876,1.7848364086692214e-07,2.9283975050420352e-08
240297365.1829563,-0.6889761115443336,-0.004834792974251731,2.0509730158657646e-07,-6.276780885848543e-08
240297486.1861553,-0.6889767496307818,-0.004834589374562791,2.1131694327714e-07,2.265311768515077e-07
240297666.1832762,-0.6889777905475407,-0.0048348336795869295,1.2908209945372562e-07,1.0979029129842138e-07
240297906.18519515,-0.6889789586698647,-0.004835296126445962,2.39695991721689e-07,-1.8241185762747636e-07
240298025.18391514,-0.6889796476045603,-0.004835080600882084,1.8498421849866276e-07,1.1759116394678693e-07
240298145.1848751,-0.688980226367429,-0.004835699639938114,2.459157680823054e-07,-4.162144266869547e-07
240298445.182955,-0.6889821539080209,-0.004835657061101822,-8.184537492184063e-08,-1.6035852882720358e-07
240298686.18711594,-0.6889829611352912,-0.004835672890770203,3.966947362821216e-07,-4.647115203065821e-09
240298806.17943493,-0.6889837945933317,-0.0048357515141355095,2.0359198871222617e-07,2.205534867585901e-09
240299470.18071577,-0.6889874315948933,-0.004836046226262132,1.1238883368402952e-07,1.8132007747855006e-07
240299589.17943573,-0.6889881452132043,-0.004835970710876072,3.462979547563805e-08,3.4190150863602775e-07
240299706.18231472,-0.688988461360426,-0.004836151103461834,3.4379444702192785e-07,2.451928595428518e-07
240299828.17911568,-0.6889895119207018,-0.004836596703915006,-5.4641220548212743e-08,-1.131046001275407e-07
240299946.18423465,-0.6889902742363034,-0.004836325911575052,-1.8605041784969245e-07,2.421802596953154e-07
240300125.1791156,-0.688991504663371,-0.004836169249499145,-4.5927129810330314e-07,5.270907013077419e-07
240300246.18231457,-0.6889916900694546,-0.004836603091160851,2.5590349839177406e-09,1.8000627855039447e-07
240300425.1858355,-0.6889925867944031,-0.00483706956398194,6.35312191743509e-08,-1.5803576608117154e-07
240300550.1807145,-0.688993229188471,-0.004837150857531388,9.00354264476988e-08,-1.4958575783249883e-07
240300666.18135545,-0.6889938756364744,-0.004837051833973276,6.446793165970632e-08,3.276998809635667e-08
240300786.1823154,-0.6889948581912452,-0.004836978234978232,-2.7568010207978944e-07,1.9262194968748536e-07
240300906.1832744,-0.6889956215786386,-0.004837356449006929,-3.9654441585934563e-07,-9.929112928987877e-08
240301146.18519533,-0.688996381327436,-0.004837925067331832,1.2909972901820055e-07,-4.951630154835865e-07
240301266.1861543,-0.6889971834668683,-0.0048380141880792855,-3.0170984488542274e-08,-4.978379830695642e-07
240301386.18711525,-0.6889978290375215,-0.0048374348272813,-3.275881688136195e-08,1.6801716593104615e-07
240301506.17943424,-0.6889985865000054,-0.004837947967904938,-1.4717125929042396e-07,-2.5858662489660483e-07
240301626.1803942,-0.6889989460269808,-0.004837771246599631,1.3651109898038527e-07,4.726606262633881e-09
240457986.1870759,-0.6899499064106049,-0.004928994945248588,-6.513708739053214e-08,1.4192391693031853e-07
240458166.1841949,-0.6899511839240406,-0.004929165363537905,-1.5845753098542303e-07,-2.367800219522237e-08
240458225.18675587,-0.6899516251092767,-0.004928986958612073,-2.114612058790044e-07,1.562208621647826e-07
240458406.18611485,-0.6899525783391295,-0.004929271074738066,2.6132938590883725e-08,-1.2357354329129572e-07
240458524.18259582,-0.689953157036578,-0.004929481205351577,2.2376665131940143e-07,-3.3109869828663874e-07
240458706.18419474,-0.6899544297242136,-0.00492948452096515,1.4853538310433123e-07,-3.307232202048524e-07
240459065.18483466,-0.6899565996939369,-0.0049294123470549935,3.4061639886395767e-07,-2.5243231313934467e-07
240459245.18195564,-0.6899578466248478,-0.004929051060347128,2.779986068013329e-07,1.1134104827611319e-07
240459365.1829156,-0.689958873560627,-0.004928875917517675,4.062860503584176e-08,2.8792670558625694e-07
240459785.18195447,-0.689961303779291,-0.004929698243967396,3.7387568563307383e-07,-5.307017431187971e-07
240460025.18387443,-0.6899634881080566,-0.004929202023672853,-2.3131595772163394e-07,-3.331045771593627e-08
240460086.1822754,-0.6899635231464262,-0.004929282320117066,1.3499437379049795e-07,-1.1341827525854914e-07
240460205.18099537,-0.6899649445571863,-0.004928745020452993,-5.034480841104028e-07,4.2412237626684307e-07
240460325.18195537,-0.6899652850153587,-0.0049290093614056405,-5.434810412818791e-08,1.5985454646007952e-07
240460445.18291432,-0.689966069002244,-0.004929201881395997,-4.878241566252939e-08,-3.2762746507083995e-08
240460566.1861143,-0.6899671495178316,-0.004928916771350816,-3.331578224408105e-07,2.5207680482471767e-07
240461946.18419394,-0.6899756528852383,-0.004929183145954333,2.423562945885749e-07,-2.9563538697825742e-08
240462185.18387392,-0.6899774813150025,-0.004928836778731232,-1.3935783749197128e-08,3.1189775007763737e-07
240462305.18483388,-0.689978332642285,-0.004929287951423643,-7.592986961402204e-08,-1.4198848949809745e-07
240462425.18579486,-0.6899786259302996,-0.004929373804866898,4.2009251977059847e-07,-2.3072250742058042e-07
240462726.18611476,-0.6899808166439316,-0.004929264022111382,2.0911144371638102e-07,-1.2889854197634804e-07
240462846.18707472,-0.6899814280357076,-0.0049290030659655155,3.8694173587483505e-07,1.2859287116737117e-07
240462966.1793937,-0.689982534673597,-0.004928959736029154,6.944153063681568e-08,1.6829236669166359e-07
240463085.18675366,-0.6899831000196143,-0.004929107875875746,2.8672729102119376e-07,1.6388202575372268e-08
240463205.17907363,-0.6899841487341689,-0.004929216871393333,2.709239765863458e-08,-9.656757823939266e-08
240463326.18227363,-0.6899845744315949,-0.00492946801047658,3.9709115706720866e-07,-3.518676066306334e-07
240463446.18323457,-0.689985686128168,-0.00492862540653025,7.44683005260427e-08,4.864441693020957e-07
240463565.18195355,-0.689986594824921,-0.004929108498323253,-5.177747219864415e-08,-1.0666379663196168e-09
240463686.18515453,-0.6899873458175345,-0.004929056434842075,-7.173242222435761e-09,4.633752095049848e-08
240463805.1838735,-0.6899881107799316,-0.0049289332288662896,1.024705620356059e-08,1.64798486795327e-07
240464046.17939442,-0.6899892971652516,-0.0049291546223493065,4.0822910085669406e-07,-6.669828464967581e-08
240464285.17907438,-0.6899910549874873,-0.004929046636763249,2.215011511985665e-07,3.0616567999602884e-08
240464466.18707335,-0.6899924133504888,-0.004928816769540654,5.291107074700818e-08,2.51972024635852e-07
240464585.18579432,-0.6899928674229687,-0.004929002168763046,3.8097036580975185e-07,6.077545053415762e-08
240465005.1848332,-0.6899955540718522,-0.004928731451243081,4.54465800103776e-07,3.0975796092968383e-07
240465126.17939416,-0.6899965217938037,-0.0049289902735325545,2.817904499741175e-07,4.4307080002310706e-08
240465245.18291414,-0.6899977337054335,-0.004929059966876232,-1.4820482474586782e-07,-3.206544532761285e-08
240465426.1861141,-0.6899983937576325,-0.00492914572184072,3.8093799048510846e-07,-1.2828232892440894e-07
240465546.18707407,-0.6899991272215463,-0.004928797880878722,4.3582016995280526e-07,2.1242152439208267e-07
240466025.18003395,-0.6900023621126974,-0.004929493954897899,3.4715038643717833e-07,-5.137318879831071e-07
240466146.18323392,-0.6900032806513079,-0.004928767159201444,2.2327281046230496e-07,2.0506402341469165e-07
240466266.1841929,-0.6900039453393327,-0.0049293779700146445,3.466069903312885e-07,-4.138395058384328e-07
240466866.18035275,-0.6900079578364314,-0.004928990539043459,2.732785169268226e-07,-6.923880087501832e-08
240466985.17907372,-0.6900087348839088,-0.004928832614622441,2.7731344320880424e-07,7.972425826799356e-08
240467577.18323356,-0.6900126034741926,-0.004929152909457399,2.9355924968665903e-07,-2.8743176317715113e-07
240467646.18227255,-0.6900129560874754,-0.004928988830465277,3.93622970218388e-07,-1.2906042584810706e-07
240467766.1832335,-0.6900139336906628,-0.004928912023382885,2.0324648319913763e-07,-6.230165475011595e-08
240467826.1793935,-0.6900145625177283,-0.004928977559805928,-3.2021993390252135e-08,-1.3291975287446633e-07
240467946.18035248,-0.6900152314853615,-0.004928901839004314,8.613073887442368e-08,-6.747860105838638e-08
240468305.18099338,-0.6900178502566019,-0.0049289197237754765,-1.7828828946520048e-07,-1.1703361242881155e-07
240468425.18195337,-0.6900189178990873,-0.004929078629994228,-4.591045577040376e-07,-2.868315258372847e-07
240468545.18291232,-0.6900190323447364,-0.004928871591986904,2.1319976861722267e-07,-9.083771940112534e-08
240468665.1838733,-0.6900197292912339,-0.004929231307446695,3.0292601049808354e-07,-4.6174955301968995e-07
240468846.18323323,-0.6900209205949503,-0.004928996033952103,2.980249441675298e-07,-2.4365084579786034e-07
240468965.1819522,-0.6900219428842183,-0.004929037196581087,5.564194183182991e-08,-2.962927558632783e-07
240469085.18291318,-0.690023133011774,-0.004929119303952393,-3.480911947573162e-07,-3.901264521910183e-07
240469325.18483213,-0.6900244881517675,-0.0049292228516345975,-1.3068871840271612e-07,-5.175784036264355e-07
240469565.18675205,-0.6900254047134846,-0.004928711456891582,5.249569209331284e-07,-3.0687806656937155e-08
240469685.17907304,-0.6900266990150784,-0.0049286819950868956,1.6574269401381514e-08,-1.3701263904680738e-08
240469805.180032,-0.6900268697296622,-0.004928430553839599,6.317484503304271e-07,2.2511489552751868e-07
240469925.18099296,-0.6900280736578818,-0.004929014197297058,2.1362126478852161e-07,-3.713022351612555e-07
240470046.18419194,-0.690028842251855,-0.004928715952394422,2.3730142562072842e-07,-8.608778768494363e-08
240470165.18291292,-0.6900297506903333,-0.004929061096289054,1.0792370619405744e-07,-4.441929310579004e-07
240470285.1838719,-0.6900307157690402,-0.004929090740458338,-7.162309956232349e-08,-4.870544291291426e-07
240470346.1822719,-0.6900313469680953,-0.004928736245489765,-3.035588465039041e-07,-1.3933448354298827e-07
240470465.18099284,-0.690032120610736,-0.004928824874511168,-2.983673650369667e-07,-2.412898432013061e-07
240470585.18195182,-0.6900327542903167,-0.004928530901429922,-1.4674600967712337e-07,3.909862549954929e-08
240470645.1829128,-0.6900330422018592,-0.004928485628978647,-4.2039153602679846e-08,7.752383266931839e-08
240470825.18387178,-0.6900340803185786,-0.004928649312256657,9.754440799536468e-08,-1.069199537647933e-07
240470946.18707272,-0.6900345916171411,-0.004929060963530178,3.7781765915845256e-07,-5.327113794459382e-07
240471065.1857927,-0.690035576368498,-0.004928746585292854,1.7142916486356796e-07,-2.3238306290362942e-07
240471246.18515265,-0.6900369356266329,-0.004928439744089383,-4.10887524004977e-09,5.281493778170471e-08
240471426.18227163,-0.6900380133154058,-0.004928135150556847,9.514375354235938e-08,3.3555950634638065e-07
240471546.18323258,-0.690038891048724,-0.004928950717874144,1.9311318100179165e-09,-4.947539275013471e-07
240471906.1861115,-0.6900408909651339,-0.00492868500621564,3.549628886378997e-07,-2.7413962506907946e-07
240472026.18707147,-0.69004201418293,-0.0049288815499522855,1.5853416690525535e-08,-4.860009324815853e-07
240472265.1867514,-0.6900437308300547,-0.004928593092472151,-1.3944081111993967e-07,-2.2847318867456196e-07
240472385.17907238,-0.6900440983226174,-0.004928940414845213,2.768004524478229e-07,-5.915355597079994e-07
240472505.18003136,-0.6900452100116171,-0.004928839171722845,-5.1206441975537587e-08,-5.061744108546262e-07
240472686.1793913,-0.6900462816298387,-0.004928782021411794,5.900897548372086e-08,-4.7324475173186886e-07
240472805.18675125,-0.6900469758206615,-0.004928876804437862,1.4173892393110066e-07,-5.841264264366819e-07
240472926.18131122,-0.6900476602971893,-0.004928734544490923,2.4704406431652615e-07,-4.583746494399993e-07
240473165.18099216,-0.6900490744418812,-0.00492854737280482,3.926133522735853e-07,-3.0422684163533553e-07
240473285.18195114,-0.6900501967177471,-0.00492868799468936,5.3294752055954575e-08,-4.6163716459213244e-07
240473345.18291214,-0.6900507768344635,-0.004928718718947733,-1.3538320009498506e-07,-5.008075059098616e-07
240473526.18611208,-0.690052179630157,-0.0049284688835272775,-3.5751170646136643e-07,-2.7665978364482813e-07
240473646.18707204,-0.6900526924470493,-0.00492867040863662,-8.771943826868522e-08,-4.953875347426737e-07
240473766.17939103,-0.6900534086747618,-0.004928594208961143,-2.151178579712365e-08,-4.365261813774751e-07
240473885.18675098,-0.6900540530804145,-0.004928496042610772,1.0997844956950331e-07,-3.556906944170851e-07
240474065.18387195,-0.6900551340201639,-0.0049287323085410745,2.0234842867949965e-07,-6.184237094659234e-07
240474246.1832319,-0.6900561328348817,-0.004928316086541142,3.8310328298596374e-07,-2.2912385049412426e-07
240540846.18033448,-0.6904692381809671,-0.004902753098483804,-1.3578104296474436e-07,-2.606772200770824e-07
240541445.18289432,-0.6904727639748561,-0.004902457478833122,-8.608373258667257e-08,-3.420255750953907e-07
240541566.1860943,-0.6904733737753881,-0.004902140904739883,2.606370363977817e-08,-1.0193330495303354e-07
240541686.18705526,-0.6904740238488687,-0.004902429462483932,9.184745275447881e-08,-4.664488246269513e-07
240541805.18577427,-0.6904748777723456,-0.004902020956163419,-5.230752198048805e-08,-1.3337325997786476e-07
240541925.18673524,-0.6904754021094819,-0.004901860799059456,1.389901208570521e-07,-4.9390246605225674e-08
240542166.1822542,-0.6904768531335188,-0.0049018659434104965,1.248194422265314e-07,-2.0784019830449169e-07
240542286.18321416,-0.6904777330556483,-0.004901729922881353,-3.980963325656006e-08,-1.483186063454614e-07
240542525.18289408,-0.6904793140874946,-0.004901809142050339,-1.965732070452475e-07,-3.8021664776604486e-07
240543065.18289495,-0.6904824511232585,-0.0049014544855726025,-1.1730638205253996e-07,-3.720841975016209e-07
240543185.18385392,-0.690483064061632,-0.004901412937152398,-1.5833182986924044e-08,-4.0783334009225625e-07
240543306.18705487,-0.6904840918922054,-0.004900946227230331,-3.2340798317154196e-07,-1.9173326560976978e-08
240543425.18577385,-0.6904846094378765,-0.004900900819194172,-1.3275008758917295e-07,-5.062653443861642e-08
240543546.18033382,-0.6904853855232549,-0.004901050065808031,-1.8887756214613916e-07,-2.781292339085542e-07
240543605.18289483,-0.6904858548555819,-0.004901097481934546,-3.0717047116990415e-07,-3.637452390178181e-07
240543785.18001378,-0.6904867992362527,-0.004900852977409515,-1.808323959462399e-07,-2.3593163136007012e-07
240543905.18097374,-0.6904873267615949,-0.004900737767331991,5.315785256421179e-09,-1.9864741004817915e-07
240544025.1819347,-0.6904881657071804,-0.004900508101799694,-1.2008210803493569e-07,-4.701142279888576e-08
240544145.18289366,-0.6904886754961941,-0.004900388603212203,8.354990632675197e-08,-5.645765877373976e-09
240544265.18385464,-0.6904893484352589,-0.004900245174258404,1.239044116196908e-07,5.954717380990404e-08
240544386.1870546,-0.6904899922596168,-0.004900331326603831,1.992010937312827e-07,-1.0559867246861393e-07
240544686.18513456,-0.6904914491458772,-0.0048997363541952825,5.246329639607694e-07,2.930798675866708e-07
240544805.18385354,-0.6904924468725142,-0.004899888107522653,2.3366303747440753e-07,6.328734888493698e-08
240544926.18705449,-0.6904927384174634,-0.004899601367753455,6.606466897984831e-07,2.705711891351839e-07
240547205.18577293,-0.690506366559304,-0.004898133200426477,5.392250781444119e-07,2.2344666989176226e-07
240547685.1809738,-0.6905090539826721,-0.004897668310666994,6.898865030358081e-07,3.6476773664691903e-07
240549725.1800133,-0.6905213408572292,-0.0048965008426226815,4.3708336272541004e-07,1.4078834346606395e-07
240549845.18097326,-0.690522145931762,-0.0048963183085223684,3.3843660096621875e-07,2.406783686402167e-07
240550026.18033224,-0.6905232001674882,-0.004896348907316101,3.4939845139358994e-07,8.526455036982072e-08
240550206.1860922,-0.6905243861170746,-0.004896049125819059,2.2241626307373252e-07,2.60724682209397e-07
240550386.18321216,-0.6905253288922335,-0.004895963655287415,3.381730274698569e-07,2.2169030435958276e-07
240550505.18193313,-0.6905260013517369,-0.004895973767595695,3.6531177205478826e-07,1.2916264353728113e-07
240550625.18289208,-0.6905266041753616,-0.004895618638684401,4.6780617013464365e-07,4.0109928597931166e-07
240550745.18385306,-0.6905276434215124,-0.004895546893707337,1.3370403473267345e-07,3.89569292124671e-07
240550865.18481204,-0.6905281829352881,-0.004895642400767996,2.991593680556903e-07,2.1070500345714283e-07
240550986.179372,-0.6905288423847724,-0.004895697767501307,3.5033813505780387e-07,7.12080178251126e-08
240551106.18033198,-0.6905296744279824,-0.004895547108836005,2.2291016010811404e-07,1.3834560174275784e-07
240551225.17905295,-0.6905301809673517,-0.004895331566944712,4.1492582825153335e-07,2.709840680225131e-07
240551345.18001193,-0.6905309757877945,-0.004895377415032523,3.2436618657705196e-07,1.414541900470606e-07
240551466.18321288,-0.6905314746760987,-0.004895338257722327,5.35439118487524e-07,9.61497846219822e-08
240551705.18289283,-0.6905330449088047,-0.004895037678106945,3.6694855265473336e-07,2.2966746749362998e-07
240551825.1838518,-0.69053378725429,-0.004894906815621575,3.28141602445875e-07,2.765308336483141e-07
240551946.18705177,-0.69053444464247,-0.004894911748555963,3.7998283375362263e-07,1.868180563363228e-07
240552306.18129268,-0.6905364666276331,-0.0048946747008547795,4.669047711791663e-07,1.71173485301844e-07
240552425.18001264,-0.6905370909882299,-0.004894598663640702,5.392914119717318e-07,1.6352975298460776e-07
240552485.18481165,-0.6905377349739201,-0.0048944904961082105,2.4656901753683513e-07,2.2947306269147788e-07
240552786.18513256,-0.6905393888455198,-0.004894121027313071,3.5401968567772e-07,3.8684958697434574e-07
240552905.18385154,-0.6905399984734696,-0.004894428243234713,4.4039186930522334e-07,-4.345368617014733e-09
240553145.18577248,-0.6905415203055524,-0.0048940671790815675,3.217131615551594e-07,1.8712532480827382e-07
240553266.18033144,-0.6905423018532295,-0.0048938874109737355,2.472601268177499e-07,2.8128362606315294e-07
240553386.1812914,-0.6905428132912218,-0.004893808267854857,4.3691632334308395e-07,2.7544713403823e-07
240553626.18321136,-0.6905446077700297,-0.004893954113460807,4.4043373614854886e-08,-4.057333811112451e-08
240553746.18417132,-0.6905453541953671,-0.00489372475120095,-1.871982902024172e-09,1.0359463612028691e-07
240553986.18609127,-0.6905464680473729,-0.004893776303649214,2.8470587265516656e-07,-1.1855765439695853e-07
240554166.18321222,-0.6905473550982864,-0.004893418078316011,4.474325349113073e-07,1.1153793798897998e-07
240554405.18289217,-0.6905490859950728,-0.004893462506464447,1.0973390618396195e-07,-1.0325971006638207e-07
240554885.18673104,-0.6905519719785823,-0.004893427102605331,1.941615923595208e-08,-4.1083324721184755e-07
240555066.18609104,-0.6905528271844109,-0.004893248247395122,2.1755132773026986e-07,-3.6158306127107714e-07
240555240.18705097,-0.6905538652483021,-0.004893412078030053,1.9165990561287316e-07,-6.501472252628399e-07
240555425.18673193,-0.6905551584326056,-0.004892877032230709,-2.5848501006286995e-08,-2.4786793814766256e-07
240555545.1790519,-0.6905557160590575,-0.004893068730043043,1.1395327537133682e-07,-5.257601747464188e-07
240555786.18321085,-0.6905570378124929,-0.004892621260170385,1.923506490753013e-07,-2.516016706782809e-07
240555905.18193182,-0.6905578083145647,-0.004892567890899379,1.1287751788824352e-07,-2.838996158820162e-07
240556025.18289077,-0.6905585643020283,-0.004892473367392939,5.3528773413802355e-08,-2.758261738820128e-07
240556145.18385175,-0.6905593807176449,-0.004892353507869532,-6.646002681520713e-08,-2.4247780027516347e-07
240556271.1809717,-0.6905599093765415,-0.00489201809368335,1.3587773983747553e-07,2.037303868142326e-09
240556386.1793707,-0.690560686136315,-0.004892233590541021,2.609797633557065e-08,-2.9648152709890047e-07
240556566.18513164,-0.6905617810148564,-0.0048917546900786295,-2.5159240135685934e-08,5.235592071169137e-08
240556685.18385062,-0.6905623937248537,-0.004891856379495292,5.178491446766742e-08,-1.3538863429928688e-07
240556805.18481058,-0.6905631648521002,-0.004891603416613535,-2.4095015649372442e-08,3.073631727780468e-08
240556926.17937055,-0.6905637759960014,-0.004891567594271333,6.554533027447462e-08,-2.105673901214855e-08
240557044.18449152,-0.6905644198372003,-0.004891505491801024,1.0496073343801982e-07,-4.446096798019217e-08
240557285.18001047,-0.690565992034146,-0.004891286068154703,-7.25150733904556e-08,1.671278627643491e-10
240557405.18097043,-0.6905663922044859,-0.004891525351029378,2.2146948130963295e-07,-3.262371751060894e-07
240557525.1819314,-0.6905673787216506,-0.004891287215733897,-7.111353284017241e-08,-1.7527844847764484e-07
240557646.18513137,-0.690567987502489,-0.004891226622678717,1.9611185675394438e-08,-2.0264535638848252e-07
240557766.18609035,-0.6905683490204004,-0.004891197657042914,3.5158182343231204e-07,-2.609654496743899e-07
240558005.18577027,-0.6905698223564587,-0.0048908068230848695,2.5876589315743104e-07,-4.41330145978594e-08
240558125.18673125,-0.6905705431662627,-0.004890892785652985,2.3077539490490295e-07,-2.1754000441732285e-07
240558246.18129122,-0.690571377730089,-0.004890787304899002,9.453939986414639e-08,-2.002803484160362e-07
240558666.18033013,-0.6905739207126923,-0.00489060597507824,-2.6178702983159496e-08,-3.2558817537192697e-07
240558905.18001106,-0.6905753396308986,-0.004890304929596203,-6.79587064400522e-08,-1.9930709806072894e-07
240559326.18129098,-0.6905774353148371,-0.0048897722799390525,2.5998545782890403e-07,2.5026613648636287e-08
240559446.18224996,-0.6905785957930295,-0.004889741775434678,-2.101910233642812e-07,-3.245663994511094e-08
240559566.1832109,-0.6905791713465921,-0.004889876352201508,-9.567571335189484e-08,-2.550673471350337e-07
240559685.1819299,-0.6905797198703181,-0.004889927951122484,3.987541175032305e-08,-3.9401003477500945e-07
240559805.18289086,-0.6905802707032735,-0.0048897384925771035,1.7864558043978462e-07,-2.926758247787792e-07
240560646.18321064,-0.690585437092517,-0.00488912909649508,-1.6143869385754073e-07,-3.0210124124345483e-07
240560885.1828906,-0.6905866106505082,-0.004888889719500111,3.443128226976455e-08,-2.3895826298768463e-07
240728286.18509015,-0.6914002863587879,-0.004815249813463922,2.3292379025541265e-07,-3.349650821091177e-07
240730025.18380874,-0.6914081541719975,-0.0048155886722971945,4.195555062258549e-07,-3.970021798475193e-07
240730145.1847687,-0.6914093250567459,-0.004815283996104297,-1.9540688178665278e-07,-7.22511047492394e-08
240730446.18508965,-0.6914101135220383,-0.00481489250625147,4.106126165748236e-07,3.7015290829927466e-07
240814026.18410987,-0.6918183567701314,-0.00485976384187272,-1.519585799414358e-07,1.738388556229986e-07
240815586.17930847,-0.691827064157671,-0.0048608809553355795,-4.393496304544442e-07,2.060868925166104e-07
240887591.17897263,-0.6922396362036566,-0.004917343970199711,-3.224015354685861e-08,-2.4914746665164605e-07
240887885.18089256,-0.6922414248406766,-0.004917553841610088,6.241232863857249e-09,-2.648213964879728e-07
240888005.18185255,-0.6922416490951965,-0.00491737154667235,5.280488091230495e-07,-3.459606795486181e-09
240888126.1850515,-0.6922430801089747,-0.004917838957478886,-1.5049799173549872e-07,-3.912592494480574e-07
240888486.17929143,-0.6922449458640962,-0.004918135514835083,2.2341984073914745e-07,-4.5165662096620374e-07
240888845.17993134,-0.6922473915181002,-0.004918176924148437,1.2763822443417894e-08,-2.58586819751154e-07
240888966.1831323,-0.6922483026437631,-0.0049182966911925224,-1.447083132211091e-07,-2.9955311635354587e-07
240889205.18281224,-0.6922492164124804,-0.00491854848022255,4.305935509263392e-07,-3.9604227275360365e-07
240889326.1860122,-0.6922501875162651,-0.004918581749838185,2.1363813729191605e-07,-3.508590881318857e-07
240889446.1869712,-0.6922508578163032,-0.004918674657093516,2.914024631595069e-07,-3.660789120868424e-07
240889567.1815312,-0.6922517527033429,-0.004918743622859583,1.509365451513034e-07,-3.568305412086914e-07
240889686.18025115,-0.6922523716345317,-0.004918618558476508,2.741406449624506e-07,-1.549563511740737e-07
240889806.18121213,-0.6922531982150538,-0.0049186183419654,1.9610419610405216e-07,-7.739778930260233e-08
240889926.1821711,-0.6922541985615246,-0.004918473152174081,-5.554016635489489e-08,1.4501888335061858e-07
240890046.18313205,-0.6922545351730113,-0.004918514005943201,3.5670758258277147e-07,1.8127681458875167e-07
240890166.18409103,-0.6922555971276424,-0.004918956522833795,4.3768355162399075e-08,-1.842435706110243e-07
240890407.17961097,-0.6922568752130259,-0.004919066109074761,2.70383579747957e-07,-1.395472761633182e-07
240890645.18569192,-0.6922583269658276,-0.004919311900658007,3.0527332617324987e-07,-2.33426185191829e-07
240890766.18025088,-0.6922593008710952,-0.004919748062915996,8.735774836843291e-08,-5.92534736654042e-07
240890886.18121085,-0.6922602230035861,-0.004919322310357811,-8.484204694347852e-08,-9.047691302936645e-08
240891009.18025082,-0.692261055416589,-0.004919683079056819,-1.4843098017358614e-07,-3.731535005930056e-07
240891125.18089178,-0.6922616489404879,-0.004919781200109971,-1.6732310204048417e-08,-3.9773660867863797e-07
240891365.18281174,-0.6922630858833106,-0.004920011495897075,4.722613944352361e-08,-4.76226209716879e-07
240891485.18377075,-0.6922641493976698,-0.0049200087728643515,-2.6561850230422124e-07,-3.9777280168903223e-07
240891611.1808917,-0.692264843167433,-0.004920114285477333,-1.710535827426085e-07,-4.238948618723662e-07
240891728.18377167,-0.6922651130966313,-0.004919875833594155,2.912189716042235e-07,-1.1183329967547756e-07
240891966.1812106,-0.6922671373414363,-0.004920017197783994,-2.432244643468806e-07,-1.0380438806873588e-07
240892204.17865056,-0.6922686250187866,-0.0049202663218043344,-2.4054624192526575e-07,-2.0398767510733384e-07
240892326.18409154,-0.6922691345566361,-0.004920274942628491,1.4134383441444243e-08,-1.3643180275801914e-07
240892446.1850515,-0.6922699725933144,-0.004920107325488382,-7.210037289429039e-08,1.0599463854971819e-07
240892570.18633148,-0.6922704309081253,-0.004920552227034795,2.465925142969283e-07,-2.617244434441335e-07
240892686.18697143,-0.692271321667742,-0.00492046922450785,8.283904262551545e-08,-1.0663029360521992e-07
240892808.18377042,-0.6922721115972085,-0.004920798187703598,5.763132382430314e-08,-3.59891091669326e-07
240892926.18025038,-0.6922727836560928,-0.004921084756109501,1.253504876563838e-07,-5.733522006889924e-07
240893046.18121135,-0.6922737744716589,-0.004920620717749533,-1.1298800017822686e-07,-3.507832543100248e-08
240893287.1853703,-0.69227513993648,-0.004920736889087517,3.318396846196947e-08,-2.504780560047548e-09
240893465.18665025,-0.6922762658832271,-0.004921275593859638,2.404197896321847e-08,-4.3164580571658506e-07
240893766.1869702,-0.6922779208349991,-0.004921269460281287,2.5825031702009227e-07,-2.4081240681660815e-07
240893886.17929018,-0.6922786642725164,-0.004921634409123593,2.681394778436541e-07,-5.323319753501241e-07
240894006.18025014,-0.6922795707843071,-0.0049217403894861655,1.1513376763083727e-07,-5.649919290673031e-07
240894129.1792911,-0.6922803487567797,-0.004921557066018021,1.0962168206507528e-07,-3.066346220027827e-07
240894249.18025008,-0.6922812790741404,-0.0049215170743995935,-6.693918952471734e-08,-1.9355353221128108e-07
240894366.18313104,-0.6922815794346016,-0.004921646721218971,3.6774277745177386e-07,-2.52046624900186e-07
240894546.18025002,-0.6922830803078528,-0.004921738088363802,-2.1172822384230017e-09,-2.341622423506287e-07
240894726.18601096,-0.6922838172008948,-0.004922008102433541,3.923264987326647e-07,-3.951754217763198e-07
240894905.18088993,-0.6922850636612188,-0.004921519971359084,2.7111334721663383e-07,2.0109096471841725e-07
240895205.17896986,-0.6922868286289084,-0.0049222131618570425,3.9265735374272026e-07,-3.114290759781077e-07
240895326.18216985,-0.6922880946391176,-0.004922475032794251,-1.1223188378650661e-07,-5.00627555801228e-07
240895447.1853708,-0.6922884307985382,-0.00492245469962278,3.128447976230575e-07,-4.077369478265591e-07
240895686.18505076,-0.6922900761313118,-0.004922344439451957,1.714030984922843e-07,-1.545023857888253e-07
240895806.18600973,-0.692290766178141,-0.004922624998819272,2.3662045445238533e-07,-3.634435845967579e-07
240895985.18089065,-0.6922917656631636,-0.004922408542318934,3.638993137933255e-07,-4.036997156529887e-08
240896106.18408966,-0.692292604121892,-0.00492275196079972,2.8728572998293345e-07,-3.1185558091364335e-07
240896285.1789706,-0.6922935816494961,-0.004922660412395819,4.369219532840418e-07,-1.1410954454688788e-07
240896406.18217057,-0.6922942319917282,-0.004922560639207162,5.486921048625248e-07,5.7313296098621125e-08
240896827.1834505,-0.6922970826289364,-0.004923131256531579,3.5045957980095466e-07,-2.649042104918911e-07
240896945.17992947,-0.6922979593709323,-0.0049231858491447,2.1734688027130744e-07,-2.5012331090080303e-07
240897066.1831304,-0.6922990379557233,-0.004923438796068499,-9.855964677729645e-08,-4.320410479452877e-07
240897246.1802494,-0.6922996978722699,-0.0049233920529329275,3.7622391246827647e-07,-2.7984881203341194e-07
240897366.18120936,-0.6923005469718291,-0.004923547894932726,2.8373110838586513e-07,-3.6552885070238045e-07
240897486.18217033,-0.6923011788613651,-0.0049234594014002315,4.0854466865081207e-07,-2.0698450683368647e-07
240897605.1808893,-0.6923023943919514,-0.00492369214104281,-5.650860812611569e-08,-3.7036802989776074e-07
240898326.18024912,-0.6923069385340007,-0.004924141523029962,-5.164627892018103e-08,-4.0185626566918015e-07
240898446.1812101,-0.6923073019336629,-0.004924260327543918,3.4239238688726914e-07,-4.514942313583667e-07
240898685.18089002,-0.6923089643243502,-0.004924471523896116,1.8881196695019753e-07,-5.252624038316542e-07
240898805.18185002,-0.6923098093763146,-0.0049243271293963956,1.0145717221909933e-07,-3.1202967432780726e-07
240898926.185049,-0.692310597864933,-0.004924370324613961,7.707959437386336e-08,-2.8592255024977725e-07
240899046.18600997,-0.6923112018114627,-0.0049243422881442645,2.3099912715984772e-07,-1.8926750106843665e-07
240899166.18696895,-0.692312022049153,-0.004924819592094507,1.6871012120667217e-07,-5.980620107455883e-07
240899286.17928892,-0.6923127776782217,-0.004924618183633468,1.7105683058904475e-07,-3.2825801225128126e-07
240899466.18504986,-0.6923138558461381,-0.004924610576248949,2.3011276251150292e-07,-2.1825147235483844e-07
240899825.1856888,-0.692316260142755,-0.004925115677550232,9.440670867277845e-08,-5.198585606019934e-07
240900066.18120873,-0.6923176062178409,-0.004925003203737699,2.7161143290044265e-07,-2.7132301441169793e-07
240900186.1821697,-0.6923182153203876,-0.004925085902774331,4.2112114939651946e-07,-2.8643385800112414e-07
240900306.18312868,-0.6923193059074217,-0.00492526839132247,8.921990246602007e-08,-4.014418214645307e-07
240900665.18376958,-0.692321432498367,-0.0049250688758517795,2.3277953642431015e-07,-6.890124252395546e-10
240900786.18696955,-0.6923221646023254,-0.004925437618786142,2.659846610741923e-07,-3.018196350380864e-07
240901746.18600935,-0.6923282186697958,-0.0049259856031608805,2.8602649060349705e-07,-3.1722244204102773e-07
240901865.18472832,-0.6923291254232715,-0.004925580342889082,1.3248563346390796e-07,1.5358362543717308e-07
240902165.18280923,-0.6923308967765079,-0.004926031165705632,2.602583009103654e-07,-1.3245551685157897e-07
240902406.18696916,-0.692332746452799,-0.004926414921014729,-6.3486202073193e-08,-3.843055947664806e-07
240902706.1850481,-0.6923344728818104,-0.00492645648708948,1.0985749887559848e-07,-2.622659112426831e-07
240902886.18216908,-0.692335393842097,-0.004926552539007929,3.2891358914266533e-07,-2.60467068420589e-07
240903006.18312806,-0.6923364634713289,-0.00492670114203621,1.937986904287925e-08,-3.43964199805806e-07
240903125.18184903,-0.692336771519192,-0.004926536856365093,4.6513068363562837e-07,-1.1521848760579628e-07
240903246.185049,-0.6923378689411354,-0.00492660460802921,1.3425643707876134e-07,-1.1752837128335691e-07
240903546.18312892,-0.6923393418278153,-0.0049263884225398515,5.620576232212571e-07,2.604528304582174e-07
241149845.1856329,-0.6937794680132876,-0.00485072926537384,1.8852228245158642e-07,-4.277139846265224e-07
241152545.18563232,-0.6937923585899642,-0.00484888510487087,1.0314748666306883e-07,-1.290000847913031e-07
242618947.36936224,-0.70135546739581,-0.004929360377447628,3.81853590747383e-07,-7.110736481904384e-07
242619427.1312812,-0.7013580784161563,-0.004928805939395935,2.1703797647987244e-08,-5.285790367669588e-07
242619542.38888115,-0.7013582649627891,-0.004928866654691341,3.75446757128195e-07,-6.786941772552249e-07
242619972.8164011,-0.7013601886792077,-0.0049282847885480565,4.678476955843891e-07,-4.308315303871296e-07
242620088.9984811,-0.7013609472228451,-0.004928498012308072,2.5306800488511527e-07,-7.342466327971489e-07
242620207.66024107,-0.7013613021627019,-0.004928375179241917,4.5330698839052275e-07,-7.035449296251967e-07
242620507.45960104,-0.7013628406388495,-0.004928023246840287,3.1662890742634175e-07,-5.844474324631296e-07
242620752.118482,-0.7013640978008507,-0.004927989365788788,2.0251692467443405e-07,-7.406417688376674e-07
242620867.47112098,-0.7013645285662304,-0.0049277851971789655,3.1039116632491925e-07,-6.261094145443638e-07
242621048.77288195,-0.7013655954082373,-0.00492745178343043,8.976126786297556e-08,-4.336015545216773e-07
242621167.36552194,-0.7013660367105674,-0.004927346277275075,2.0173054393612944e-07,-4.2027891465450107e-07
242621287.7725619,-0.7013663436235729,-0.004927448796080448,4.563503671617397e-07,-6.164027626332988e-07
242621587.1485619,-0.7013677640037005,-0.004927325025931859,4.3125299231672187e-07,-7.254145833000131e-07
242621707.71112084,-0.7013683054356386,-0.004927033074013839,4.513574612952098e-07,-5.272239890965341e-07
242621948.16232184,-0.7013694043375079,-0.00492695463638455,4.7176512130153725e-07,-6.358113468600546e-07
242622434.53384176,-0.701371767381527,-0.004926303681022395,3.7023560717219794e-07,-3.632530228524222e-07
242622669.74056172,-0.7013729543965677,-0.00492644630439532,2.756352326382938e-07,-6.889039635459351e-07
242622847.6554417,-0.7013739402378439,-0.00492628788668224,1.1557508117210347e-07,-6.689444820131077e-07
242622902.7786417,-0.7013738640947278,-0.004926027101629052,4.4747400262945547e-07,-4.510597290258156e-07
242701806.99111095,-0.7016992054204132,-0.004878892792475619,1.7733667578845314e-07,-5.182969877275123e-07
242701927.30311093,-0.7016997361974435,-0.004878921107075913,1.136565076498286e-07,-5.921158419417219e-07
242702586.69063082,-0.7017021955532915,-0.004878846258736077,2.1321145893260507e-07,-7.650634631893583e-07
242702707.19270983,-0.7017024452025155,-0.00487872261929706,4.3099711544147823e-07,-6.864139532880564e-07
242702946.2010308,-0.7017038392403655,-0.004878669005759132,-3.6102476452803955e-08,-7.217632726633574e-07
242703367.50471073,-0.7017054102506907,-0.004878091912042655,2.6190516644319928e-08,-3.005989129460998e-07
242703607.10918972,-0.701706051383268,-0.004878482037081283,3.135892900907322e-07,-7.788950373401396e-07
242703787.2013507,-0.7017065885542401,-0.0048782017704083825,4.7414669024359313e-07,-5.646546428839452e-07
242703906.05318964,-0.7017073031030386,-0.004878112967158361,2.1997964505526824e-07,-5.193096072227121e-07
242704026.54663065,-0.7017079666613719,-0.004878260702359699,2.309298707814378e-08,-7.110088618474814e-07
242704146.55623063,-0.701708223334433,-0.0048782675346627806,2.3114812386371142e-07,-7.615338537296165e-07
242704266.7818306,-0.7017086314824219,-0.004877948325875307,2.8849461541913257e-07,-4.860011627730657e-07
242784485.81221908,-0.7020091947471525,-0.004880168491996895,-1.4418349847389322e-08,-9.897471208233921e-08
242784606.84134007,-0.702009558355629,-0.00488023693936983,1.0011556594857751e-07,-1.211042108140853e-07
242784786.64837903,-0.7020101457370491,-0.004880404865633687,2.233378113558615e-07,-2.2006004330495793e-07
242784906.85670003,-0.7020110044079018,-0.004880503292439915,-1.6009905079439335e-07,-2.722717637746244e-07
242785207.00165898,-0.7020119887289034,-0.004880570282791712,4.275778520135276e-08,-2.2349938150634935e-07
242785326.94213998,-0.7020125799847479,-0.004880680741745611,-7.38619669871099e-08,-2.8755088574486387e-07
242785685.55397993,-0.7020134567330016,-0.0048807578538550885,4.692868503797243e-07,-2.2540508890465938e-07
242786465.63365883,-0.7020168281679943,-0.004881085702219277,1.9047484423051486e-07,-2.477168506301655e-07
242786647.8944598,-0.7020177977599149,-0.004881208652152106,-5.577619033303449e-08,-2.98762885956802e-07
242787131.91589975,-0.702019478032109,-0.004881336076008694,1.8628194708991686e-07,-2.342809726028211e-07
242787488.54053968,-0.7020210397735063,-0.004881645803933476,4.217758120539372e-08,-4.0172455374395954e-07
242787666.52453968,-0.7020216571175821,-0.0048813798712909135,1.3274569532484293e-07,-6.449776437326277e-08
242787786.84517866,-0.7020223582953975,-0.004881612228429881,-8.972061926737496e-08,-2.4855173920597384e-07
242787907.05349866,-0.7020225490854939,-0.004881625597474892,1.9787335536758377e-07,-2.1357645922908536e-07
242787966.62629864,-0.7020228386109856,-0.004881662420263002,1.4546934978820758e-07,-2.26408804817127e-07
242788086.86917862,-0.7020236523756083,-0.004881821703554413,-1.8959613357072413e-07,-3.37204710566634e-07
242788266.5552596,-0.7020240764759209,-0.0048817781636757394,1.0187185151000477e-07,-2.210460069394793e-07
242788507.11877957,-0.7020248209806151,-0.0048820319118636855,3.157782643148366e-07,-3.7726919569804063e-07
242788626.67909956,-0.7020256693218113,-0.004882036721993826,-5.605870545544178e-08,-3.334800237004068e-07
242788806.46021953,-0.7020260514274819,-0.004881971350011546,2.785625827783633e-07,-1.9486809819946327e-07
242789226.63205948,-0.702027648691896,-0.004882310165425847,3.573764137954072e-07,-3.617520667525617e-07
242789287.30213848,-0.7020281689328727,-0.004882433951767099,7.926417799897223e-08,-4.606244433363188e-07
242789826.4294994,-0.7020303210667717,-0.004882655235262203,7.998243112261605e-08,-4.595358772301397e-07
242869746.9824483,-0.7023729836921264,-0.00493594003198362,-1.2558858286659813e-08,-1.7119685881070157e-07
242869865.91204828,-0.7023732582464721,-0.004935726468085142,2.8505528881783704e-07,1.349652054690939e-07
242870106.80388826,-0.7023748506292411,-0.004936204925076624,-1.4777628987161506e-07,-1.5604127578776328e-07
242870286.46404824,-0.7023752938656732,-0.004936645393244382,2.7433631488715804e-07,-4.568001434170424e-07
242870406.90564823,-0.7023757249419635,-0.004936696619518304,4.2363511543186405e-07,-4.144122615779705e-07
242870527.88292822,-0.7023767582269492,-0.004936721930390434,-2.648632690949171e-08,-3.457290429749807e-07
242870707.2406892,-0.7023774609414745,-0.004936642278420717,1.3576262880565793e-07,-1.2679124061255875e-07
242870828.93508917,-0.7023784504459576,-0.0049369170397683924,-2.666057739020289e-07,-3.0709295017680716e-07
242870946.35268816,-0.7023791494308946,-0.004937022491294852,-3.9889227754219547e-07,-3.2143978151519953e-07
242871246.22980914,-0.7023798494973897,-0.00493720930328143,3.4922412739391007e-07,-2.7573380676371856e-07
242871366.6022891,-0.7023805383688775,-0.00493726192489291,2.420120081003674e-07,-2.3508521668127308e-07
242871666.8336481,-0.7023819869328946,-0.004937578640369689,2.4508161722280875e-07,-3.1932751586374875e-07
242871786.77412805,-0.7023828588996204,-0.004937478652518703,-4.662297437008078e-08,-1.2653216030673875e-07
242871908.75364804,-0.7023829525953735,-0.004937529321293032,4.500082767533442e-07,-8.285323054198213e-08
242872088.094128,-0.7023841702378346,-0.0049379123480709905,1.0065933708780506e-07,-3.2723412750259445e-07
242872207.03236902,-0.7023849412248045,-0.004937871361573124,-9.423878943870534e-08,-1.943432628524061e-07
242872446.308529,-0.7023856984593411,-0.004938177129844805,3.0805612916129377e-07,-3.153308864179555e-07
242872566.87972894,-0.702386588566469,-0.004938428650662151,2.5236986944676687e-09,-4.7379634767613643e-07
242872866.88644892,-0.702387937600943,-0.004938860069888741,1.0886635648521548e-07,-6.738359814477748e-07
242873047.0650079,-0.7023889065054766,-0.004938825000054848,1.4600701203626443e-08,-4.999149303634015e-07
242873167.4720489,-0.7023892587211519,-0.004938789998056242,2.4711069024352383e-07,-3.721700570441869e-07
242873226.8202089,-0.7023897280094652,-0.004938481258148377,6.610034763987471e-08,-1.773127693716764e-08
242873406.47172886,-0.7023905859282287,-0.004938932421141562,8.109792570820673e-08,-3.306154923608459e-07
242873526.78372782,-0.7023908299071537,-0.004938677916873169,4.2193932370260256e-07,1.6447106809293344e-08
242873708.06820783,-0.702392127591333,-0.004939019098510218,5.802730185244798e-09,-1.853393612766957e-07
242873827.9741278,-0.7023926688419551,-0.004939146179101711,4.7857751539481796e-08,-2.2026719045942222e-07
242873946.3421288,-0.7023929674145247,-0.004939225995100498,3.252870917069828e-07,-2.091487528209715e-07
242956272.9017988,-0.702819101564597,-0.004992766563569527,2.641871438280319e-07,-3.981653796877871e-07
242956505.9312388,-0.7028204641868802,-0.004992565416771535,1.9456280198060227e-07,-1.0830824040061748e-07
242956867.04003873,-0.7028227678433434,-0.004992803295332278,-1.0473913003572477e-07,-2.0987925433875454e-07
242956986.65219772,-0.7028228603848231,-0.004992558134637797,4.668143094299637e-07,8.012048573029229e-08
242957106.2816377,-0.7028237609679001,-0.004993015667283188,2.3051055408895849e-07,-3.3272132751466926e-07
242957226.4553987,-0.7028244790237562,-0.0049927726874620815,1.7984462064024598e-07,-4.5003051467665256e-08
242957466.62147766,-0.7028255899393457,-0.0049933852615703074,4.0296182957089144e-07,-5.686352769459016e-07
242957766.11843863,-0.7028274233257016,-0.004993002629766742,2.3364570800321616e-07,-7.596190729902697e-08
242958066.5485176,-0.7028294583254703,-0.004993467405942465,-1.3158227729626049e-07,-4.313260034034816e-07
242958246.8653186,-0.7028302745944882,-0.0049931459268780015,5.4580446162688645e-08,-4.4645576186518043e-08
242958426.90563756,-0.7028311570847712,-0.0049935890255555625,1.7316192946204012e-07,-4.2299233192315266e-07
242958607.13603753,-0.7028322826525985,-0.0049938954202253276,4.9896571874263884e-08,-6.649162387377047e-07
242958961.6352375,-0.7028344105137952,-0.004993645066550028,-1.0601931565989986e-07,-2.8877301310684805e-07
242959206.64835846,-0.70283532593683,-0.004993500138578022,3.418449369130272e-07,-5.769431299373906e-08
242960166.57827735,-0.7028409035099923,-0.004994456332335764,1.0820553486556861e-07,-6.825586312958487e-07
242960286.94211835,-0.7028417227180997,-0.00499438924393727,-4.064458913877189e-08,-5.746205758109385e-07
242960406.4419583,-0.7028420040442636,-0.004994193904831725,3.436361790676301e-07,-3.388779246460763e-07
242960526.7539583,-0.7028431400985775,-0.004994261895676292,-1.2222721657018099e-07,-3.663444022392742e-07
243129426.2950581,-0.7037034681315852,-0.004937582249278901,-8.173536303335283e-08,2.4631915255743375e-08
243129846.40641904,-0.7037054731383826,-0.004936566176373924,-2.805720802356859e-07,7.204662610064277e-07
243129905.97057804,-0.7037054452462311,-0.004937326117225575,3.2531588534112643e-09,-8.490392449517215e-08
243130146.352658,-0.7037067378356039,-0.004936826747339806,-2.5685084414917014e-07,2.3106538921124908e-07
243130206.893139,-0.70370701466424,-0.0049370108816248395,-2.7374327848939117e-07,7.259904431095032e-10
243130386.700178,-0.703707464949182,-0.004937392941153055,4.7760166155264017e-08,-5.186001336403984e-07
243130506.83937797,-0.7037080332620426,-0.004936954582125031,-5.070025954623247e-09,-1.719862335550909e-07
243130626.16641897,-0.7037087475505912,-0.004936166597889202,-2.0751416363040676e-07,5.248500353216556e-07
243130746.30561894,-0.7037090250367206,-0.0049362790186781936,3.017254979198469e-08,3.206380674502726e-07
243130806.82017896,-0.7037090684865527,-0.004936642543214133,2.4615796501148424e-07,-8.913059079858343e-08
243130866.75585893,-0.7037092355207606,-0.00493647490076193,3.3603803017978606e-07,3.270451393380669e-08
243130926.13857794,-0.7037097333831683,-0.004936723753741029,9.268104239623653e-08,-2.6153864411421895e-07
243130986.71361792,-0.7037100302328313,-0.004936385468491943,5.54072473457623e-08,3.043951703023129e-08
243131046.7443389,-0.7037104836558737,-0.004935959606471133,-1.4081204580129736e-07,4.1040508764415146e-07
243131287.08321887,-0.7037111512133114,-0.004936004188499045,2.209742662184766e-07,1.820184999373059e-07
243131466.7865789,-0.7037119722035797,-0.00493596734032584,1.6921553080972984e-07,8.13797397490601e-08
243131526.27297786,-0.7037119629904812,-0.004936133809364691,4.329847770323525e-07,-1.3061105457855965e-07
243131646.57633784,-0.7037130398826539,-0.004936405480753846,-1.2922212955235324e-07,-4.943591855200574e-07
243131706.01953787,-0.7037130540613699,-0.004936370146211784,1.1085089068885168e-07,-5.045280906902302e-07
243131885.92161882,-0.7037138422153344,-0.004935573033005744,9.193569039389615e-08,1.54842099022931e-07
243132426.75105777,-0.7037162361256911,-0.004935847937536879,8.329810063933962e-09,-5.344020684904319e-07
243132726.59361774,-0.7037173073763577,-0.0049351154276752775,2.1649071513252238e-07,-3.1759482991416954e-08
243132906.3920187,-0.7037182524614436,-0.004934828122448409,3.809323656511765e-08,1.1765883909439084e-07
243133026.6521777,-0.7037186529304055,-0.004934945796087468,1.5022015231735963e-07,-9.226150401824007e-08
243133206.43329868,-0.7037194928100391,-0.004935265283266843,7.63198387820907e-08,-5.496796560361741e-07
243133326.57249767,-0.7037202939216652,-0.0049345609128244915,-2.1313773979070305e-07,6.249986053263185e-08
243133386.34401768,-0.7037203274355329,-0.004934626421933898,7.841919336115666e-09,-4.888125062618015e-08
243133506.75105765,-0.703720527041877,-0.004934606310593654,3.2077172318345504e-07,-1.2118737561898907e-07
243133626.70017764,-0.7037210567536695,-0.004934538211160456,3.0147398888402677e-07,-1.4516737827444115e-07
243133747.07265761,-0.703721682109685,-0.00493430567393282,1.8815935354243862e-07,-5.047644296464482e-09
243133806.5244986,-0.703722163466794,-0.004934243367148282,-4.036565492970823e-08,1.1609540585821865e-08
243133926.61185762,-0.703722562199937,-0.004934172662324631,7.146852143424809e-08,-9.902918017730411e-09
243133986.1760186,-0.7037225979120469,-0.004934314046526324,2.8893627135317956e-07,-1.9703199360000118e-07
243134046.81153858,-0.7037228548444948,-0.004934489447126956,2.896930997309255e-07,-4.1900323268905665e-07
243134106.4016176,-0.7037234654741104,-0.0049344915930879295,-6.773393446124487e-08,-4.669197532268868e-07
243134165.93121758,-0.7037234293547923,-0.00493412564233145,2.212875699347805e-07,-1.466958845794744e-07
243134406.44289854,-0.7037245522540894,-0.0049338662959992645,1.1972085367517593e-07,-7.212269495775886e-08
243134586.30177853,-0.7037254623398939,-0.0049338305999234435,-2.7061791474380925e-08,-1.7463023502164304e-07
243134766.00513753,-0.7037259465626656,-0.004933042172694693,2.5095643363393094e-07,4.7569144562015914e-07
243216786.7606498,-0.7040304540026134,-0.004886901895580346,4.3335920441034403e-07,-1.9335009877972237e-07
243216846.80000976,-0.7040308513031653,-0.0048867040316358966,2.4514114838058987e-07,-1.4424296717989449e-08
243216907.28000876,-0.7040312154895564,-0.004886772461569568,9.156315317060404e-08,-1.0190830048925625e-07
243216966.17888877,-0.7040316122241508,-0.004886702452766791,-1.000772973380748e-07,-5.0433163424970506e-08
243217027.09088877,-0.7040318683830424,-0.004887000686723019,-1.441408107316633e-07,-3.6781109916551175e-07
243217087.91648874,-0.7040323759894213,-0.004886419063751129,-4.399615809447255e-07,1.94718572005953e-07
243217207.70144874,-0.704032145278765,-0.004886955015485129,2.07795990858628e-07,-3.787650893379013e-07
243217267.30880874,-0.7040325708560908,-0.004886916315687206,-1.0263703109636424e-08,-3.587078233778171e-07
243217328.03072873,-0.7040327059166142,-0.004886687779295211,6.606457803037813e-08,-1.4913920739871578e-07
243217567.2204887,-0.7040333976357852,-0.004886658034247697,2.0693689128936654e-07,-1.9388034954576083e-07
243217628.5558497,-0.70403349282449,-0.004886713348058974,3.2522584214600414e-07,-2.682354216130764e-07
243217687.4892887,-0.7040339470483208,-0.0048865579277039975,7.611060137691084e-08,-1.3108783060520462e-07
243217747.98656967,-0.7040339760026599,-0.004887002843146692,2.576981373847431e-07,-5.947376111583788e-07
243217807.55936968,-0.7040342715348639,-0.004886450547302476,1.6948104908376393e-07,-6.08667118460332e-08
243217867.3740897,-0.704034512922063,-0.004886304279276299,1.3624141315116134e-07,6.69246481340563e-08
243217986.51968965,-0.7040351420093087,-0.004886295260962197,-7.82628544193642e-08,3.92081936761296e-08
243218227.91264865,-0.7040355294269601,-0.0048865143114723165,3.741604712725888e-07,-2.5398516830150986e-07
243218346.2288086,-0.7040361538388713,-0.004886220864819908,1.6132885327646562e-07,3.260090446731423e-09
243218406.5446496,-0.7040365022314858,-0.004886478363250266,2.2738732563531983e-08,-2.7265798949530073e-07
243218647.0390496,-0.7040373419463588,-0.004885955360103326,1.9456164346287608e-08,1.7713914175158246e-07
243218766.2796886,-0.7040377832420712,-0.0048862433953377,-7.186125805525023e-09,-1.470512519339412e-07
243218887.42976955,-0.7040380759452456,-0.00488636612156243,1.213613385342427e-07,-3.0641518442009463e-07
243219006.63584957,-0.7040385729930556,-0.004885951408428813,3.876207532726994e-08,7.234327440396038e-08
243219187.09088853,-0.7040392278998706,-0.004886572184881625,1.116891734653791e-08,-6.026814518373877e-07
243219366.48320952,-0.7040397816830083,-0.004886266364598283,8.090611802735737e-08,-3.50574021549567e-07
243219426.9459295,-0.7040398990390242,-0.00488603347400633,1.7367999372019938e-07,-1.357382256993861e-07
243219486.6915285,-0.7040401385397774,-0.004886337220851352,1.4180559382293012e-07,-4.5730155700737796e-07
243219666.23936945,-0.7040407787455824,-0.004885854707074009,1.2549161509944895e-07,-2.818503850102183e-08
243219787.91648847,-0.7040411767330179,-0.004886192821217954,1.5024830857246485e-07,-4.0236174049697315e-07
243219966.63488844,-0.7040415305353018,-0.004886039993321793,4.172817662517758e-07,-3.023198288081702e-07
243220027.45184845,-0.7040419007071603,-0.00488582046794778,2.5835311978639197e-07,-1.0070760464789275e-07
243220087.03328943,-0.7040423150586538,-0.004885948898724747,5.094141231065663e-08,-2.4666310772906985e-07
243220207.05152842,-0.704042763471115,-0.004885657521590688,1.9343216250966577e-08,9.486792310921255e-09
243220266.7193694,-0.7040427695570434,-0.004885497199758152,2.204610687339681e-07,1.5233196383988845e-07
243220326.6550484,-0.704043166298276,-0.004885605924713166,3.184151375901223e-08,2.6076544190449524e-08
243220446.5696094,-0.7040432363580766,-0.004885674661118603,3.781381032741393e-07,-7.765912739873121e-08
243220507.3260894,-0.7040435975923074,-0.004885718535558468,2.2783801345571675e-07,-1.3922856628538482e-07
243220626.6617694,-0.7040439324505083,-0.004885510696465771,3.072515581958868e-07,3.392903584302498e-08
243220748.01920837,-0.7040444728345981,-0.004885796582083623,1.8810633783949982e-07,-2.871242738783711e-07
243220806.59840837,-0.7040449143122263,-0.004885875182859882,-5.0058116984885714e-08,-3.826638118641437e-07
243220926.66848835,-0.7040451007794225,-0.004885793050143524,1.8016831460077043e-07,-3.3517573466354533e-07
243220987.07936934,-0.7040453307425272,-0.00488559438964986,1.5983669421348878e-07,-1.53907892540793e-07
243221106.4496093,-0.704046086990916,-0.00488537987833011,-1.8222467068618187e-07,2.6311238343450227e-08
243221226.3209693,-0.7040461306878921,-0.004885554366147779,1.899515454928391e-07,-1.8251195653407049e-07
243221287.3712083,-0.7040463117327308,-0.004885560841838416,2.2068964211641173e-07,-2.0643567108600408e-07
271047906.1873416,-0.6451539524731141,-0.006033175676046129,3.6172540118784013e-07,-2.2719992422669255e-07
271048147.18286157,-0.645155893004144,-0.006032502394322954,-2.953064428545815e-07,2.667706192659505e-07
271050846.1806208,-0.6451703214473739,-0.006031263009712523,-3.891666467970012e-07,-5.117725256405942e-07
271051145.1851006,-0.6451716037763348,-0.0060305512554747415,-8.816102481379318e-08,-2.4561115302169922e-08
271051446.1854206,-0.6451739611973768,-0.006030728883578056,-8.52668489925712e-07,-4.284061875517095e-07
271054806.1863806,-0.6451903933191498,-0.0060281529347235106,4.2563810676021774e-07,-3.875025451991615e-07
271055826.18157935,-0.6451966489085504,-0.00602730654229465,-4.808552303003921e-07,-3.133007622085904e-07
271135507.1818768,-0.6455754128528488,-0.005980955643744898,-4.270167028863625e-07,-3.647090149857049e-07
271135806.1863567,-0.645576706465798,-0.005980825115007881,-3.581787987316787e-07,-3.419859379233739e-07
271136047.18187666,-0.6455778102151599,-0.00598062702092509,-3.6395966152014125e-07,-2.303835971231849e-07
271136166.18059665,-0.64557835295041,-0.005980741534706634,-3.6459348840001127e-07,-3.874731302581924e-07
271136286.18155664,-0.645578707916443,-0.005980603022989699,-1.7292872467322695e-07,-2.9180688782427106e-07
271136886.18635744,-0.6455821087546154,-0.00598042410863812,-8.411792317142286e-07,-3.257705321431034e-07
271137306.1853973,-0.6455839242905175,-0.005980225450304356,-7.445104158732008e-07,-2.747722647753262e-07
271137486.1825163,-0.6455847891911147,-0.00598008967479867,-7.900606899813312e-07,-2.0193367476859653e-07
271137966.18635714,-0.6455865577423974,-0.0059800869155935965,-3.7409721098669024e-07,-3.659871147254634e-07
271138206.17963606,-0.6455878587353555,-0.005979994882562636,-5.831376931331178e-07,-3.567943397527959e-07
271139226.1834758,-0.6455926009775103,-0.005979145465752984,-6.865278596723812e-07,1.4480156293374818e-07
271304347.13286966,-0.6463842691612148,-0.006042084312796199,-5.47501841641207e-07,-8.225990179733939e-08
271304647.0704705,-0.6463861095065896,-0.006042257102514428,-6.833985515264374e-07,-1.4188786747956761e-08
271305907.1021502,-0.6463924270649054,-0.0060437257186985276,1.7427244436429845e-07,-4.734171344215887e-07
271306207.29895014,-0.6463943160378843,-0.006043881655510164,-1.7546257780054475e-09,-3.894644007183465e-07
271306507.2538301,-0.646396545082908,-0.0060441403518110325,-5.179217523743063e-07,-4.0869391740739475e-07
271306747.70503,-0.6463975148137867,-0.006044147996561402,-1.1362867979869407e-07,-2.2454226546089057e-07
271306927.79718995,-0.6463989071992043,-0.006043988610343198,-4.7636017908025963e-07,7.839786549980465e-08
271307527.7501488,-0.6464020912222704,-0.006044619249036293,-2.2691039269773228e-07,-7.461072346059971e-08
271308127.65126956,-0.6464059578889556,-0.006045531509249944,-6.553751329407831e-07,-5.102077846076691e-07
271308428.0035885,-0.6464074431039516,-0.006045103915178327,-4.1733087341455644e-07,1.5568888177795726e-07
271309936.9536681,-0.6464158929682862,-0.006046608239811513,-1.9144940532900279e-07,-1.5493332494731504e-07
271310227.145348,-0.6464173879266143,-0.006046921287968205,-1.4551392313322253e-08,-2.390865355313132e-07
271310527.34214795,-0.646419616801765,-0.006047257021272456,-5.128076888682997e-07,-3.3825971762491136e-07
271310827.25382787,-0.6464215479003133,-0.00604732140010728,-7.138061071110258e-07,-1.6653261786757356e-07
271311367.04646766,-0.6464242481672462,-0.006047421901788431,-2.9738165241433023e-07,1.5734247514782862e-07
271311667.26918864,-0.6464264273917852,-0.006048128897357264,-7.41631322465075e-07,-3.139415476255056e-07
271311967.1463085,-0.6464276102098221,-0.006048288456893253,-1.9039808563103833e-07,-2.3828740241572943e-07
271312267.20486844,-0.6464292392184456,-0.006048544780939951,-8.3245796367315e-08,-2.5948109503778904e-07
271312507.4400674,-0.6464306771026344,-0.006048774993812157,-1.3035592005827823e-07,-3.01604094456176e-07
271312807.33446825,-0.6464326249991966,-0.0060488899972233525,-3.4116675917683636e-07,-1.8200928435761765e-07
271313346.6691871,-0.6464356942247872,-0.006049155089891423,-2.8382842842678e-07,-2.5755737176683113e-08
271313887.21350795,-0.6464386556518722,-0.0060497141070113255,-1.0844225473150004e-07,-1.631961171174104e-07
271314246.8189479,-0.6464410325824631,-0.00605022943182845,-3.968030218848284e-07,-3.984528310881433e-07
271391827.3142865,-0.6469147606484157,-0.0061011351235680635,-6.260337919172798e-07,-8.764461316163735e-08
271392127.2605254,-0.6469162910534072,-0.006101266723107061,-2.1357803792199093e-07,-1.0212025424588544e-07
271393087.2595651,-0.6469225641835407,-0.006101786806174098,-2.646118121285568e-07,-2.538857963585439e-07
271394587.2413247,-0.646931976014887,-0.0061022609159282586,5.618550047437054e-08,-1.7239914075137253e-07
271395008.76964563,-0.6469351929947051,-0.006102516192806448,-4.235862688384273e-07,-2.758863316774246e-07
271395127.1635656,-0.6469354897070944,-0.006101869502663709,4.8650724338017426e-08,4.13095191015983e-07
271400406.47140414,-0.6469702350872395,-0.006104166219288055,-3.5629642614054546e-07,-1.4765573658290926e-07
271400647.0262841,-0.6469717384265069,-0.0061043123465919025,-2.932190686921743e-07,-2.2153675303341475e-07
271401966.7690037,-0.6469808408823615,-0.006104821922429477,-8.007520708730453e-07,-3.451000571150567e-07
271402207.2893226,-0.6469818003949895,-0.006104253440716703,-1.937100936322267e-07,2.9186087684152096e-07
271403167.0118834,-0.6469884578609758,-0.006104814899485277,-6.00149709151232e-07,-2.0274039660636567e-09
271403647.27492326,-0.6469915466674996,-0.006105109496128558,-5.608357932507246e-07,-1.6610593448537075e-07
271403887.46692216,-0.6469932276097888,-0.006105188962877058,-6.773540695004243e-07,-1.8113562263045307e-07
271404126.9158821,-0.6469945214471068,-0.006105494912540748,-4.11637345210103e-07,-4.2340127892007834e-07
271480507.6003412,-0.64748077782388,-0.006101524059916173,-4.123192339777759e-07,-4.1009938547137414e-07
271480627.0915411,-0.6474816188680252,-0.006101361026174033,-5.048353696190944e-07,-2.9720995003805484e-07
271481227.130901,-0.647485208678967,-0.006101338781251925,-3.3735640170284853e-07,-5.28924125903045e-07
271481827.22210187,-0.647489027324935,-0.0061005189820382034,-4.0103399934210415e-07,3.333203515629157e-08
271482186.9917017,-0.6474916367085516,-0.006100718312317023,-7.605400640375848e-07,-3.2209215235050326e-07
271482727.4841816,-0.6474945250811985,-0.0061005901335017924,-2.7078311437556124e-07,-4.307752119007968e-07
271483327.35074043,-0.6474980634445962,-0.00609968271463904,-6.273026664782577e-08,2.1048344053548745e-07
271483627.5389004,-0.6474997597730768,-0.006099813486056565,1.1459576543249028e-07,-5.476234951531239e-08
271483927.5369803,-0.6475018026584797,-0.006099357333635517,-5.660527035988849e-08,2.6615488292903305e-07
271484227.3536202,-0.6475034896003599,-0.006099517011105237,1.2620715739153354e-07,-2.9514949050762906e-08
271484527.03202105,-0.647505848212923,-0.006099474839935849,-3.6432570094113714e-07,-1.2410552958745658e-07
271484766.54146,-0.6475070828809083,-0.006099375577256981,-1.0657835614047428e-07,-1.3473981469273866e-07
271485307.12897986,-0.6475106342675208,-0.006099330747615798,-2.91475171443345e-07,-3.398766865543232e-07
271485787.4265808,-0.6475135948264035,-0.006098618334478728,-2.6336151692785137e-07,1.4823687626876192e-07
271488426.79106003,-0.6475300373266124,-0.00609696652628065,-3.2479081446545877e-07,5.31547914146141e-07
271565585.99999905,-0.6479683529851561,-0.0060479556420696,-5.325454746074598e-07,-3.9734382437095483e-08
271565826.995519,-0.6479696460050622,-0.006047938928770604,-5.447961034521498e-07,-2.0326264844796466e-07
271566486.87551785,-0.6479726404114479,-0.0060470509776393965,-3.522547686873878e-08,1.9075521069840395e-07
271566727.2835178,-0.6479742148083926,-0.006047157457919448,-3.3414201594528237e-07,-9.58137424383193e-08
271566966.97439873,-0.6479756919027868,-0.006046825621246835,-5.401497923385179e-07,5.640287601121202e-08
271567686.64319754,-0.6479792404967047,-0.006046094677005216,-2.75913758507329e-07,2.476615542802013e-07
271567927.2153585,-0.6479804832703768,-0.006046156929487553,-2.4534856535307625e-07,4.886479068599847e-09
271568166.99263835,-0.6479820077349521,-0.006046214003888299,-5.012997051911938e-07,-2.3216600811108712e-07
271568407.5043173,-0.6479828440424475,-0.006045755150304348,-6.583424927431025e-08,4.6109584613159005e-08
271570147.3324778,-0.6479921961932752,-0.00604458997167903,-2.3735024012871975e-07,-9.611410758773864e-08
271570386.6863968,-0.6479937762882327,-0.006044217350889159,-5.571469804399598e-07,9.653393269123955e-08
271570867.00991666,-0.6479957175465623,-0.006044273782648994,2.866041381999196e-08,-3.210999020607577e-07
271571106.94271755,-0.6479971691558284,-0.006043314597058953,-1.6165085114927535e-07,4.5764351655399466e-07
271572066.61343634,-0.6480020075213109,-0.006043619844518283,3.7861593193966314e-08,-5.693265120393712e-07
271572307.1251173,-0.6480037871404022,-0.006042875450791543,-4.809523274085237e-07,-5.79053762925219e-09
271572546.6604762,-0.6480043246314161,-0.0060425662316378,2.3652245451089016e-07,1.2332067266494773e-07
271572786.9907171,-0.6480056829328242,-0.00604252692839796,1.3662233233624477e-07,-1.8062046578878888e-08
271573027.415997,-0.6480072198252013,-0.006042292402255527,-1.4210736631881105e-07,3.5730390297514236e-08
271649647.22973645,-0.648373931811935,-0.006000924941532957,-6.034146595723655e-07,-4.888415825778092e-07
271650067.27197534,-0.6483753090183297,-0.006000561137791403,-4.0916893095932494e-08,-2.527276144453222e-07
271650246.9234953,-0.6483759075525971,-0.006000805445324502,1.901329403919405e-07,-5.513134169786785e-07
271650427.17981523,-0.648377240249201,-0.006000513481315234,-3.1020402302406325e-07,-3.1360786921248024e-07
271651386.729576,-0.6483818867557806,-0.0060001057606928485,-5.262089923796509e-07,-1.9127106140690714e-07
271656407.10525465,-0.6484050345623636,-0.0059987686332381475,-5.125027272567806e-07,-2.478618832714441e-07
271656606.64605457,-0.6484058450381031,-0.005998375255738719,-4.0338130979922227e-07,9.375299330274811e-08
271656906.9033345,-0.6484071475586815,-0.0059986426895707965,-3.2233102120748924e-07,-2.5102124463251274e-07
271657146.1362944,-0.648408601363484,-0.005998832111907763,-6.739260658417123e-07,-5.015900650315319e-07
271657387.2700534,-0.6484091402325286,-0.005998563521525145,-1.0197977995396457e-07,-2.942024725826123e-07
271657626.6758133,-0.6484102410016616,-0.00599844418571814,-1.0004901873639227e-07,-2.352014978187697e-07
271657987.5599742,-0.648411763538649,-0.0059983020019248835,3.934023307117229e-08,-1.8315273622292877e-07
271658706.82269406,-0.6484152448891854,-0.005998256542698778,-1.308309284242526e-07,-3.143811020079809e-07
271659665.6898937,-0.6484201088029914,-0.005997886487073257,-5.83044799884469e-07,-1.7363452290471842e-07
271660145.8060526,-0.6484220863293475,-0.005997586834363031,-3.5273596132867624e-07,1.3931199851699438e-08
271660386.68925357,-0.6484230733637839,-0.00599764538409305,-2.3236321888830958e-07,-1.00157746282456e-07
271660566.1593335,-0.6484235688712908,-0.005997781706617016,9.706754455773847e-08,-2.775546019623612e-07
271660926.81885344,-0.6484256554356654,-0.005997736744838816,-3.320748737101198e-07,-3.14341446521621e-07
271661106.7641324,-0.6484267096748177,-0.005997541172083179,-5.59551876611053e-07,-1.591570266716233e-07
271661286.5711723,-0.6484273290803432,-0.005997742350233477,-3.529535660407035e-07,-4.004255790791486e-07
271661466.20541227,-0.6484284699041928,-0.00599773228370262,-6.686919641341049e-07,-4.30143224397668e-07
273549245.9755456,-0.6587495528165009,-0.006149852153941306,1.4698674088986508e-07,-6.01495755804711e-07
273549486.1416266,-0.6587506104382235,-0.006149499222950307,4.390360597295029e-07,-4.110074700927613e-07
273549905.82962656,-0.65875320282845,-0.006149295895958216,2.0364599140343387e-07,-4.924562765004636e-07
273554346.15890473,-0.6587778424478402,-0.006146027517828181,3.7213587733564424e-07,-3.033392359094375e-07
273635226.21841073,-0.6591807278000992,-0.006088237485981603,-5.909853614260996e-07,-4.54934518572328e-08
273639245.99569005,-0.6591984148819084,-0.006085989851005634,1.3110896057710875e-07,-3.840239694227754e-07
273719946.2049574,-0.6595404512626556,-0.006061263130652627,-9.654971544481583e-08,1.0690158831587471e-07
273720246.40175736,-0.6595423399767618,-0.0060616093488964845,-7.107833630559668e-07,-2.2799342985161536e-07
274065186.44394165,-0.6613766415031801,-0.006155835494037495,-2.7469621999287597e-07,-3.4317259552628376e-07
274065486.19146156,-0.6613784672804138,-0.006155194427588588,-5.207291647879586e-07,8.459729718569148e-08
274066266.37482244,-0.661382539348815,-0.006154670176727957,-4.857523723256207e-07,5.124672767652799e-08
274066505.8237824,-0.6613834002656357,-0.006154395642622408,-8.755352798317517e-08,1.5395269928157596e-07
274067105.7162613,-0.6613869194190547,-0.006154245376322432,-4.551780677930495e-07,-1.2765912822416264e-07
274067346.24522126,-0.6613878984805174,-0.006154391599255058,-1.7182086764488957e-07,-4.4759693333760314e-07
274068185.75946116,-0.6613921041808033,-0.006153160447546224,2.3180673158762488e-08,1.7482780888603e-07
274068306.07146114,-0.6613931037499091,-0.0061534533916813355,-3.4642896085124164e-07,-2.0565537312607768e-07
274068426.20202106,-0.6613939130626276,-0.0061535604143390064,-5.269127526519313e-07,-4.0015915558563875e-07
274068545.9524221,-0.6613942861697553,-0.0061529354347581765,-2.73361284275353e-07,1.375428951523247e-07
274068665.7633021,-0.6613950763734575,-0.006152654386849717,-4.3677096905891943e-07,3.31196456519571e-07
274068786.0753011,-0.6613958570287601,-0.006153027476956845,-5.881937374940804e-07,-1.297262962095605e-07
274068906.058982,-0.6613957762937683,-0.006153080768962665,1.1987310011285501e-07,-2.706834287434165e-07
274069026.36234105,-0.66139642207841,-0.006153407829790559,1.0290681706770499e-07,-6.857148552204262e-07
274069145.70666105,-0.6613971183819357,-0.006153230710228283,3.022501715577164e-08,-5.959352921778432e-07
274069265.698982,-0.6613972089492535,-0.006152215687649608,5.664800931670655e-07,3.312025343548547e-07
274069866.1789809,-0.6614009539910604,-0.00615253126548226,-4.456419466780659e-08,-4.252250403414745e-07
274069986.3354609,-0.6614017019825571,-0.006152387682971593,-1.660113537749197e-07,-3.7006303725724277e-07
274070225.73258084,-0.6614031370343277,-0.006152029150407538,-3.533241461628478e-07,-1.87898748519634e-07
274070346.0013819,-0.6614036619510161,-0.006152049137873001,-2.516894495041555e-07,-2.965906280190389e-07
274070525.6701818,-0.6614048753576046,-0.006152012558200602,-5.294587748227997e-07,-3.9264938053035214e-07
274148105.87177026,-0.66176412963591,-0.006096724157808513,-4.905056982806855e-07,-1.8566317885795186e-07
274148346.1156093,-0.6617650954521476,-0.006096506023227039,-4.2766255547999066e-07,-1.1561781604937232e-07
274148526.00904924,-0.6617656165502968,-0.006096517116356694,-1.7874711144560962e-07,-2.3748026630951435e-07
274148647.0381692,-0.661766322065739,-0.006096234415689665,-3.6632849831352843e-07,-2.9245241154989e-08
274149006.13384914,-0.6617677352279162,-0.006096042392322898,-2.433324549633298e-07,-5.7884983284926805e-08
274149665.20169014,-0.6617703716035092,-0.0060956926728976376,-6.25402213350057e-08,-1.120563745933903e-07
274149786.21352905,-0.6617703500320529,-0.006095623191615789,4.7597412233812975e-07,-1.1657512440262086e-07
274150266.09641,-0.6617731847606244,-0.006095159397802324,-3.0976675313709734e-07,5.426099207190421e-08
274150445.868889,-0.6617740008140908,-0.006095294933318134,-3.5864753955561213e-07,-1.9081472309341596e-07
274150565.99944896,-0.6617740861085895,-0.006095609071372974,6.858362466832801e-08,-5.780878039682996e-07
274153626.2183295,-0.6617873034087104,-0.006093751008280123,-1.2878464494825437e-07,-5.647392044994676e-07
274154045.7594495,-0.6617887049911321,-0.00609348608833892,2.488733056305037e-07,-5.49782830918874e-07
274154586.4160894,-0.6617913112624413,-0.0060925727242199575,-6.667340757271489e-08,4.2579492010377806e-08
274154946.40168834,-0.6617930031972387,-0.006092920676661155,-2.3474605803652793e-07,-5.183878267018757e-07
274155126.0532083,-0.6617934629855563,-0.006092409553410145,6.553579434687151e-08,-1.1335127223042335e-07
274155906.28840816,-0.6617969929675896,-0.006091517980182678,-1.6669714530959112e-07,3.192123198244093e-07
274156086.13864917,-0.6617981128568442,-0.006091708299123382,-5.271954621743902e-07,2.3494978447155535e-08
274156565.7450481,-0.6617998969309355,-0.006091486590495047,-2.8763122905672844e-07,-3.5098164345367944e-08
274156806.68008906,-0.6618011539635332,-0.00609127119521175,-5.2886194346069e-07,3.991061031140275e-08
274233665.873677,-0.6621029432849863,-0.00607305338587304,1.5058589442062953e-07,-5.596110152009115e-08
274234025.91975796,-0.6621043759162213,-0.006073316031460631,1.511849817559252e-07,-2.833811401882144e-07
274234206.6253569,-0.6621056530296187,-0.00607285300003027,-4.06313399148317e-07,1.9766958600595658e-07
274234386.1991169,-0.6621058574197017,-0.006073295458729587,1.0458947330427293e-07,-2.2665730880881696e-07
274234745.85639685,-0.6621080317934648,-0.00607333993296652,-6.366188713968768e-07,-2.3413950586605864e-07
274234925.58567685,-0.6621083601183273,-0.006073340224313084,-2.484856659323853e-07,-2.1560594568557911e-07
274235106.39495677,-0.6621084314552068,-0.006073402910146688,4.0112103472100813e-07,-2.5912522139386746e-07
274235466.0263177,-0.6621101787990308,-0.006073650012622616,8.827185149495875e-08,-4.674222982056081e-07
274235645.7642367,-0.6621110862808067,-0.006073472443575467,-1.0201114397645483e-07,-2.7011748536791974e-07
274235886.2413576,-0.6621123779492702,-0.006072973681684969,-4.338473812426358e-07,2.554063937556736e-07
274236486.5226376,-0.6621146757384379,-0.0060732372454828385,-3.3437542024117306e-07,6.043505737431815e-08
274236905.69223654,-0.6621156257783016,-0.006073501192202493,3.906553506238808e-07,-1.5409242557721387e-07
274237085.5683975,-0.662116973505469,-0.006073357328854449,-2.3798851567224943e-07,1.1363530835056812e-08
274237265.6951175,-0.6621172424945072,-0.006073362569249109,2.1326650989639262e-07,2.797860205582675e-08
274237506.1895165,-0.6621182992647245,-0.006073636083475152,1.1836814561849707e-07,-2.1599147352700104e-07
274237685.91015744,-0.662119475047694,-0.0060733205032804044,-3.3843055047277915e-07,1.2193944826707076e-07
274237865.92455643,-0.6621202611864554,-0.006073425352362482,-4.042568469975194e-07,3.971188617963445e-08
274238226.42855734,-0.6621207513632047,-0.00607357007129499,5.485459968479489e-07,-5.89971202369019e-08
274238345.6087174,-0.6621219952268178,-0.006073820504979205,-2.1814740513992348e-07,-2.940121416605823e-07
274238586.1895173,-0.6621227023487366,-0.00607341433306089,3.815651961058819e-08,1.436004727012677e-07
274238765.9706363,-0.662123930741488,-0.006073623944462307,-4.701195160938809e-07,-4.223923077278924e-08
274238946.04551625,-0.6621246438121313,-0.0060735437105928075,-4.6175453538577216e-07,6.20431270387245e-08
274239425.9802362,-0.6621264326493318,-0.0060734947548141925,-3.271435395912903e-07,1.7626073004275988e-07
274239665.6019972,-0.6621271642008593,-0.006073218581313467,-9.799330724646893e-08,4.856567144212801e-07
274239846.39399713,-0.6621280319665883,-0.006073474836528783,-2.4076377158621654e-07,2.5475027729329747e-07
274240026.2010371,-0.6621285959444518,-0.00607361990306793,-8.356490721617149e-08,1.351363839146441e-07
274240206.04263604,-0.6621295067880085,-0.006073656420427118,-2.7296404281340614e-07,1.2431861784716752e-07
274240445.60391706,-0.6621305176298256,-0.006073545948115572,-3.225953482122179e-07,2.6940173183942484e-07
274240565.803596,-0.6621312685939582,-0.006073908827289963,-5.911892013710229e-07,-7.59486936553061e-08
274240745.593357,-0.6621315759480492,-0.006073680570804087,-1.769307436116918e-07,1.7873022601765792e-07
274240986.06183594,-0.6621323073816009,-0.00607357355073271,5.698093086259348e-08,3.214729497862806e-07
274241165.95527595,-0.6621329956006465,-0.006074055287279666,9.10720865388015e-08,-1.3325233216756466e-07
274241405.49927586,-0.6621342437423849,-0.006073638060297291,-1.9506793347279228e-07,3.2032564930770113e-07
274241586.9219959,-0.6621347279570314,-0.006074343404687435,4.9441598481969606e-08,-3.571955042329031e-07
274241766.21063685,-0.6621357153921135,-0.0060739385984637,-2.177283550119924e-07,7.53549257680175e-08
274242065.69895685,-0.6621373001239566,-0.006074082541766474,-5.990655657095445e-07,-2.1691266589331237e-08
274242306.19335574,-0.662137805806993,-0.006073868354016656,-1.3818423005851344e-07,2.3065810997660585e-07
274242486.0522358,-0.6621385994500415,-0.006073888642540958,-2.0883783236058662e-07,2.39203287100663e-07
274242966.1597557,-0.6621404102096917,-0.00607408841470691,-8.917776894712404e-08,1.1763593621687968e-07
274243205.60007566,-0.6621416848472371,-0.006073615994258411,-4.0080668051167834e-07,6.297352338115875e-07
274243385.88231564,-0.6621424754789549,-0.006073873046587886,-4.6624559579822034e-07,4.0285700599832636e-07
274320186.3325449,-0.6624652311795424,-0.006112455154142465,-3.899675002916325e-07,6.909060503990094e-07
274321865.8535057,-0.662472754941523,-0.006114388520077582,-6.778167715992822e-08,-3.2377015920723173e-08
274322466.13478464,-0.6624756370330116,-0.006114728920624895,-1.3620106409373278e-07,6.042100911349962e-08
274322586.5850246,-0.6624761448863676,-0.006114918867573957,-7.888863329252871e-08,-4.255818583914078e-08
274322766.31430453,-0.662476876097819,-0.006115237314952717,3.356953770516924e-08,-2.3120995567161434e-07
274322946.1040645,-0.6624775290195859,-0.0061153314700355295,2.250305463080693e-07,-1.9549337017601975e-07
274323126.1184655,-0.6624787226442427,-0.006115250736362378,-1.227285796323585e-07,1.530664711472951e-08
274323365.63654447,-0.6624792181768765,-0.006115480773531464,5.078642105749154e-07,-4.16205831431371e-08
274323606.0445454,-0.6624807780082674,-0.0061156436122399415,7.90941975248316e-08,-3.0648535610453e-08
274323786.20582545,-0.6624817218135952,-0.006115361447775404,-1.660570247974391e-08,3.818072109125145e-07
274323965.7450244,-0.6624825929385324,-0.0061159907020931735,-4.213849935652547e-08,-1.1757344014692861e-07
274324145.7594254,-0.6624837284203778,-0.006115940126900253,-3.2937648952735543e-07,6.325153262438932e-08
274329246.23654366,-0.6625078499872609,-0.0061196260778176295,-2.5552735472000876e-07,8.168485571367207e-08
303788515.74671906,-0.6118565145939642,-0.0072659025680975875,-1.9891929436965938e-08,-6.4980522351820724e-09
303788741.97648,-0.6118575967153954,-0.007266500611507486,1.729390110005724e-07,-4.264029901598909e-07
303788860.2321589,-0.6118584150928816,-0.0072661015890600695,2.132135212828956e-08,6.571559472198091e-08
303788978.53967994,-0.6118589162641433,-0.007266468820651569,1.8741560814383718e-07,-2.083936189688218e-07
303789339.51023984,-0.6118611415536398,-0.007266747893522606,-6.540806785082509e-10,-2.0342959600096883e-07
303789458.9323188,-0.611861529649561,-0.00726675912774002,2.8566846321798067e-07,-1.207244668911464e-07
303789638.85167974,-0.6118628823950808,-0.007266854462644778,-5.0605457269092824e-08,-7.45605287840595e-08
303790061.7537597,-0.6118651536164241,-0.007267245843184185,6.929685725243218e-08,-1.3348330709251482e-07
303790178.7393586,-0.6118658992577299,-0.00726756217454209,-1.443111730115021e-08,-3.578823325840405e-07
303790358.88335955,-0.611866656379945,-0.007267560551027606,2.481079990346302e-07,-2.1472289822663942e-07
303790538.9668786,-0.6118677606922306,-0.007267661887912727,1.635887655337953e-07,-1.746066572464941e-07
303790899.09935844,-0.6118696708906181,-0.00726814561029206,2.941923125110435e-07,-3.7555618211462805e-07
303791259.03311837,-0.6118718091755625,-0.007268424748689912,1.974464932663622e-07,-3.72219950501608e-07
303791439.12527835,-0.6118726699834347,-0.007268370825471664,3.588114839692125e-07,-1.7701464933173733e-07
303791618.77679825,-0.611874060513401,-0.00726839098414965,-1.1589758486252322e-08,-5.627259090645875e-08
303791798.92079824,-0.6118749261326204,-0.007269029987369538,1.4617178534237496e-07,-5.540246338173876e-07
303791978.8487982,-0.6118760891171958,-0.007268724556656568,5.793616697502557e-09,-1.0754793750965969e-07
303792159.1396781,-0.611876794865766,-0.0072689624546404645,3.251650112501281e-07,-2.041514097599062e-07
303792338.8862381,-0.6118780247121436,-0.007268977998082331,1.1779054920335597e-07,-7.88627403198669e-08
303792518.5895991,-0.6118789213422485,-0.007268803285343975,2.4383003816019766e-07,2.3661251878637213e-07
303792705.472799,-0.6118801922702091,-0.007268788786993755,3.6898658462014566e-08,3.974594997759734e-07
303792878.67023796,-0.6118811955314344,-0.007269574381522425,2.0138715028927834e-08,-2.5253821489459177e-07
303793058.589598,-0.6118822791612588,-0.007269729384117762,-3.827481187546056e-08,-2.6671645827428675e-07
303793239.39023894,-0.6118831518310719,-0.007269938809062285,1.197302168520764e-07,-3.346632207390163e-07
303793419.2145578,-0.6118843961493395,-0.007269594172610389,-9.904721487430379e-08,1.5065174177510826e-07
303793779.5371188,-0.6118858761613098,-0.007270055902299086,4.771503442357883e-07,-2.930052086288354e-08
303793953.7799977,-0.6118872823687821,-0.007269983018241923,6.588330592194325e-08,1.7979302532108304e-07
303794319.2951986,-0.6118893362365595,-0.007270858177103645,1.0041286657713755e-07,-4.0974195008019326e-07
303794499.23183763,-0.611890412865946,-0.007270974506736832,5.249409351648637e-08,-3.8551719447246086e-07
303794679.22895855,-0.6118917427178941,-0.007271108861759955,-2.478895085866739e-07,-3.79305506214081e-07
303794859.0532785,-0.6118928259289655,-0.007270435598135188,-3.022118860718237e-07,4.3435515232996547e-07
303795039.1367985,-0.6118936780956763,-0.007271053659472472,-1.2360029111313509e-07,-4.3141414464258065e-08
303795402.1204774,-0.611895786837778,-0.007271456511535618,-1.5343846648807613e-07,-1.627700426829956e-07
303795758.9870383,-0.6118976058401275,-0.007271504431593835,7.300695170631144e-08,6.762520456810028e-08
303795939.12239724,-0.6118987217086101,-0.007272075047990234,-9.794543620600393e-09,-3.625565135004921e-07
303796299.0820772,-0.6119012942202258,-0.007272199817347784,-5.167895360536079e-07,-2.0679923202083367e-07
303796858.383838,-0.6119036370095455,-0.007272735570101922,3.5283977017908086e-07,-3.0693381795465075e-07
303882268.2052577,-0.6124256921842156,-0.007331878789767343,-2.2775343422321015e-07,-2.9697617805971716e-07
303882409.1668577,-0.6124263187320366,-0.007331923663076597,6.59387715540305e-08,-2.8252474042114034e-07
303882589.66509765,-0.6124273132477457,-0.007331961244116163,2.4989223723625997e-07,-2.444223020578451e-07
303882768.40941656,-0.6124282772056939,-0.007331917071424139,4.5308393070708775e-07,-1.256115329814969e-07
303882948.37197655,-0.6124297856817875,-0.007332168171952464,1.1984124059782886e-07,-3.0187634301754446e-07
303884568.30285716,-0.6124402527924068,-0.007332919326111403,2.368297640220618e-07,-3.933488169011526e-07
303884917.79949707,-0.6124431010562782,-0.007333090449191647,-3.2684546813488424e-07,-4.2541393755358287e-07
303885050.25933605,-0.612443853223043,-0.007333039227146945,-2.1306118935804363e-07,-3.217891829023628e-07
303885270.406536,-0.6124454423553145,-0.007333086729049837,-3.628881474204704e-07,-2.8256252923575254e-07
303885364.02957696,-0.6124462548053011,-0.007333219892045941,-5.632008129863308e-07,-3.789796794179817e-07
303885473.16141695,-0.6124469688405506,-0.007333120479714408,-5.636702061773136e-07,-2.3683796873934931e-07
303885568.8494169,-0.6124475599284767,-0.007333280863029115,-5.290723332773695e-07,-3.598472253759158e-07
303885689.27373594,-0.6124481503851325,-0.007333312839897864,-3.3206682836794954e-07,-3.4490983831080707e-07
303885838.49517584,-0.6124489147484432,-0.0073332727197343885,-1.2061649679040443e-07,-2.468441502347096e-07
303886020.11661685,-0.6124497244427284,-0.007333252505668444,2.5744334353206e-07,-1.5638226250839354e-07
303886106.0759758,-0.612451078653023,-0.00733352756753816,-5.345925035982191e-07,-3.983033312320722e-07
303886217.4110158,-0.6124517363790202,-0.007333617961016115,-4.6416496346513014e-07,-4.458743775867871e-07
303886447.26093674,-0.6124523753180162,-0.007333442334146215,4.002362425925554e-07,-1.8220353801591538e-07
303970078.39147717,-0.6129923669023722,-0.007336133357669382,-5.495291728330187e-07,4.3457490252196695e-08
303971221.4807559,-0.6129991079477692,-0.0073358788234846725,-3.27636205943449e-08,-1.4324682100132907e-07
303971409.53899586,-0.6130002264728157,-0.007335604931697574,4.1573131048799894e-08,5.687078622092223e-08
303971670.51883686,-0.6130021379588712,-0.007335527815929713,-2.150739309980665e-07,3.1059337776175033e-08
303971809.29451674,-0.6130031474245129,-0.0073353544099362174,-3.448529763971919e-07,1.4947661058396788e-07
303971928.4228368,-0.6130037682912113,-0.007335195578867671,-2.107279487573166e-07,2.6096220025976363e-07
303972048.6829967,-0.6130047435522187,-0.007335595131015566,-4.2396749555528856e-07,-1.865177462539655e-07
303972169.7121167,-0.6130057436984329,-0.00733534271632634,-6.573662673092784e-07,1.7528717990988874e-08
303973220.29291546,-0.6130114670443209,-0.0073350484413994745,2.686397256868034e-07,-1.1363340162405533e-07
303973522.9607554,-0.6130135402463196,-0.007334805834058047,1.0892954760421958e-07,4.574909171113639e-09
303973666.16875535,-0.6130141631457876,-0.007334764617551243,3.9105819105156314e-07,-1.3349969369552683e-08
303973783.0247564,-0.6130152352048449,-0.0073347336176885596,5.732541596970009e-08,-3.074211308781716e-08
303973892.3034763,-0.6130158058959719,-0.007334906459177611,1.7694977472171303e-07,-2.489457797093253e-07
303973985.9956353,-0.6130163098044041,-0.007334675990520275,2.6479138859336615e-07,-5.7452126930000735e-08
303974138.56939524,-0.6130177171383796,-0.007334695666631559,-1.7911079630561488e-07,-1.4076061535979456e-07
303974311.79275525,-0.613018790741188,-0.007334597234139073,-1.592043559206502e-07,-1.1481675885570419e-07
303974494.26955515,-0.6130195027551248,-0.007334580954679974,2.803399907769233e-07,-1.7517760075164146e-07
303974679.6234761,-0.6130208845093337,-0.007334275294016575,6.791385342985734e-08,5.234247464711711e-08
303974824.9828351,-0.6130216085312461,-0.007334620044183448,2.606344583488962e-07,-3.538923284964954e-07
303974949.36427504,-0.6130224388544195,-0.007334345644684298,2.1455849708029717e-07,-1.322463984154698e-07
303975039.21163607,-0.6130230439742167,-0.007334408500878265,1.7583094535922328e-07,-2.3329062556233515e-07
303975158.875636,-0.6130238267410142,-0.007334511146628362,1.4727280295279144e-07,-3.8690299436310027e-07
303975271.489396,-0.6130247041423597,-0.00733420458769014,-2.050846215073676e-08,-1.284176379227897e-07
303975406.4634749,-0.6130253284622298,-0.007334070258151698,2.0549585189044706e-07,-5.184675422841012e-08
303975518.74891496,-0.613026103365252,-0.007334119102951899,1.3781671159840414e-07,-1.4885682353589502e-07
303975668.6529149,-0.613027237454491,-0.007333891139302315,-5.234359057304516e-08,1.4641918635871498e-08
303975797.53579587,-0.6130276541873707,-0.007333928311936106,3.4227021272759117e-07,-7.810408994644163e-08
303975898.64971584,-0.6130284309155554,-0.007334079408736367,2.0193723981876133e-07,-2.7289616538316713e-07
303976058.6193158,-0.6130291148884749,-0.007333836422604352,5.245358850602955e-07,-9.921026736421645e-08
303976234.37419575,-0.6130304853896096,-0.007333771432891173,2.595732447874255e-07,-1.1059974204790518e-07
303976805.95339465,-0.6130342014077902,-0.007333212754853657,1.3629403106119042e-07,1.9795748784634526e-07
303977128.68331456,-0.6130362940300662,-0.007333235944361251,7.043604421941296e-08,3.239053219909749e-08
303977239.3962745,-0.6130369007328481,-0.0073332673700480565,1.587147747672546e-07,-4.806738421615081e-08
303977922.3018744,-0.613040682693884,-0.007332520631421332,6.601082421786586e-07,3.9411505468357755e-07
304049577.7530589,-0.6134568990435667,-0.0072894051325056025,2.3382392777548944e-07,-2.7205346127268104e-07
304049758.2426579,-0.6134576349825503,-0.007289344414509274,4.862848848041779e-07,-3.478011006245729e-07
304049938.85321784,-0.613458569281454,-0.007288822243620531,5.407173317983904e-07,3.771902341419969e-08
304050102.29609877,-0.6134596643006804,-0.007289025006408904,3.401595543017777e-07,-2.887850408511e-07
304050278.9236178,-0.6134606847292222,-0.007288971294931541,2.8603779345104385e-07,-3.6888071684552937e-07
304050459.0935387,-0.6134618422086431,-0.007288724855831344,1.1391188103893057e-07,-2.590208796589624e-07
304050640.04969764,-0.6134628561342463,-0.007288735192178927,8.929844264038422e-08,-4.066211123886221e-07
304050818.9149786,-0.6134637707537894,-0.0072887087693163394,1.5222135518744295e-07,-5.159620140322146e-07
304051024.8148176,-0.6134650522061641,-0.007288325696103134,-4.358068350640565e-09,-2.892765366994607e-07
304051418.31497747,-0.6134670970697456,-0.007288417500926076,9.928683986082376e-08,-6.802600061644667e-07
304051658.15273845,-0.6134682983370161,-0.007287893127084308,2.0670954636869965e-07,-3.384246203023619e-07
304051778.7757774,-0.6134689160926542,-0.007287668590490076,2.469033285601441e-07,-2.0574609388944454e-07
304052086.20425737,-0.6134709276831318,-0.007287324614979579,-8.851652677499544e-08,-9.604311787536624e-08
304052263.0564183,-0.6134714453783031,-0.007287639806343401,3.575505092001663e-07,-5.461024549313978e-07
304052456.3764172,-0.6134726112036898,-0.00728698396604803,2.448278869637832e-07,-3.776982630820935e-08
304052647.9165772,-0.6134736147507308,-0.007287085452629908,2.8427141551823354e-07,-2.8548798059260805e-07
304052767.5892172,-0.6134740884324211,-0.007286978966157794,4.620294028478966e-07,-2.7040634284665466e-07
304052918.75465715,-0.6134752598490713,-0.007286773884568882,1.132496884048706e-07,-1.808273201132568e-07
304053284.05385804,-0.6134771952378445,-0.007286369512755584,1.6471806296713964e-07,-5.5770278126546224e-08
304053436.52393806,-0.6134780076093544,-0.007286219916292976,1.8117002531514714e-07,-2.2835395471244857e-08
304053615.311457,-0.6134790370707254,-0.0072861578565282465,1.2324563036791858e-07,-9.763207247607403e-08
304053764.74025697,-0.6134798029432044,-0.0072860504981682355,1.6908451339059383e-07,-1.0470411894881321e-07
304053888.26633793,-0.613480267048855,-0.007285695317564144,3.757841386953231e-07,1.558502507386858e-07
304054119.4295369,-0.6134815876826717,-0.007285756223045888,3.099867513789434e-07,-8.221144559214522e-08
304054298.77865684,-0.6134827405104721,-0.007285712089559406,1.3028764067612997e-07,-1.7559139730161794e-07
304054479.05225784,-0.6134835814092465,-0.007285727286556401,2.67141356480316e-07,-3.290669637803084e-07
304054659.55913776,-0.6134844693419751,-0.00728547368448203,3.5782970864151054e-07,-2.139773440266654e-07
304054930.9156177,-0.6134860893610844,-0.007285304792473582,2.0822189705782534e-07,-2.5341138576700367e-07
304055078.72873664,-0.6134867875432806,-0.007285272922927173,3.1061827254763585e-07,-3.350698319203732e-07
304055357.0490576,-0.613488385101025,-0.00728500911255352,2.197473023546337e-07,-2.851131250423619e-07
304055501.3111366,-0.6134893389906521,-0.007284850418332872,4.6438010881111325e-08,-2.3731029313248803e-07
304055684.4532165,-0.6134902011062886,-0.0072846677238677954,1.748979180371535e-07,-1.954354460226987e-07
304056186.7828174,-0.6134926475054603,-0.0072844625961262085,4.43295335550431e-07,-3.7678087345862504e-07
304056342.5792964,-0.6134935838962537,-0.007284413013477478,3.482334058890757e-07,-4.47125661820133e-07
304056470.6327363,-0.6134942604300657,-0.0072841470274775805,3.629752131084629e-07,-2.7973251513768727e-07
304056756.7895363,-0.6134958473904377,-0.0072840413276758584,3.2001174032902924e-07,-3.944206921711185e-07
304056900.8701772,-0.6134965131931147,-0.007283990090043394,4.312080429391685e-07,-4.541816651252098e-07
304057012.8013762,-0.6134974376806884,-0.007283934445898915,1.1015441225836753e-07,-4.847828179938354e-07
304057141.9261772,-0.6134978567505122,-0.007283847356870926,3.870047264875609e-07,-4.972021377886229e-07
304057379.6816972,-0.6134992067658036,-0.00728340393216098,3.1779496445505373e-07,-2.370406873000372e-07
304057563.4890571,-0.6135000418660642,-0.007283235978734666,4.723581528143228e-07,-2.1080047237376914e-07
304057910.03945607,-0.6135019828564349,-0.0072832000552673125,3.960370474898056e-07,-4.42135559196484e-07
304058245.6170569,-0.6135038112966582,-0.00728292113901348,3.7166448718650713e-07,-4.220960802695309e-07
304058626.13993686,-0.6135057707555333,-0.007282698590448682,4.560217968796465e-07,-4.931779720874357e-07
