Seconds since J2000,RA ECLIPJ2000 [rad],DEC ECLIPJ2000 [rad],O-C RA ECLIPJ2000 [rad],O-C DEC ECLIPJ2000 [rad]
179204605.18733704,-0.7785527001103456,-0.002462819789982625,3.898734624030453e-07,5.825934858236931e-08
179204718.198537,-0.7785539593734967,-0.0024627352642993803,-4.093611706279532e-07,7.686658934488375e-08
179205319.19693792,-0.7785558439755571,-0.002462594580125054,1.50051168046339e-07,-1.319278272841895e-07
179205438.16973788,-0.7785566030525126,-0.002462309367098098,-1.257024432321785e-07,8.432129908154604e-08
179207769.15533656,-0.7785661106641432,-0.0024611941960850426,-1.973588160675277e-07,-1.3635872209713865e-07
179208069.2225365,-0.7785675052475431,-0.002461240397938428,-3.8200822916056865e-07,-3.523076989508586e-07
179208199.16813746,-0.7785681776524259,-0.0024609819595830104,-5.307890550421135e-07,-1.6721531682830498e-07
179208308.20493647,-0.7785685974963212,-0.0024615372860628073,-5.114232572989152e-07,-7.840090330371065e-07
179208428.21453744,-0.7785688629045899,-0.0024606941822769837,-2.935927339020594e-07,-8.47643719017327e-09
179208489.21293744,-0.7785693029344569,-0.0024605582631517264,-4.880708591725735e-07,9.313062620868937e-08
179208548.22413743,-0.778569588340868,-0.002460820221565389,-5.359691336304095e-07,-2.0200080423204286e-07
179208608.1857374,-0.7785695097662699,-0.002460849566311419,-2.161056549265794e-07,-2.650313883807709e-07
179208669.1841374,-0.778569383426906,-0.0024605587709157083,1.556487263520978e-07,-8.482054656300947e-09
179208728.1953374,-0.7785698284478028,-0.00246095917026969,-5.1996472461013354e-08,-4.4199040085237187e-07
179208908.16653737,-0.7785708175258352,-0.0024605673975661626,-3.1739983608058964e-07,-1.5106226491055919e-07
179209028.17613736,-0.7785710840898522,-0.0024602009073384163,-1.0162405172930988e-07,1.4829201137097486e-07
179209089.17453635,-0.7785713975652317,-0.0024603882318038946,-1.7000549856760472e-07,-7.312238254307546e-08
179209148.18573636,-0.7785716687537685,-0.002460816954856268,-2.0412934265134908e-07,-5.348029713941882e-07
179209208.14733732,-0.778571720965808,-0.0024603948952660348,-1.5503638151059818e-08,-1.4620968044826502e-07
179209269.1457363,-0.7785722361915196,-0.0024601241183470138,-2.8577384891814717e-07,9.054512167122608e-08
179209389.1553363,-0.7785724731608615,-0.002460725784046034,-4.0949661217482e-08,-5.779889322020566e-07
179209458.1889363,-0.7785730777398193,-0.0024600113270607667,-3.6846725626205057e-07,9.80438114987249e-08
179209579.14893627,-0.7785732410993444,-0.0024599963868305414,-4.650840135234091e-08,4.5729475807616826e-08
179209699.15853727,-0.7785739484517923,-0.002460158457710079,-2.7253955514616734e-07,-1.8297650982964167e-07
179209818.21773723,-0.7785744909535722,-0.002460188779135538,-3.377131975179637e-07,-2.793152631152575e-07
179209938.14093724,-0.778575029956127,-0.002459829472009094,-3.961067475133362e-07,1.3586619136609496e-08
179210179.19693616,-0.7785762202629314,-0.0024599945908255223,-6.209053301509115e-07,-2.8473376195888023e-07
179210298.16973716,-0.7785763568636774,-0.0024597748018567477,-2.8125623185992765e-07,-1.3054806644258524e-07
179210418.17933714,-0.7785768222215715,-0.002459839100441639,-2.6639874173284284e-07,-2.6092849777321556e-07
179210829.18413708,-0.7785786272138558,-0.0024595352756560675,-4.2817711787268564e-07,-1.827033258585374e-07
179210888.1953371,-0.7785791153145073,-0.00245931854572516,-6.805285582833775e-07,1.7271410564755063e-09
179211018.14093605,-0.7785791593994743,-0.0024588228846417802,-2.0564187708238535e-07,4.263450122344789e-07
179211138.15053603,-0.7785800460368273,-0.0024583359034929413,-6.131851891799656e-07,8.478154864106045e-07
179211488.156937,-0.7785807543627383,-0.002458548416488602,7.468419072065302e-08,4.4479651086989924e-07
209180772.21004492,-0.7310196747715958,-0.0036155781566592437,-5.93809910132137e-08,-9.754821538856748e-08
209181097.16044584,-0.7310213384163229,-0.003615213835114017,-2.0734311567682795e-07,1.262092088286787e-07
209181335.1924448,-0.7310223779025555,-0.003615127613385344,-1.3682858124308694e-07,1.0982279374230006e-07
209182356.18124557,-0.731027007476784,-0.003614966605410632,-7.920680666906321e-09,-1.6580261455109713e-07
209182681.21804446,-0.7310284596694976,-0.003614859122949484,5.383989865048733e-08,-1.9612052118639714e-07
209183151.14764535,-0.7310306526511818,-0.0036146294662845993,4.885968685197639e-08,-1.6464506352427757e-07
209183606.21644425,-0.7310327574953247,-0.0036144231943215427,6.185925838231299e-08,-1.4909234020196033e-07
209183965.20844418,-0.7310344016568445,-0.0036143403007190306,8.771940063212469e-08,-2.158116406453421e-07
209184205.14124513,-0.7310356206744331,-0.003613966802160175,-1.5484554638511838e-08,5.8110823507318e-08
209184446.19724405,-0.7310366630560315,-0.0036138439844864865,6.288516685160062e-08,8.122642592995472e-08
209184685.179644,-0.7310377619106335,-0.003613804818745972,7.485378361593575e-08,2.188689761373208e-08
209184976.17484394,-0.7310390920223796,-0.0036137979253816946,9.693534386290281e-08,-9.070429058321769e-08
209185275.20524386,-0.7310403432366518,-0.0036132051333042235,2.3479515087743152e-07,3.798345025031284e-07
209185516.17484382,-0.7310419815855556,-0.0036135826650246067,-2.845302242704406e-07,-9.581856115275719e-08
209186175.14764464,-0.7310448029211233,-0.003613338502580534,-4.7305624528704016e-08,-1.1816299409122058e-07
209186366.17804462,-0.7310455266105965,-0.0036131861914211706,1.152061936959825e-07,-4.260479871242423e-08
209186605.16044456,-0.7310467468425933,-0.003613067050919402,3.3378191321986606e-09,-1.9160180827777068e-08
209186905.1412445,-0.7310481601079664,-0.0036127479772875668,-1.9125123595920002e-08,1.803048470974504e-07
209187265.1700434,-0.7310497013953664,-0.0036127339944854466,1.0809955963697604e-07,5.1497934720843436e-08
209188586.22604308,-0.7310558253605927,-0.0036120494159804,9.971972558808773e-08,2.1940856839231318e-07
209188825.208444,-0.7310570676740646,-0.003612249219475514,-3.7431225230477594e-08,-7.261482421784538e-08
209189065.14124295,-0.7310581021545736,-0.003612261428917636,3.72766337797259e-08,-1.7701905547645724e-07
209189365.2084429,-0.7310594861184505,-0.0036121250546949004,3.99699567887879e-08,-1.5538912103395253e-07
209189486.16844288,-0.7310600762497941,-0.0036118783368241747,8.64612570428136e-09,4.525063880935279e-08
209189785.1988438,-0.7310613952229548,-0.003611859765617304,7.070734375780319e-08,-4.965132495773905e-08
209190085.1796427,-0.731062792517009,-0.003611719085655475,5.82328135712018e-08,-2.2172843540391174e-08
209190326.1492427,-0.7310641848915505,-0.0036117226535174658,-2.2218299111642636e-07,-1.1621066216835688e-07
209190576.1908436,-0.7310653864478838,-0.0036115229398362182,-2.70340559049842e-07,-9.933193243633065e-09
209190816.21004358,-0.7310664758246102,-0.003611568363709726,-2.5295955674575765e-07,-1.4462343771301164e-07
209190985.2084425,-0.7310673938459133,-0.003611516305529535,-3.919515371153537e-07,-1.5516671176499935e-07
209191285.18924344,-0.7310685856708697,-0.0036112636930522753,-2.014587439091997e-07,-1.3159593598849328e-08
209191585.1700424,-0.731069960157927,-0.0036112119035270574,-1.942732814619319e-07,-7.131060039255316e-08
209191886.1876423,-0.7310713626261275,-0.0036110644601962437,-2.1094992574965943e-07,-3.351305669519605e-08
209192185.21804324,-0.7310729106615195,-0.003611094160985688,-3.8300075544395185e-07,-1.714601669351376e-07
209192485.19884315,-0.7310741983315235,-0.0036109787151246816,-2.909799132755353e-07,-1.6392160258251603e-07
209192787.1668431,-0.73107574428171,-0.0036106830162171773,-4.487817044651621e-07,2.3852704998227753e-08
209193085.16044304,-0.7310769606349425,-0.0036108708340586936,-2.959349577613679e-07,-2.697767306713249e-07
209193265.21804297,-0.7310773629305658,-0.0036104300630629914,1.2875597621420098e-07,1.0739553119596193e-07
209193385.14124295,-0.7310781000961091,-0.0036107523265302395,-5.7752897020257876e-08,-2.5708504919081526e-07
209193686.1588429,-0.7310794977527296,-0.0036104077393290346,-7.37050808163886e-08,-1.796549082720353e-08
209265392.19722617,-0.7313999052826667,-0.003611939945693484,-4.7566197203252614e-08,2.6057151373670012e-08
209265630.1428261,-0.7314012865660438,-0.003611977787601316,-3.195654167953421e-07,6.889448771587106e-08
209265996.219626,-0.7314027738962126,-0.0036124806642910644,-9.927217603511451e-08,-3.091748364790481e-07
209266175.154025,-0.7314036206941856,-0.003612390556594979,-1.1096419516576361e-07,-1.577611381188733e-07
209266415.1732259,-0.7314047250215402,-0.0036125280472448095,-9.464847339213378e-08,-2.1270595355936742e-07
209267076.21962577,-0.731407757172493,-0.003612526847848312,-3.7770926053504184e-08,1.768155831298468e-08
209267555.22122467,-0.7314099578332496,-0.003612891024898181,2.2778687824853705e-09,-1.787280243044538e-07
209267796.19082558,-0.7314112545004514,-0.0036128492113280675,-1.664245694588118e-07,-5.19764511153209e-08
209268096.17162454,-0.731412474897553,-0.00361325489953104,1.8053825212582808e-08,-3.5142019352537093e-07
209268396.15242544,-0.7314138856574409,-0.00361320170852402,1.2918683345297666e-08,-1.9142258272193333e-07
209268696.21962538,-0.7314152627932019,-0.0036134090223710474,4.255346308656982e-08,-2.913355071493262e-07
209268815.19242436,-0.7314158787489522,-0.0036135157541735577,-1.5432559008488056e-08,-3.5532790408935797e-07
209268996.2004243,-0.7314168749970251,-0.0036132958606316093,-1.6255283219468453e-07,-7.023911427397195e-08
209269295.14442524,-0.7314182409154664,-0.003613445661477064,-1.2551752925915594e-07,-1.1191536134283475e-07
209269596.16202417,-0.7314195673037929,-0.0036134502932117845,-3.850382046532985e-08,-7.103185240518728e-09
209269896.1428241,-0.7314211254264269,-0.0036137621828544303,-1.8738593565714723e-07,-2.09356018033343e-07
209270195.17322502,-0.7314224104145362,-0.0036138209459165827,-6.690507803330803e-08,-1.5826185242656318e-07
209270502.15242496,-0.7314239030507439,-0.0036139756718337863,-1.1600169791403658e-07,-1.9961890089298037e-07
209270795.22122392,-0.7314252154035288,-0.0036140052179913494,-4.9564327642137584e-08,-1.2037257077083044e-07
209271096.15242484,-0.7314266456150288,-0.0036140578336499385,-6.33309700237561e-08,-6.070520270577001e-08
209271455.14442375,-0.7314282058496719,-0.003614307906583483,6.703231480997829e-08,-1.7607094018575256e-07
209271696.2004237,-0.7314294738217121,-0.0036143823576043057,-6.521401219039547e-08,-1.596027492936289e-07
209271995.14442465,-0.7314309077984641,-0.00361446942196972,-9.015283941593566e-08,-1.33392317165984e-07
209272295.21162355,-0.7314323379280536,-0.0036144762132804837,-1.053185488819608e-07,-2.5900075752496865e-08
209272595.1924245,-0.7314336455099706,-0.0036147416622608927,2.279612831834754e-09,-1.7651219747253852e-07
209272896.21002445,-0.7314351099124599,-0.00361485456407054,-4.143414178425786e-08,-1.7358877704622827e-07
209274396.20042306,-0.7314420777218064,-0.0036154163070013412,7.90399105055073e-08,-1.4925003310019627e-07
209274755.192423,-0.7314438745368369,-0.0036157835726967746,-1.9222889058312376e-08,-3.740236326332108e-07
209274996.16202292,-0.7314450022961005,-0.0036157657579461975,-6.405376451468214e-09,-2.600754663837669e-07
209275235.14442387,-0.7314461516217108,-0.003615791925328574,-2.4215291105633696e-08,-1.9051411848406904e-07
209275596.21002382,-0.7314477693201148,-0.0036158553183454688,6.82736018831065e-08,-1.0853952032248079e-07
209275895.15402272,-0.7314492362385218,-0.0036161355395999033,1.787780656847815e-08,-2.677301325819739e-07
209276195.22122267,-0.7314505835653949,-0.0036162505981836173,9.290946689777257e-08,-2.6068655569139523e-07
209276495.2020226,-0.7314521351546373,-0.0036162232610574096,-3.6225120014776735e-08,-1.1066179743000545e-07
209276795.1828225,-0.7314535372114311,-0.0036162798853680575,-1.5330393954293697e-08,-4.397492903238792e-08
209277096.20042244,-0.7314551676150408,-0.003616405409540454,-2.173737124744335e-07,-4.5131881795147655e-08
209277396.1812234,-0.7314564308123591,-0.0036167157699048924,-5.6650009572223325e-08,-2.309226109597877e-07
209277696.1620223,-0.731457843923157,-0.003616738256885474,-4.536866515802984e-08,-1.2820714446462253e-07
209277996.14282224,-0.7314591973707293,-0.003616963425958481,2.603865323358434e-08,-2.275378011180884e-07
209278296.2100232,-0.7314606344037056,-0.0036171055560986535,1.4725608954435643e-08,-2.431538478667693e-07
209278596.19082308,-0.7314621452960259,-0.0036171117465817553,-7.041096361515287e-08,-1.222241996583738e-07
209278896.17162204,-0.7314636779965885,-0.0036172993995807986,-1.769175832500025e-07,-1.8211145005409338e-07
209279196.15242296,-0.731464994895062,-0.003617388627737907,-6.719186085302198e-08,-1.429249717925865e-07
209279796.2004218,-0.7314679100362338,-0.003617435457050855,-1.2741394472826073e-07,6.907228077262378e-08
209280396.16202167,-0.731470654562132,-0.003617797226858751,-1.5803088393440134e-08,-3.127276683922639e-08
209280996.21002257,-0.7314733147158137,-0.003618216817884519,1.8216130204251613e-07,-1.867387503253458e-07
209281596.1716214,-0.7314764822033593,-0.003618498023605549,-1.2610655608646937e-07,-2.0116826356412695e-07
209282196.21962228,-0.731479542967139,-0.0036187678490897605,-3.2577963504643037e-07,-2.014625026750677e-07
209282796.18122214,-0.7314819951495494,-0.003618908174430141,8.412425300807769e-08,-6.955214995607584e-08
209283395.192422,-0.7314850019661191,-0.0036192616596766457,-6.37842717532422e-08,-1.4846953312651692e-07
209283996.19082186,-0.7314879384257417,-0.00361921500773738,-1.3053609859703386e-07,1.76462966734129e-07
209364675.21480343,-0.731902631978153,-0.0036769107173015405,-2.1730946808684592e-07,-3.3801010612850846e-08
209364815.1828034,-0.7319033732838612,-0.003676676469602862,-1.6162288984933326e-07,3.0809760824361543e-07
209364995.15400237,-0.7319043000067197,-0.003676993705350289,-6.331353918920257e-08,1.2923504905766256e-07
209365296.1716023,-0.731906219490989,-0.003677240047062737,-2.6770057726110963e-07,1.1422342502788799e-07
209365595.20200223,-0.7319077337461298,-0.0036775306161243586,-7.73966513101243e-08,5.332112279444676e-08
209365894.14600214,-0.7319094795575738,-0.0036776037766862763,-1.1837185198704248e-07,2.0962718524529175e-07
209366196.20040208,-0.7319112334272346,-0.003678066617774688,-1.4889714849974922e-07,-2.1493664613750352e-08
209366495.144403,-0.7319129039555224,-0.0036783169228989413,-1.1307659542048043e-07,-4.259524738741555e-08
209366795.21160194,-0.7319147632235428,-0.003678445156932286,-2.58845055056689e-07,5.910679500313251e-08
209367096.14280188,-0.7319163305679537,-0.0036785810353371436,-1.0702317143618245e-07,1.5369911864722072e-07
209367456.1716018,-0.7319184016816929,-0.0036791146683333555,-1.204077434424633e-07,-1.043675311564532e-07
209367695.15400174,-0.731919638449275,-0.0036791840634594042,9.280471058303874e-09,9.0571687393938e-09
209367996.17160168,-0.7319215801207265,-0.0036794079651850087,-2.1060111354831434e-07,1.532289711997717e-08
209368295.20200163,-0.7319232490807984,-0.003679607835164196,-1.6845379358088053e-07,4.398265773114529e-08
209368595.18280154,-0.7319249025904065,-0.0036798738288557472,-1.0474293488105246e-07,7.1287004780110075e-09
209368866.21960247,-0.7319263102011866,-0.003680198835692345,3.975133511247009e-08,-1.1094568250300668e-07
209369165.1636014,-0.7319281040771529,-0.0036802157297410334,-4.158648014840338e-08,1.002929473346327e-07
209369465.14440134,-0.7319299183285364,-0.0036804553013029097,-1.3671479315302548e-07,8.953500395519204e-08
209369765.2116013,-0.7319314479523075,-0.003680633931248394,5.391680812927291e-08,1.3967615764649485e-07
209369945.18280122,-0.7319326282448693,-0.003681052709871416,-9.431704073303848e-08,-1.4194365662066957e-07
209447705.1827848,-0.7324032561216955,-0.0037308936997130586,-9.998277794576182e-08,-1.684460556954613e-07
209447886.19078475,-0.7324041088770302,-0.003730868117167879,2.1033256092373165e-07,-7.98141407908591e-08
209448005.16358474,-0.7324050383477378,-0.003730624191185866,4.536571973634551e-08,2.0537633326801752e-07
209448185.22118372,-0.7324065867404022,-0.003731021092957256,-3.4593974385099813e-07,-1.293401616386282e-07
209448425.15398365,-0.7324078189042795,-0.0037315098613563934,-3.613856536244242e-08,-5.357410792737605e-07
209448605.21158463,-0.7324093530352442,-0.003730836457341844,-4.130254559475688e-07,1.9910393289851794e-07
209448845.14438456,-0.7324104512629918,-0.003731434677557665,3.090839806318968e-08,-3.177380421097442e-07
209449385.14438444,-0.7324139503469657,-0.0037317420495910666,3.017490257661848e-09,-4.440139236591527e-07
209449745.17318434,-0.7324166671501878,-0.0037316549009653623,-3.9923258188245825e-07,-2.3769913412921562e-07
209449925.14438432,-0.732417618246632,-0.003731500791856575,-1.9326852129797345e-07,-2.4491157098443378e-08
209450226.16198426,-0.7324192911427123,-0.003731918650529468,6.920066319970886e-08,-3.441992363385771e-07
209450526.14278418,-0.7324209909085221,-0.003731986516814019,2.9822057534545365e-07,-3.151183466014798e-07
209450826.20998412,-0.7324234348736961,-0.0037317836495002854,-2.1633232727413798e-07,-1.613655915442755e-08
209451126.19078404,-0.732425025307105,-0.0037320600092567305,1.221467950118793e-07,-1.9726623377933766e-07
209451426.171583,-0.7324268334127254,-0.003732235556492811,2.429944229165315e-07,-2.784362777984335e-07
209451725.20198292,-0.7324291340114788,-0.003732272545216599,-1.3473672322295016e-07,-2.2219193098914e-07
209452025.18278283,-0.7324312591955475,-0.0037324272769495184,-3.309308183041537e-07,-2.8423829630556605e-07
209452326.20038378,-0.7324319517765109,-0.0037318369757094634,9.121414981105858e-07,3.9822274998033147e-07
209452626.1811827,-0.7324348445600742,-0.003732477577494855,-5.1674089673880985e-08,-1.513757720418389e-07
209452925.21158266,-0.7324366019674537,-0.0037324504334887254,1.137426512975992e-07,-3.434663013333547e-08
209453225.1923836,-0.7324385610235056,-0.00373250085672083,8.35751734484802e-08,4.5724233318882035e-09
209453525.1731835,-0.7324405319910042,-0.003732588191686925,4.1435281317170336e-08,5.753851229240575e-09
209453885.20198244,-0.7324427647328301,-0.0037328253889900784,1.235198066051879e-07,-1.2629328757091107e-07
209454125.2211834,-0.7324441979698508,-0.003733025127192375,2.3342868860076749e-07,-2.565856718826469e-07
209454425.20198232,-0.732446447372829,-0.003733017515674499,-8.741251533717076e-08,-1.6291166598158754e-07
209454725.18278223,-0.7324480906952933,-0.0037330017219632415,1.9771112969024784e-07,-6.186528402323671e-08
209455023.1763832,-0.7324500109649663,-0.0037333652338549083,1.9298512310417237e-07,-3.414870264183828e-07
209455325.14438313,-0.7324517671649794,-0.00373303792038504,3.777338788424345e-07,7.00284608083808e-08
209524685.16356784,-0.7328907017757056,-0.003733382738534091,9.286029312161048e-08,-4.5413877959848276e-07
209524926.2195678,-0.7328925044058202,-0.0037329031208610843,-1.9559568831262197e-07,-5.696080654718494e-08
209525225.16356772,-0.7328942528888505,-0.0037328943503201783,-6.667366592161272e-08,-1.5130819938863685e-07
209525405.2211667,-0.7328953625681721,-0.0037327758108987186,-4.578215007100539e-08,-9.53472541077166e-08
209525646.19076762,-0.7328968266600745,-0.0037328434989885597,2.902240336943862e-09,-2.4733401865614443e-07
209526186.1907675,-0.7329003647067941,-0.0037325427211294085,-1.46201191375539e-07,-1.3774363646608737e-07
209526426.2099675,-0.7329019061957065,-0.003732850339812048,-1.8188222328241466e-07,-5.313483911460228e-07
209526566.17796746,-0.7329026851970548,-0.0037320488808777123,-8.291606068411284e-08,2.1968257783071612e-07
209526756.1715664,-0.7329042339958961,-0.0037322879185915686,-4.4013478572857423e-07,-8.814134963954293e-08
209527146.1811673,-0.7329063731249561,-0.003732418034254978,-1.3390936459689584e-07,-3.6066233924684707e-07
209527566.1715672,-0.7329085947479707,-0.00373221079756918,2.7677153169314295e-07,-3.085802601668179e-07
209527925.16356716,-0.7329108191501034,-0.0037318753122595597,3.014859640826373e-07,-1.0718802363621563e-07
209528105.2211661,-0.7329122350976303,-0.0037319534425133234,1.3301551304856218e-08,-2.5308317109628414e-07
209528346.19076705,-0.7329135999254822,-0.0037320327809433154,1.574143055904642e-07,-4.2364017200724816e-07
209528705.18276697,-0.7329158503413157,-0.003731755131102379,1.5426148736175094e-07,-2.8300501111718293e-07
209528945.20196593,-0.7329175074497908,-0.0037315771754237734,-8.427611941641544e-10,-1.9739964346541378e-07
209529185.22116587,-0.7329189351721974,-0.0037316005684858923,7.303061266838995e-08,-3.1373585076448565e-07
209529425.15396583,-0.7329203573235042,-0.0037313557699519186,1.515182620481781e-07,-1.6243698280037078e-07
209529665.17316675,-0.7329219030112191,-0.003731493935441962,1.0658537696883741e-07,-3.947234209901278e-07
209529845.14436674,-0.7329230830921141,-0.0037313883536326474,5.15170867076975e-08,-3.6009936756889113e-07
209530086.20036668,-0.7329244439022068,-0.003731249944182233,1.9717790988860173e-07,-3.172451904041168e-07
209530325.1827656,-0.7329259611129906,-0.0037311629670649825,1.7303425359216362e-07,-3.255792791921272e-07
209530626.20036656,-0.7329277109493377,-0.0037310671753632424,3.031935963404564e-07,-3.5065440710801976e-07
209530806.17156553,-0.7329289022256559,-0.0037310191136946218,2.3557322226253063e-07,-3.752878879430266e-07
209531285.1731654,-0.7329319068132492,-0.0037307070575829837,2.2034770419399052e-07,-2.5827740417596126e-07
209531526.14276636,-0.732933501802512,-0.003730610276783454,1.2847643171554068e-07,-2.6047183643426383e-07
209531825.17316628,-0.7329352840546285,-0.0037303868672982172,2.1081841261594292e-07,-1.6067473974489682e-07
209532128.17796522,-0.7329371776723621,-0.0037303262064177297,2.057769492580519e-07,-2.2615550594089553e-07
209532425.22116616,-0.732939008132478,-0.0037301381895685527,2.2593827553318846e-07,-1.6265872524248715e-07
209532725.20196512,-0.7329408833090053,-0.003730134420452974,2.1886825185557512e-07,-2.8549960415236164e-07
209533026.21956602,-0.7329426730025316,-0.003729934084899058,3.028973426522086e-07,-2.1307281315111753e-07
209533325.16356596,-0.7329445138153656,-0.003729732543126102,3.2205100897186867e-07,-1.3940640116198375e-07
209533625.1443659,-0.7329464882533039,-0.0037297171346992557,2.1316469722698628e-07,-2.531598805970148e-07
209533865.16356483,-0.732948051405342,-0.0037296357240542643,1.4203408482682534e-07,-2.75697637491714e-07
209534225.1923658,-0.7329503731290514,-0.003729487917978023,5.7266057007510085e-08,-2.8481335814052253e-07
209534885.20196465,-0.7329544244305152,-0.0037290674808178863,1.0334719990900965e-07,-1.551277468408302e-07
209535125.22116557,-0.7329558403080033,-0.003729099802836588,1.7639714322559286e-07,-2.94162097180372e-07
209535425.20196453,-0.7329577669868569,-0.0037288450998186292,1.097461717058934e-07,-1.7355548964171144e-07
209535725.18276444,-0.7329596044369943,-0.0037288840740607,1.3135075849213251e-07,-3.474256992197326e-07
209536025.16356537,-0.7329612629006897,-0.0037286191013465747,3.3095385743031613e-07,-2.1814184080143698e-07
209536386.1427643,-0.732963560098098,-0.00372841808557271,2.6831397992310713e-07,-1.81447630404237e-07
209536810.19396523,-0.7329663648002922,-0.0037282163809709574,8.671318463271405e-08,-1.742137799316118e-07
209536985.15396515,-0.7329674445200948,-0.0037283927980277685,8.865968015303594e-08,-4.31316367221872e-07
209537225.1731651,-0.7329688538562859,-0.0037279942351298445,1.626284603650774e-07,-1.4386477301120415e-07
209537525.15396404,-0.7329706846401999,-0.0037280353650828006,1.847538588783948e-07,-3.245463768689928e-07
209537825.22116497,-0.732972480350405,-0.0037278993271046864,2.414121488270027e-07,-3.28852376305349e-07
209538245.2115639,-0.7329751310470696,-0.003727767681797398,1.8156021219795093e-07,-3.948900716508469e-07
209538725.1635648,-0.7329781600243612,-0.0037274172324681634,1.106608630285777e-07,-2.7210939412521465e-07
209539025.1443647,-0.7329799356092177,-0.0037271959958174363,1.8247758359901667e-07,-1.9411325640449062e-07
209539325.21156365,-0.7329817737032942,-0.0037271685498126927,1.9117479921337832e-07,-3.1066577099161594e-07
209539865.21156353,-0.7329850622246508,-0.0037269839996786494,2.2321356418775196e-07,-3.870378339080119e-07
209540165.19236347,-0.7329869815253749,-0.003726752068730725,1.469058283909419e-07,-3.0103195201424543e-07
209540526.17156342,-0.7329889633321343,-0.003726189236678233,3.8126861634513176e-07,8.528963379040438e-08
209541126.21956426,-0.7329928951796151,-0.003726174149059619,1.294394998963e-07,-1.952060412146149e-07
209541425.1635642,-0.7329951345901455,-0.0037259765104724284,-2.784154884416523e-07,-1.458249278773159e-07
209541665.18276414,-0.7329964754669944,-0.0037258904047280028,-1.496460709793368e-07,-1.7922732772120836e-07
209613967.20834854,-0.733404391651825,-0.0036795176061000094,-2.6972454381102295e-08,-1.1961871408542116e-07
209614386.16194847,-0.7334065271918093,-0.0036792263686565192,5.7899270156092086e-08,-1.4667188312847412e-07
209614566.2195484,-0.7334076345948105,-0.0036790781593979624,-9.583299964699421e-08,-1.3536241052353182e-07
209614686.14274737,-0.7334082664015,-0.0036789610427579856,-9.267681722047172e-08,-1.094587494944281e-07
209614806.1523474,-0.7334088747038394,-0.0036789992283554718,-6.572574384744456e-08,-2.3894981883041885e-07
209614926.16194835,-0.7334094819321739,-0.0036787830644444716,-3.7868407853913766e-08,-1.1411776035556362e-07
209615166.18114728,-0.7334107766688873,-0.003678554078656588,-6.294006693607912e-08,-6.787317508635121e-08
209615287.14114827,-0.7334114545966384,-0.0036785800032726568,-1.0126516036823574e-07,-1.8593031520961964e-07
209615464.17474824,-0.7334124353646732,-0.0036784726262764746,-1.4624203237278977e-07,-2.134410122646771e-07
209615586.1715472,-0.7334129256587221,-0.0036783501990184787,8.115607852410278e-09,-1.8399772123934774e-07
209615706.18114817,-0.733413621913698,-0.003678227585166148,-5.41624708416677e-08,-1.5287710300850368e-07
209615825.15394714,-0.7334142944242846,-0.0036780769698974273,-9.834448611023561e-08,-9.298758386769648e-08
209615945.1635481,-0.7334148729709851,-0.0036780228722157154,-4.3260413584711443e-08,-1.304290242159882e-07
209616065.1731481,-0.7334155316175048,-0.003678034638720074,-6.845111533149151e-08,-2.3375705338101252e-07
209616186.21954808,-0.7334162345374688,-0.0036779098764178632,-1.3262063569552396e-07,-2.013695618598675e-07
209616306.14274806,-0.7334168308774287,-0.0036778653237641533,-9.631421682421148e-08,-2.4835617298477053e-07
209616425.20194703,-0.7334179044810447,-0.00367793177215419,-5.42004499837212e-07,-4.0570516762067355e-07
209616545.211547,-0.733418095324583,-0.00367770213994061,-1.000996144862043e-07,-2.6771976684592663e-07
209616665.22114697,-0.733418718858714,-0.0036774909081517585,-9.106406884118456e-08,-1.481550201735092e-07
209616785.14434794,-0.7334193107952466,-0.003677478339179588,-5.1065645267911464e-08,-2.2720686316006142e-07
209616906.19074693,-0.7334200058020123,-0.0036775344160304077,-1.0840130926226266e-07,-3.757822359326535e-07
209617025.1635479,-0.733420505971537,-0.0036770318562080987,1.7997115575596467e-08,3.5844884341534183e-08
209617144.22274786,-0.7334212057409495,-0.0036773309054999245,-5.4928175785562416e-08,-3.542213006177408e-07
209617265.18274784,-0.7334218254659489,-0.0036770393998632597,-3.7985363077197576e-08,-1.5520380421043395e-07
209617385.1923468,-0.7334224670329181,-0.003677021017114691,-4.807093179071131e-08,-2.2860012554139567e-07
209617505.2019468,-0.7334231531728292,-0.0036770952351850043,-1.0291348595536931e-07,-3.946143656312004e-07
209617625.21154776,-0.7334236286492154,-0.0036769724931544033,5.2722686660899853e-08,-3.6368514904835947e-07
209617744.18434677,-0.7334244327925643,-0.0036766368086880944,-1.2594364839912942e-07,-1.1903627469313227e-07
209617865.14434773,-0.7334250009846687,-0.0036765962390648554,-5.839911632055106e-08,-1.7103865840306653e-07
209617985.15394768,-0.7334256171998651,-0.0036764535892359162,-4.4060557202740824e-08,-1.2024881263948337e-07
209618105.16354766,-0.7334262327011042,-0.0036763315453602996,-2.9195855066888043e-08,-9.0079724356356e-08
209618285.18274763,-0.7334274645371821,-0.0036761585039105974,-3.1581161730187546e-07,-5.4880872434655975e-08
209618464.15554658,-0.7334282550553287,-0.0036761685054385123,-1.670268506837047e-07,-2.0195418249649086e-07
209618584.16514653,-0.7334288173561355,-0.0036761553054599663,-9.971881542725214e-08,-2.80683433290501e-07
209618706.16194654,-0.7334294448191613,-0.003676116001844246,-8.734384737696388e-08,-3.3484404881375246e-07
209618825.22114652,-0.7334301632111132,-0.0036759251269537063,-1.8149626945795916e-07,-2.351947799971582e-07
209619005.19234747,-0.73343105864235,-0.003675712828089824,-1.3368104556654714e-07,-1.6081493365476332e-07
209619125.20194647,-0.7334316426618805,-0.0036753105828594285,-8.896116998613479e-08,1.494486209091539e-07
209619245.21154642,-0.7334325017358351,-0.0036756244914651756,-3.194906056380731e-07,-2.5645197997050534e-07
209619545.19234738,-0.733433905314342,-0.0036753451396296442,-1.5279134601975386e-07,-2.0708898885264324e-07
209619665.20194733,-0.7334344232215049,-0.003675376817445193,-4.28418387432572e-08,-3.307911105765622e-07
209619784.1747463,-0.7334350668705056,-0.0036752507936077122,-6.4254056630908e-08,-2.960045887984153e-07
209619905.2211463,-0.7334356074496087,-0.0036750561237049026,2.8048071309960676e-08,-1.9416991482636842e-07
209620025.14434725,-0.7334362830552894,-0.0036750063929877662,-2.074923122208361e-08,-2.364201882919595e-07
209620145.15394622,-0.7334369829401318,-0.0036748265805567467,-9.357442198876242e-08,-1.4866168353191295e-07
209620265.16354617,-0.7334375110823705,-0.0036747530807009396,5.141893910654005e-09,-1.6722193348561384e-07
209620384.2227462,-0.7334382992790215,-0.003674687424327061,-1.6135995573041129e-07,-1.9290222561538575e-07
209620505.18274716,-0.7334386294343126,-0.003674479097414265,1.3990087566195797e-07,-7.737541553266489e-08
209620615.16994712,-0.7334393199173684,-0.00367447550955757,2.3376250601891968e-08,-1.581735159486737e-07
209620745.2019461,-0.733440189046652,-0.003674546764219382,-1.6741358688232566e-07,-3.291977510302621e-07
209620865.21154708,-0.7334407383734022,-0.003674242302772633,-9.089806451978433e-08,-1.1681985972837594e-07
209620984.18434605,-0.7334414386757567,-0.003674383272578072,-1.7096774151958982e-07,-3.4908083223778724e-07
209621105.144347,-0.7334419451563305,-0.003674174128241567,-4.70635538318831e-08,-2.327552095591351e-07
209621225.153946,-0.7334424975182897,-0.0036739247214363133,2.5798590597148063e-08,-7.544002197023766e-08
209621525.22114593,-0.7334442155430406,-0.0036738903757240846,-1.298504352931218e-07,-2.71362749834983e-07
209621825.20194587,-0.7334456325112936,-0.0036736525567215217,1.379953540325829e-08,-2.637484547906785e-07
209622125.18274578,-0.7334471264841498,-0.003673379722845857,7.912666966092274e-08,-2.211138849655958e-07
209622365.20194674,-0.7334484205664419,-0.0036732171829260327,3.170751794456805e-08,-2.4275065570655494e-07
209622605.22114572,-0.7334496176490866,-0.0036730961056231637,8.043185129036345e-08,-3.0583732935074437e-07
209622846.19074664,-0.733451059135054,-0.003672911510711445,-1.1118076836957869e-07,-3.0611866771871124e-07
209623086.2099456,-0.7334521658234913,-0.0036727839215736505,2.6206004477558054e-08,-3.626555519090427e-07
209623325.19234654,-0.7334533100621421,-0.00367247612735845,1.1980216363394192e-07,-2.3816697049174745e-07
209623565.2115465,-0.7334547376228947,-0.003672408089430326,-6.542893649097437e-08,-3.5420062012526607e-07
209623805.14434645,-0.7334558145568867,-0.0036721882167984154,9.863760730421944e-08,-3.1829976069762053e-07
209624105.2115464,-0.7334573654799972,-0.00367184099289429,9.8498549983006e-08,-2.0110288954889796e-07
209624345.14434633,-0.7334588317211851,-0.0036718929267486777,-1.287450573927984e-07,-4.3691762734556286e-07
209624705.17314526,-0.7334603099839684,-0.003671502910265276,2.5047151497314957e-07,-3.2273181269385984e-07
209624945.19234622,-0.7334616479238698,-0.0036714535823000327,1.4971978568034672e-07,-4.5722477259868555e-07
209625185.21154615,-0.7334629506946695,-0.003671135429640744,8.322645672631523e-08,-3.2283511923296426e-07
209625425.1443461,-0.7334638736193956,-0.0036709855897293243,3.952192781930819e-07,-3.56629913699294e-07
209625665.16354504,-0.733465255001402,-0.0036707286889006525,2.4827965716678335e-07,-2.833634722794118e-07
209625905.182746,-0.7334667176117027,-0.003670837829350784,1.918718206539438e-08,-5.760675751333849e-07
209626146.15234494,-0.7334678554230026,-0.0036707154924423874,1.1884345751944636e-07,-6.379456999644657e-07
209626385.2211449,-0.7334688157799869,-0.0036702937967926386,3.8526298573593465e-07,-3.989329707843742e-07
209626638.20034483,-0.7334701634784855,-0.0036703432035241593,3.3470869564844463e-07,-6.415617573277306e-07
209627345.2115447,-0.7334739637230296,-0.0036694643501663884,1.5407958542379419e-07,-3.021787825887613e-07
209627625.14754564,-0.7334754628142003,-0.003669138939561181,8.586660260601064e-08,-1.901320279690255e-07
209627885.2115456,-0.7334769295906458,-0.003669032797562805,-5.2774885128670235e-08,-2.820788689242987e-07
209700006.14273033,-0.7338128267840909,-0.0036284911176254113,1.3637825124757086e-07,-1.6622306397030134e-07
209700245.21152925,-0.7338137874937962,-0.0036283444734005335,2.46794473190981e-07,-1.0253820380366069e-07
209700545.1923302,-0.7338152623522318,-0.0036281951153373224,1.1568711555387523e-07,-5.677080974634055e-08
209700726.20033017,-0.7338160063093094,-0.0036283118945002967,1.8239056931435016e-07,-2.3578238305668395e-07
209700905.22112912,-0.7338167426092054,-0.0036282222986218416,2.4773287587986914e-07,-2.0753161914530485e-07
209701085.19232908,-0.7338175181284042,-0.003628094593604281,2.779911077999131e-07,-1.4129183182340702e-07
209701205.20192906,-0.7338180210949852,-0.0036280343591401057,3.1227031482838896e-07,-1.219289901791161e-07
209701385.17312902,-0.7338189122343501,-0.003627945795382402,2.267027231495078e-07,-9.448469441130508e-08
209701565.14433,-0.7338197634934724,-0.0036279617726686494,1.8088952180583817e-07,-1.7137264428281757e-07
209702105.14432988,-0.7338221634220882,-0.0036276008559103035,1.9691136343702453e-07,8.04638255243878e-09
209702285.20192885,-0.733822976232889,-0.003627680163331073,1.894107561906111e-07,-1.3135478486251545e-07
209702585.18272975,-0.7338242343929231,-0.0036278400571917824,2.726177358303161e-07,-3.9089008134094924e-07
209702825.20192873,-0.7338252647277431,-0.0036276811630687254,3.1525477339755525e-07,-3.112889420185498e-07
209702945.2115287,-0.7338259412619762,-0.003627794206091909,1.7511284644555758e-07,-4.638336722185242e-07
209703125.18272865,-0.7338266137199705,-0.003627597845444665,3.0693168295847784e-07,-3.2652953288079753e-07
209703366.1523286,-0.7338277261841127,-0.0036273513567273616,2.711156676937776e-07,-1.587702139114154e-07
209703545.17312956,-0.7338286264118311,-0.00362742795924624,1.7058021395399692e-07,-2.936062900994567e-07
209703665.18272954,-0.7338291346661704,-0.0036274526154789983,1.9833099751398464e-07,-3.5717756116052796e-07
209703845.15392852,-0.7338299257186855,-0.003627304625563611,2.1096845548296272e-07,-2.673606020030944e-07
209703966.20032948,-0.7338304591460962,-0.0036273160749058543,2.1800795546589313e-07,-3.178105927349739e-07
209704145.22112843,-0.73383126815561,-0.0036273151095696384,2.0819180723830044e-07,-3.74338756257888e-07
209704505.16352937,-0.7338328051472123,-0.0036270846082897723,2.7760822196576385e-07,-2.5875801747511987e-07
209704686.17152834,-0.7338336683034741,-0.0036271375040846576,2.2204504879219655e-07,-3.691010797479341e-07
209704805.1443293,-0.7338342098830728,-0.0036271514202234393,2.111915974323253e-07,-4.2064992414802757e-07
209704924.20352927,-0.7338347890298674,-0.003626985135504906,1.630858428303128e-07,-2.919246314065163e-07
209705045.16352925,-0.7338353646510196,-0.0036269677052820385,1.2691109541052015e-07,-3.125500518423238e-07
209705224.18432823,-0.7338360432779732,-0.003626973107304829,2.465289895559053e-07,-3.740823441762166e-07
209705345.1443292,-0.7338366268865045,-0.0036268206660595567,2.0218252128056946e-07,-2.594366444860427e-07
209705465.15392816,-0.7338376220769304,-0.0036270092884912826,-2.5805731740380367e-07,-4.854533789773116e-07
209705585.16352913,-0.7338377454644134,-0.003626730115585315,1.5343114201371577e-07,-2.4357054848175505e-07
209705705.1731281,-0.7338382100372524,-0.0036267790390436387,2.2365904694954253e-07,-3.2967949105270136e-07
209705824.14592808,-0.7338387486422173,-0.00362678372711368,2.1515977710606649e-07,-3.711281909677018e-07
209705945.19232908,-0.7338393005773423,-0.0036267841189537965,2.024927520105635e-07,-4.0881514075125774e-07
209706065.20192903,-0.7338398227677435,-0.0036266922230889587,2.1487432799727202e-07,-3.5378879868156604e-07
209706185.21152902,-0.7338402880017153,-0.00362667471529269,2.8413501507174033e-07,-3.730444706824716e-07
209706306.17152798,-0.7338409073038631,-0.0036266330201285258,2.0348160512106972e-07,-3.6829622559802697e-07
209706425.14432895,-0.7338414146768377,-0.003626540806421721,2.258304788727017e-07,-3.1231661851410103e-07
209706548.17792794,-0.7338419087196321,-0.0036264528890926585,2.7950851955171885e-07,-2.617593576016361e-07
209706785.1731279,-0.733843055664475,-0.003626541665388651,1.8738285290087475e-07,-4.221820806074583e-07
209706905.18272886,-0.7338435305379138,-0.003626531238660169,2.4652919849987853e-07,-4.4787477557770364e-07
209707085.15392882,-0.7338443008787932,-0.0036264103021983463,2.76873827309565e-07,-3.809006623445299e-07
209707205.1635288,-0.7338448534201573,-0.003626298437577334,2.581488723896186e-07,-3.048831364025652e-07
209707325.17312777,-0.7338454668830094,-0.0036263299372961476,1.784201683063813e-07,-3.721203410754319e-07
209707505.14432874,-0.7338462069825769,-0.003626320622399536,2.385744233279752e-07,-4.161925403192365e-07
209707625.1539277,-0.7338468270555911,-0.003626304148399208,1.5202772729594471e-07,-4.351803785680036e-07
209707745.16352868,-0.7338473225855481,-0.0036262208462370512,1.8994007200401342e-07,-3.8722911217727723e-07
209707865.17312863,-0.7338478863633366,-0.003626212328770383,1.595200547210851e-07,-4.139512141056352e-07
209707985.18272862,-0.7338484374722805,-0.003626141676146037,1.416838594225922e-07,-3.784264472712559e-07
209708165.1539276,-0.7338491998252429,-0.003626155751969407,1.788876132780004e-07,-4.449711914051267e-07
209708346.16192755,-0.733849964217133,-0.003626016359197222,2.184629646073688e-07,-3.580940135376222e-07
209708525.18272752,-0.7338508160262559,-0.0036258742609525116,1.6160007054732972e-07,-2.676813948285575e-07
209708645.1923285,-0.7338512517347552,-0.003625947770008761,2.58687954279857e-07,-3.7569702845139177e-07
209708825.16352847,-0.7338521207838568,-0.003625973302155376,1.8847618588058168e-07,-4.527623974222815e-07
209709005.22112742,-0.733852888921144,-0.003625868358925026,2.1935964833463828e-07,-3.99118729225989e-07
209709125.1443284,-0.7338533110254629,-0.003625717035428032,3.2931280746772984e-07,-2.818180698904542e-07
209709245.1539274,-0.7338540074982556,-0.00362577781370882,1.6519076484478035e-07,-3.765279444354133e-07
209709366.20032835,-0.7338545037443737,-0.0036256739068682626,2.058028278906221e-07,-3.067281419606195e-07
209709545.2211273,-0.7338552511153714,-0.0036255501884404693,2.5224493771514034e-07,-2.3323455378794142e-07
209709665.1443283,-0.7338558024432108,-0.003625662840246097,2.325659177460082e-07,-3.793854264915082e-07
209709845.20192724,-0.7338566225234492,-0.0036256277500796154,2.105520408024475e-07,-3.9437153691269586e-07
209709965.21152824,-0.7338572090517064,-0.003625438715300743,1.5582444268247286e-07,-2.3856528619161516e-07
209710085.2211272,-0.7338576950515149,-0.003625439985583264,2.0153202751060917e-07,-2.729455328164855e-07
209710265.19232714,-0.7338585219062216,-0.0036254943993724222,1.7187126732931546e-07,-3.7678926011718017e-07
209710384.16512713,-0.7338590442605792,-0.0036255399838532685,1.763981329894193e-07,-4.5490264186966167e-07
209710505.21152812,-0.7338594545219815,-0.003625397571744624,3.0210547474762706e-07,-3.454653958435104e-07
209710625.2211271,-0.7338600003981538,-0.003625287857667719,2.875116802414368e-07,-2.6832286728574115e-07
209710815.21472806,-0.7338608383247404,-0.0036253081412731185,2.904908686929275e-07,-3.3992515732035253e-07
209710935.22432703,-0.7338613768742328,-0.003625267007047786,2.8297586562864296e-07,-3.3104973761475046e-07
209711055.147528,-0.7338619843328086,-0.003625234226282551,2.0607287065654845e-07,-3.303828985646261e-07
209711175.15712696,-0.7338624368429671,-0.0036251087603578315,2.8440344657099104e-07,-2.3693189367141737e-07
209711294.21632692,-0.7338630837944872,-0.0036252670000678916,1.6399237756647977e-07,-4.268118521527642e-07
209711404.2035269,-0.7338635962904878,-0.0036251222013009314,1.3783019003899e-07,-3.1113487705940884e-07
209711525.1635279,-0.7338639526242268,-0.0036251092319348043,3.162537083323258e-07,-3.3007297715707817e-07
209711645.17312786,-0.7338644793306616,-0.003625077008809297,3.2000379190932904e-07,-3.2938237069009974e-07
209711825.14432782,-0.7338654246694108,-0.0036250881439044385,1.6997306595545325e-07,-3.875720609408488e-07
209711945.15392682,-0.7338658814226445,-0.003624793218388245,2.4342798810028654e-07,-1.2386796042216167e-07
209712065.16352677,-0.7338664194196396,-0.003624910168085969,2.3553912953389045e-07,-2.7191391238461093e-07
209712245.22112677,-0.7338673226734534,-0.003625041835248933,1.274499119574557e-07,-4.5000100302788545e-07
209712365.14432773,-0.7338677358547191,-0.003624862827119507,2.4374363727375226e-07,-3.017523052704571e-07
209712485.15392768,-0.7338684390463552,-0.0036249672860030704,7.030717874556558e-08,-4.368662593159413e-07
209712604.21312767,-0.7338689249365892,-0.003624876906239986,1.0987633258796592e-07,-3.7677333415784414e-07
209712724.22272664,-0.7338692713577498,-0.0036246277276684173,2.9300746129390376e-07,-1.579965032698534e-07
209712844.1459266,-0.7338698383275872,-0.0036248117458165686,2.551064119948876e-07,-3.7226687348186627e-07
209712965.19232658,-0.7338704699698646,-0.0036245572364055913,1.5738416669908162e-07,-1.4816323573715526e-07
209713085.2019266,-0.733871369641777,-0.0036247919331389863,-2.1304440378511202e-07,-4.1287617820592523e-07
209714585.19232625,-0.7338783892888723,-0.0036242461574105453,-6.265456353737875e-07,-2.3126063976785724e-07
209788925.22111082,-0.7342023884394387,-0.0036354657651471757,1.9926675365322666e-07,-1.1327525562335183e-07
209789106.1427118,-0.7342035656939109,-0.0036355346938872625,-1.3799338971498543e-07,-1.004074233058698e-07
209789705.15391067,-0.7342062443783638,-0.003636062181100173,-3.371737489210602e-08,-3.556914861960539e-07
209790845.20191044,-0.7342116348652451,-0.0036369231217678924,-1.2007177851991457e-07,-6.926504276852895e-07
209791564.22271127,-0.7342144642306996,-0.003637050609893197,4.007467254707464e-07,-4.856312382532299e-07
209791805.19231126,-0.734215876400347,-0.003637186474308613,1.12163737520099e-07,-5.08684992856466e-07
209792285.14431113,-0.7342182860688159,-0.00363763255614088,-5.839933714391066e-08,-7.290134133811771e-07
209793005.20191,-0.7342214124944014,-0.0036370836732393603,1.7735812340990975e-07,1.6123308552769972e-07
209793364.19391093,-0.7342228943318193,-0.0036379152860244175,3.730460444995032e-07,-4.989816295704157e-07
209793605.16351086,-0.7342240078046464,-0.003637923273532823,3.8605956476089887e-07,-3.914660775265928e-07
209793905.1443108,-0.7342257244625924,-0.003638068003396676,7.22679089903977e-08,-3.9189531393256025e-07
209794146.20031074,-0.7342269410370489,-0.0036381904868097175,-1.659580806112615e-08,-3.980096719151567e-07
209794386.2195107,-0.7342280293867307,-0.0036382575054341518,1.827071116622392e-08,-3.487923752390487e-07
209794625.20190966,-0.7342290267316711,-0.003638430248327417,1.396383660923206e-07,-4.0543579224927226e-07
209794864.1843106,-0.7342301017509513,-0.003638501562401295,1.8367484011516666e-07,-3.602840802229175e-07
209795105.15390956,-0.7342314368091645,-0.0036385807796542147,-2.2679372935208164e-08,-3.216947351103276e-07
209795345.17311049,-0.7342325585850973,-0.0036387287140387348,-1.9864952682802084e-08,-3.5191396267507044e-07
209795585.19230947,-0.7342335958690634,-0.003638842748202327,6.777445227257317e-08,-3.478590097820769e-07
209795825.21151042,-0.7342346013650458,-0.0036390179598324514,1.8753059594089905e-07,-4.0460604976881934e-07
209796065.14431036,-0.7342358185547667,-0.0036390281894500666,9.551227553306063e-08,-2.960369303141655e-07
209796305.16351032,-0.73423720857146,-0.0036392323213384615,-1.6860757090508827e-07,-3.809488430396406e-07
209796546.21951026,-0.734238154748708,-0.0036393604292376414,1.629375412370848e-08,-3.8893924138479197e-07
209796785.2019092,-0.7342392364825756,-0.0036394754244042098,5.621950671663711e-08,-3.844702060888834e-07
209797025.22110918,-0.7342404649490096,-0.0036396348288807384,-4.5413685256789904e-08,-4.235098498501025e-07
209797325.20190912,-0.7342417244851032,-0.003639753662256055,1.0381606552201106e-07,-3.913677514883092e-07
209797566.17150906,-0.7342430794354361,-0.003639734790515479,-1.1915713993282395e-07,-2.5078257380548724e-07
209797805.153909,-0.7342439989517168,-0.00363987148949374,8.426270692307725e-08,-2.663853216899881e-07
209798045.17310995,-0.7342451377980979,-0.0036400495823630903,7.351517550269193e-08,-3.2246758875208864e-07
209798345.15390888,-0.7342464744419324,-0.003640225071234762,1.471961836863045e-07,-3.449146603021376e-07
209798586.20990884,-0.734247685885505,-0.003640400149444542,6.937042262844528e-08,-3.9656768489881866e-07
209798825.1923098,-0.7342490171482656,-0.0036403990985723416,-1.377475175035059e-07,-2.7276006082368673e-07
209799065.21150976,-0.7342498692950911,-0.0036405778782737826,1.394031211576774e-07,-3.2785472027854756e-07
209799276.2003097,-0.7342510095261716,-0.0036406689362889245,-7.893948161807884e-09,-3.0985865387758715e-07
209799426.19070867,-0.7342515407284353,-0.0036406964412525034,1.669002839266298e-07,-2.5965017066758786e-07
209799605.21150964,-0.7342522971570895,-0.003640737972936908,2.5324944907811897e-07,-2.0822230368221228e-07
209799784.1459086,-0.7342532293347593,-0.0036409368108346473,1.6359035970303637e-07,-3.139221965574486e-07
209799966.19070855,-0.7342542866111734,-0.003641044409076035,-3.637207135476217e-08,-3.2653362752816176e-07
209800145.2115085,-0.7342548297071304,-0.003641108830939798,2.637510518876951e-07,-2.973198391701369e-07
209800325.18270847,-0.7342560328460421,-0.00364114396788058,-9.154740965300334e-08,-2.3809677503119214e-07
209800505.15390846,-0.7342566657126193,-0.0036413271805544995,1.2357038869925674e-07,-3.2672092926738436e-07
211850466.19999465,-0.7439808013152653,-0.003707553502680076,-2.411196020624118e-07,3.303134316805581e-07
211850945.20159364,-0.7439823988866832,-0.003708071372867781,-8.223174730037641e-08,1.2556763994298753e-07
211851305.1439936,-0.7439837280699862,-0.003708323787057905,-8.960367958721349e-08,1.0884874487816429e-07
211851576.18079457,-0.743984715647226,-0.003708863419294505,-8.07731823648794e-08,-2.530791702419488e-07
211852145.2111935,-0.7439868020475265,-0.003709164113500616,-7.226420495332064e-08,-1.8006232780157228e-07
211852445.1919945,-0.7439878418591291,-0.0037093613472530254,-6.0698361892264074e-09,-1.7994193074379744e-07
211852625.16319448,-0.743988754010689,-0.0037092278263615324,-2.541523071997176e-07,7.209300554927509e-08
211852806.17119345,-0.7439890859288817,-0.003709600228867389,8.222186487216732e-08,-1.810273816803959e-07
211853165.1631934,-0.7439904632394705,-0.003709842365304985,3.150215655001176e-08,-1.863394567115477e-07
211853405.1823944,-0.7439913394907789,-0.0037100104023589046,4.306029866008032e-08,-1.9585019655522784e-07
211853585.15359437,-0.7439920906965389,-0.003710131853186313,-4.199910541569096e-08,-1.983363340867482e-07
211853945.18239334,-0.7439932449666627,-0.003709951550458063,1.3748856897422002e-07,2.202061651851786e-07
211854127.14079434,-0.7439940563058941,-0.0037105372863346893,8.063123502211056e-10,-2.449949412760069e-07
211854306.16159332,-0.7439951158490132,-0.0037103363411199845,-3.9459709477718263e-07,7.462331304622372e-08
211854485.1823943,-0.7439956462930042,-0.00371059445276194,-2.605320336135364e-07,-6.473171192469818e-08
211854725.2015933,-0.7439964422477854,-0.003710442057507836,-1.6498162103140146e-07,2.4701575227327813e-07
211855145.19199425,-0.7439983355695347,-0.0037112420993357835,-4.967586810789015e-07,-2.738262923811588e-07
211856765.1919931,-0.7440039292047126,-0.003712198977870069,-4.8926053874964737e-08,-1.4942789423140132e-07
211857065.17279404,-0.7440050031031187,-0.003712364973179939,-1.0190286392486314e-09,-1.1443797963807747e-07
211857305.19199306,-0.7440060074032104,-0.003712543015591137,-1.0706978126329147e-07,-1.314962636959384e-07
211857606.20959404,-0.7440071486030339,-0.0037127587702129325,-1.208995931145651e-07,-1.4513635704458544e-07
211857785.143994,-0.744007685934726,-0.003712831467421643,1.2351875411376056e-08,-9.75749633452816e-08
211858026.19999298,-0.7440085562281391,-0.003713026857330458,4.5963758132927524e-08,-1.308190131985021e-07
211858326.18079397,-0.7440097929195072,-0.003713242654529588,-6.505438576720479e-08,-1.4461513313159674e-07
211858446.19039392,-0.7440102459044424,-0.0037132812151748893,-6.745486880177509e-08,-1.0229527791375329e-07
211858746.1711929,-0.7440114752212875,-0.0037134739211459587,-1.6985318529449955e-07,-9.265735245603604e-08
211858985.1535939,-0.7440124172964511,-0.0037136871038979525,-2.1353084711517312e-07,-1.4446473893493447e-07
211859225.17279387,-0.7440131935720263,-0.003713887071517651,-8.695703446193193e-08,-1.821987867236738e-07
211859465.19199285,-0.7440140573120562,-0.0037139929471955977,-4.729774794043351e-08,-1.2568173429631027e-07
211859705.21119386,-0.7440148692080903,-0.003714120468114576,4.474992343350692e-08,-9.065001659036565e-08
211859885.18239382,-0.7440156552101563,-0.0037142359007460053,-6.310326339242778e-08,-8.409206482887233e-08
211860065.15359378,-0.7440162288150423,-0.00371430719436028,4.1741359591007665e-08,-3.330442710719819e-08
211860245.2111928,-0.7440169006368228,-0.0037145710546174263,4.899331540464402e-08,-1.7493374954635418e-07
211860425.18239275,-0.744017646649588,-0.0037146992576692897,-1.7975496202637942e-08,-1.8087313932626387e-07
211860605.15359375,-0.7440183845787747,-0.003714779148870797,-7.65670393754192e-08,-1.3840896611249862e-07
211860785.21119374,-0.7440191484017412,-0.0037148711287329733,-1.6043463668680147e-07,-1.0788257470304916e-07
211860906.17119274,-0.7440194717482745,-0.003714986713972669,-2.683470257114351e-08,-1.4111801120014755e-07
211861265.1631927,-0.7440208542422441,-0.003715222115764468,-5.2414658058275165e-08,-1.3187036429149201e-07
211861445.22079268,-0.7440215558972434,-0.003715303412506026,-7.306473859269857e-08,-9.031982838763122e-08
211861626.14239368,-0.7440221338136767,-0.0037154802061368144,3.3574580338147086e-08,-1.4358208937602368e-07
211861805.16319364,-0.7440228575909602,-0.003715630778689581,-1.2562005213823113e-08,-1.718273738276349e-07
211861985.22079265,-0.7440235273963816,-0.003715727335783427,-5.264375602109794e-10,-1.4525427718568504e-07
211862166.1423926,-0.7440242720460248,-0.0037157592779590606,-5.978702199982422e-08,-5.337959494170971e-08
211862345.1631936,-0.7440249001624827,-0.003716047274687622,-9.444875104236417e-09,-2.187653472423591e-07
211862525.22079358,-0.7440255358779643,-0.0037161750755282776,3.749663335383957e-08,-2.2314940865703764e-07
211862706.1423936,-0.7440262012586314,-0.0037162577780243287,5.831826432878273e-08,-1.817458175233308e-07
211862828.22559255,-0.7440266771304174,-0.0037163450145948616,4.5637151391275665e-08,-1.8518223479516496e-07
211863125.1823925,-0.7440277569805999,-0.0037164836684663496,9.296344072318163e-08,-1.198128324522013e-07
211863366.15199253,-0.744028718338387,-0.0037166652505386086,4.678930376478263e-08,-1.3564195134848148e-07
211863487.19839248,-0.7440291985218732,-0.003716857986494107,2.6504953454242752e-08,-2.4504866689414526e-07
211863665.1823935,-0.7440298498632409,-0.0037169197261319774,5.1599371775346015e-08,-1.841817081115263e-07
211863845.15359247,-0.7440305715118116,-0.0037169946397893065,1.4191433139743026e-08,-1.3502131174280077e-07
211864025.21119246,-0.7440312101200401,-0.003717177500373676,6.040424049835735e-08,-1.9364865464031183e-07
211864266.18079242,-0.744032237416376,-0.0037173125802495133,-5.001112668434615e-08,-1.6231149810091647e-07
211864385.15359342,-0.744032761416365,-0.00371738953793906,-1.2116021574914981e-07,-1.5703842766836076e-07
211864506.1999934,-0.7440331514666985,-0.0037174380195103525,-5.035670547215432e-08,-1.2181075409196246e-07
211940285.22078586,-0.7443472629087726,-0.0037750758617850285,-1.094065064100036e-07,1.1593998285692672e-07
211940645.16318682,-0.744348774375059,-0.003775692601059055,4.906965078710357e-08,-2.627116644448278e-07
211940945.14398682,-0.744349965825844,-0.003775352950173906,2.5036207040862735e-07,2.7466836109843115e-07
211941185.1631868,-0.7443512827182835,-0.0037758893093312383,4.846274215264401e-08,-1.0394034508738256e-07
211941365.22078675,-0.7443519836910675,-0.0037758996310649343,1.8430286052861788e-07,3.813378850105881e-09
211941485.14398676,-0.7443526609538325,-0.0037759277006072702,6.455292500540111e-08,5.425891295464391e-08
211941665.20158675,-0.7443533704760837,-0.0037761948424229435,1.9236053827587085e-07,-9.518678164730995e-08
211941785.21118674,-0.7443539899976461,-0.0037762260781019625,1.310950948907319e-07,-4.810357684360486e-08
211941965.18238673,-0.7443549513639299,-0.003776361928608483,7.164716375740454e-09,-6.669331116060731e-08
211942086.1423857,-0.7443553599152747,-0.00377639944493768,1.616293028305904e-07,-2.552540412023574e-08
211942206.1519857,-0.7443560666071569,-0.0037765657067779183,1.3662759146271242e-08,-1.1382257030824461e-07
211942385.1727857,-0.7443566800523778,-0.0037767159342688723,2.339239745241528e-07,-1.4793601865910333e-07
211942505.18238667,-0.7443573928797053,-0.0037767173832837474,8.014814334433851e-08,-7.167163670537824e-08
211942626.14238667,-0.7443578380540603,-0.003777053649318183,1.985833670836712e-07,-3.2971078839155385e-07
211942746.15198666,-0.7443583564869137,-0.0037768372515931434,2.3946048821610333e-07,-3.5801917850058346e-08
211942865.21118563,-0.7443589596703144,-0.003776909328261014,1.9128345518648615e-07,-3.108072853599819e-08
211942985.22078565,-0.7443595479308263,-0.003777072685385111,1.625855263753806e-07,-1.1712713236279593e-07
211943106.18078664,-0.7443601548894503,-0.0037770875758490457,1.1974772673450929e-07,-5.419633930352219e-08
211943225.1535856,-0.7443607107122241,-0.003777149326282875,1.189013485447532e-07,-3.950355981783074e-08
211943345.1631866,-0.7443612034846459,-0.003777312632228074,1.8606462948156377e-07,-1.25800072630234e-07
211943526.17118558,-0.7443622072581552,-0.003777282270393651,2.7061920482296387e-08,2.0523756466030163e-08
211943646.18078658,-0.7443629332359429,-0.0037774169305458895,-1.3867479065066135e-07,-3.7378455324411225e-08
211943766.19038656,-0.7443633282193408,-0.0037776419901731076,2.6702938527023434e-08,-1.8578027866002905e-07
211943885.16318655,-0.744364008608607,-0.0037775418336444396,-9.804877898478281e-08,-9.726983564960212e-09
211944005.17278555,-0.7443643890261803,-0.0037775832431380467,8.213097035802974e-08,2.5322148925008975e-08
211944125.18238553,-0.7443650989040629,-0.0037775754567560033,-6.703241417493899e-08,1.0946725697734069e-07
211944305.1535865,-0.7443656134948429,-0.0037780371495893853,2.5946421911005046e-07,-2.379020335500047e-07
211944546.2095865,-0.7443667115718299,-0.003778348194631005,2.883555203503363e-07,-3.9617168416487825e-07
211944725.1439865,-0.7443676884475782,-0.00377850963201092,1.483162646032099e-07,-4.444644841525812e-07
211945026.16158646,-0.7443689769710776,-0.003778658095665291,2.68142376858016e-07,-4.030856343623969e-07
211945145.22078547,-0.7443694795350275,-0.0037786910468540448,3.228022971146771e-07,-3.6112207182480843e-07
211945266.18078542,-0.7443700649647583,-0.003778753525236173,3.0360149505526124e-07,-3.475894908735837e-07
211945386.19038543,-0.7443706674397302,-0.003778800383814223,2.6301400257722207e-07,-3.191336559954863e-07
211945506.19998643,-0.7443713688799182,-0.0037790192166561624,1.2356740608510108e-07,-4.627509101766056e-07
211945625.17278638,-0.7443718610631377,-0.0037790656604571875,1.8862633177629817e-07,-4.3472637947837914e-07
211945745.18238539,-0.7443723801436232,-0.003778920306766107,2.3174787744384417e-07,-2.1435358302582252e-07
211945865.1919854,-0.744373054336602,-0.003779030786830124,1.198601826679635e-07,-2.4991304554229307e-07
211945986.15198538,-0.7443735412698237,-0.003779129798759407,1.99788856347638e-07,-2.73510614735243e-07
211946106.16158536,-0.7443738951472952,-0.0037790880762996588,4.0842110271555043e-07,-1.5706500554107591e-07
211946225.22078636,-0.7443746735551505,-0.0037793179630211623,1.881674455139759e-07,-3.1291733953520487e-07
211946406.14238635,-0.7443756815715231,-0.0037794389258901896,2.850567615286792e-08,-3.21562732798035e-07
211946525.20158535,-0.7443760730764392,-0.003779492064544426,1.9539977125226926e-07,-3.0090992853525067e-07
211946645.21118534,-0.7443765674411728,-0.0037795683476459802,2.639882041854946e-07,-3.0290988933985574e-07
211946765.2207863,-0.7443774831570407,-0.003779515209119526,-8.867836698289722e-08,-1.7558585115214076e-07
211946886.1807853,-0.7443779456215701,-0.0037790774895820616,1.6461698226777344e-08,3.36808031908397e-07
211947006.1903853,-0.7443781492700734,-0.0037795773775399547,3.7605265224005535e-07,-8.909007240742381e-08
211947125.16318628,-0.7443789403590915,-0.003779731968091008,1.434291858615211e-07,-1.7042598665986675e-07
211947426.18078625,-0.7443801901280912,-0.003780081107161119,3.070583786124459e-07,-3.3464671635305074e-07
211947605.20158526,-0.7443811635248411,-0.003780070625945422,1.7450548062125648e-07,-2.1448002173428404e-07
211947726.16158625,-0.7443817146242485,-0.003780347633014603,1.916556515713097e-07,-4.1749699020198275e-07
211947845.22078523,-0.7443820469732152,-0.0037803534974874316,4.187136174449435e-07,-3.5062976037024407e-07
211947965.1439852,-0.744382738270238,-0.003780402537836792,2.9096941933648424e-07,-3.265064366106754e-07
211948086.19038522,-0.7443835783128256,-0.00378048043128904,1.9844816345759853e-08,-3.3064836286143817e-07
211948206.1999862,-0.7443839364937664,-0.003780544208882232,2.2579418956780728e-07,-3.214025909208454e-07
211948385.2207852,-0.744384812808584,-0.003780620701597161,1.911600285842141e-07,-2.8914302822218366e-07
211948565.19198516,-0.7443855572438123,-0.003780790186907563,2.930591666006066e-07,-3.4951332781923625e-07
211948805.21118617,-0.7443867415496505,-0.003780819250506787,2.3775385926683157e-07,-2.3338933931348407e-07
211949165.15358612,-0.744388488101653,-0.0037810912288123353,1.8488952480133491e-07,-2.883516703375798e-07
211949345.2111851,-0.7443892763003683,-0.0037811907629586067,2.442017070780622e-07,-2.7964572594076434e-07
211949525.1823851,-0.7443900569476157,-0.003781404670001377,3.108282573549559e-07,-3.8557716847218565e-07
211949825.16318607,-0.7443915757233439,-0.0037815152609219013,2.0467973327331634e-07,-3.166623518333078e-07
211950005.22078505,-0.7443925030536317,-0.003781636539696804,1.254676685880085e-07,-3.304781451113868e-07
211950185.19198504,-0.7443931853837229,-0.003781749514592192,2.9100743981214094e-07,-3.3625223226901174e-07
211950485.172785,-0.7443946654655269,-0.0037820149561669987,2.2452215187040991e-07,-4.234751428051388e-07
211950665.14398497,-0.7443953108756363,-0.0037820582905315155,4.2739036387740015e-07,-3.6016755671853043e-07
211951145.18238494,-0.7443977615827754,-0.003782166554238973,2.4001681098173577e-07,-1.8500293115031666e-07
211951386.15198493,-0.7443990961066758,-0.003782229094174679,4.202000303266118e-08,-1.0582353702961317e-07
211951631.18238592,-0.7444000372930316,-0.003782508805172592,2.567639909578645e-07,-2.418061677347816e-07
211951806.1423859,-0.7444009120118651,-0.0037826723269501353,2.0756926022436062e-07,-3.029342180030717e-07
211951985.1631859,-0.7444016890614614,-0.0037828059577132904,2.7533101931709325e-07,-3.3199518300426265e-07
211952225.18238485,-0.7444030071866672,-0.0037829551607737894,9.006950940637637e-08,-3.4131519191689386e-07
211952405.15358582,-0.7444037385899738,-0.003782899796414705,2.0825437774263378e-07,-1.813013364307739e-07
211952825.1439858,-0.7444058101139205,-0.0037831545575011407,1.1983930292558398e-07,-1.9263533571197908e-07
212027166.20957983,-0.7447637094004192,-0.0038075635554913867,-3.872418818939849e-08,-1.0931058833704016e-08
212027466.1903798,-0.7447649335851635,-0.0038076258097135916,2.2136346244927552e-07,-8.202441068895505e-08
212027646.16157877,-0.7447660058929565,-0.003807787422377813,3.9449449595885255e-08,-2.4944039739944676e-07
212027825.18237877,-0.7447666979928899,-0.00380777011674852,2.3297435880476058e-07,-2.3827884957240003e-07
212028065.20157975,-0.744768076233098,-0.0038077628528776597,4.2010290579597154e-08,-2.3983253561897164e-07
212028245.17277974,-0.744768962185357,-0.0038078007321432823,4.621353466571776e-08,-2.847582790872251e-07
212028425.14397973,-0.7447698956865569,-0.003807711479061965,2.7885428410812096e-09,-2.0292354503985074e-07
212028604.16477972,-0.7447707281268324,-0.0038073745809063062,5.5641923957239214e-08,1.2622727917598053e-07
212028786.2095787,-0.7447715523678916,-0.0038076102701417656,1.3156110756362693e-07,-1.1771589248461486e-07
212028966.18077868,-0.7447724990068386,-0.0038076542287905782,7.473852392525515e-08,-1.7020608721139002e-07
212029145.20157868,-0.7447733985434106,-0.0038075045692187526,6.02264998983415e-08,-2.9398774311663323e-08
212029325.17277965,-0.7447742570678046,-0.0038075715586947507,9.132827127888987e-08,-1.0565439016512954e-07
212029505.14397863,-0.7447755214308613,-0.003807483590914134,-2.8350932335108325e-07,-2.731976870770647e-08
212029686.15197864,-0.7447761557913374,-0.0038074694459666676,-2.3325014919528542e-08,-2.323281368026356e-08
212029866.20957962,-0.7447770156616973,-0.003807632697928319,6.544294106625159e-09,-1.9685657563902823e-07
212030706.19037855,-0.7447810993682968,-0.003807566130702636,7.200189666711765e-08,-1.834801945737284e-07
212031005.22077852,-0.7447826011597057,-0.0038076008687191933,4.6644992979238964e-08,-2.390526666253695e-07
212031185.1919785,-0.7447836642365032,-0.0038074804469883303,-1.2801804616380252e-07,-1.3164767233980745e-07
212031365.16317847,-0.7447844822590182,-0.003807397515156208,-5.776422429271122e-08,-6.209025490457043e-08
212031846.15197945,-0.7447868205285324,-0.003807384145829406,-2.27387784157429e-08,-8.621317185630514e-08
212032026.20957947,-0.7447876635436356,-0.0038074255535237656,2.2413670364151983e-08,-1.423076557783079e-07
212032206.18077943,-0.7447886036446113,-0.003807380000299635,-3.009983573498687e-08,-1.1178733856686066e-07
212032565.17277938,-0.7447903208188678,-0.0038074223439351165,2.274017874004386e-08,-1.8516795103696096e-07
212032745.1439794,-0.7447911993998538,-0.0038074371356422083,3.1265003697100724e-08,-2.1604385010707064e-07
212032925.20157838,-0.744792088490326,-0.0038073467935042984,2.9538313350840895e-08,-1.42142858419389e-07
212033105.17277837,-0.74479298116949,-0.003807336730598137,2.3625851719444313e-08,-1.4886122507362307e-07
212033285.14397934,-0.7447938553926157,-0.0038072918454383486,3.599473630266914e-08,-1.2110421285238537e-07
212033466.15197834,-0.7447947362162814,-0.003807290655262442,4.669097053433546e-08,-1.3748965812642594e-07
212033646.20957935,-0.7447956407506705,-0.003807271720779891,2.8813243901915087e-08,-1.36384485603918e-07
212033825.1439793,-0.7447965334937033,-0.0038072158372358302,1.7012449782249917e-08,-9.855979617688637e-08
212034066.19997928,-0.7447977014098615,-0.0038072858802230963,3.5584848401271074e-08,-1.9346640083017785e-07
212034305.18237928,-0.744798892524125,-0.003807175494295285,2.0411125456476498e-08,-1.0833425963642854e-07
212034546.15197924,-0.7448000762046689,-0.003807087837025898,2.2096879548350046e-08,-4.674708277852685e-08
212034726.20957926,-0.7448009176166321,-0.003807216272437139,6.617991943347334e-08,-1.9505844690284255e-07
212034905.1439782,-0.7448019435882849,-0.0038071636760341502,-8.002398954598533e-08,-1.6254816556909163e-07
212035085.20157823,-0.7448027623149325,-0.00380710596869006,-1.3668569276426012e-08,-1.2538814754157676e-07
212035266.2095792,-0.7448035484231519,-0.0038070841155881103,8.97632488339184e-08,-1.2452850878209507e-07
212035566.19037917,-0.7448050880852501,-0.0038070304423962497,2.3836441265245867e-08,-1.063897156782824e-07
212035746.16157815,-0.7448059926190109,-0.0038070115106479583,3.1656991472672757e-09,-1.0921908651572929e-07
212035926.21917915,-0.7448067884679357,-0.0038069051257206606,9.138005307995911e-08,-2.493641346711095e-08
212036105.15357912,-0.7448077498430377,-0.003806995280761701,8.328197464990694e-09,-1.373823523016099e-07
212036285.21117914,-0.7448086989147001,-0.0038068858019404215,-5.713670048201891e-08,-5.066174500224785e-08
212036466.2191791,-0.7448094737435703,-0.0038069896856512005,5.6069507925471385e-08,-1.7775362094870836e-07
212036645.1535781,-0.744810380455769,-0.0038070005938421786,2.6983810408331976e-08,-2.119279584916929e-07
212036825.21117806,-0.7448112837080663,-0.0038068395801474954,6.6276317767233195e-09,-7.465028517908423e-08
212037005.18237907,-0.7448121925988688,-0.003806880327600417,-2.003380861204107e-08,-1.3944578076919775e-07
212037186.19037804,-0.7448129972266685,-0.003806847477690419,6.240188432649063e-08,-1.3110736604877993e-07
212037425.17277902,-0.7448142340306556,-0.0038068802758492617,-3.611016041737969e-09,-1.9676474201672442e-07
212037605.143978,-0.7448150609595893,-0.0038067792417957945,5.085668408622013e-08,-1.208478771007153e-07
212037785.20157802,-0.7448160994262916,-0.003806788819109726,-1.060468822755567e-07,-1.558727430977895e-07
212038025.22077897,-0.744817084832972,-0.0038066321245926243,8.327752787362641e-08,-3.359310916158792e-08
212038265.15357897,-0.7448182343556585,-0.0038066215304078618,1.0759461743781173e-07,-5.796176235717612e-08
212038506.20957896,-0.7448195831130995,-0.0038065219138344593,-6.230672255913561e-08,5.967067840274148e-09
212038745.19197893,-0.7448206665650882,-0.0038066494512420572,2.247598707150189e-08,-1.5750347311539042e-07
212038985.21117893,-0.7448217909027242,-0.0038066519839334827,7.095264342726892e-08,-1.9667582895448177e-07
212039225.1439789,-0.7448229919463975,-0.0038068488664361843,4.1804771977460575e-08,-4.307333895769809e-07
212039465.16317785,-0.7448241721660296,-0.0038065892953841334,3.3399662591193646e-08,-2.0889659857513745e-07
212114045.21117228,-0.7451616264100328,-0.0037746452961227223,-5.618586130795578e-07,3.3503917971347205e-07
212114466.15197226,-0.7451626454273556,-0.0037747782199729013,1.9732358158552898e-07,-8.81925031276723e-08
212114706.17117226,-0.7451636492811482,-0.003774656450040616,2.0643656717389547e-07,-1.3244482811739303e-07
212114945.15357223,-0.7451648095754911,-0.0037743575538479028,5.40337535825941e-08,7.969943745765595e-10
212115185.17277223,-0.7451657813738723,-0.003774388498123861,9.378985854624489e-08,-1.968678567066881e-07
212115426.1423732,-0.7451667660044128,-0.00377425250601411,1.239966822552674e-07,-2.2860351396461823e-07
212115606.1999732,-0.7451675604420033,-0.003774095765000035,8.739022872017443e-08,-1.9741721362645168e-07
212115785.22077218,-0.7451685400181923,-0.0037738748753711956,-1.391261960081991e-07,-1.0154852838478723e-07
212115965.19197217,-0.7451691434234701,-0.0037737638082748345,1.411351124858129e-08,-1.1635482484364384e-07
212116146.19997212,-0.745169830386222,-0.003773707507686615,8.773435300479804e-08,-1.8684218565248947e-07
212116326.17117214,-0.745170610020988,-0.0037735504007071767,6.390567552916337e-08,-1.5598378824742756e-07
212116505.1919721,-0.74517149994057,-0.0037733937346298052,-7.461846907030889e-08,-1.2508299506277035e-07
212116685.1631731,-0.7451719862593408,-0.0037733759962953572,1.9402273854218777e-07,-2.33960525962678e-07
212116865.22077307,-0.7451728207538111,-0.0037731606786671123,1.1442176472975518e-07,-1.4550158838107924e-07
212117045.1919731,-0.7451737077265487,-0.0037729947755374468,-1.845137320710677e-08,-1.0657673460943984e-07
212117226.19997308,-0.7451743865511009,-0.003772935983113366,6.072970937243127e-08,-1.7567455447937627e-07
212117405.22077206,-0.7451750853012453,-0.003772916634107709,1.1122816889752585e-07,-2.829882447094763e-07
212117645.15357205,-0.7451761329981861,-0.0037726791049023795,6.702853028173195e-08,-2.154914792856788e-07
212117825.211172,-0.7451769260310293,-0.0037724719258010516,2.6552097631693528e-08,-1.3611636401865412e-07
212118005.18237302,-0.7451778204395357,-0.0037722832963682012,-1.1610840633391462e-07,-7.540191177598382e-08
212118185.15357298,-0.7451785049520059,-0.003772380444402207,-4.932297936743879e-08,-3.0063564960278524e-07
212118426.209573,-0.7451794542888641,-0.003772087782893409,6.929079088280332e-09,-1.797987138189329e-07
212118605.14397195,-0.7451800938274477,-0.0037720669680395952,1.1330339011461632e-07,-2.8672220146524693e-07
212118785.20157197,-0.7451806686039191,-0.0037717971038546167,2.886632968213121e-07,-1.4556330935446352e-07
212118965.1727729,-0.7451814867537364,-0.0037716226242678844,2.1982720987967497e-07,-9.989118176546852e-08
212119145.14397293,-0.7451823009798015,-0.0037715969729274885,1.544494269145602e-07,-2.032095844767788e-07
212119330.21277192,-0.7451831473305752,-0.0037713727869272047,7.766930831820673e-08,-1.118138853923624e-07
212119505.1727719,-0.7451837712265578,-0.003771418028802723,1.808504754841067e-07,-2.8274746417854615e-07
212119745.1919729,-0.7451848871130126,-0.0037711180392484738,6.167692101488598e-08,-1.554300736077499e-07
212119925.16317287,-0.7451855001986398,-0.0037709682651975627,1.9538956508302618e-07,-1.353104376786672e-07
212120105.22077188,-0.7451864026080777,-0.0037708737737145188,3.965609929323932e-08,-1.7068934085769094e-07
212120286.14237183,-0.7451871059156097,-0.003770776640722969,8.61202391622129e-08,-2.0420312270763227e-07
212120586.20957184,-0.7451883585397129,-0.0037706060537681255,7.59444029885259e-08,-2.5063420629276717e-07
212120885.1535728,-0.7451894462940565,-0.003770309951016989,2.2463150550766642e-07,-1.7114498893295096e-07
212121065.21117178,-0.7451904561788231,-0.0037701150213618672,-4.118797303220845e-08,-1.0687750489398601e-07
212121245.18237177,-0.745191049201649,-0.003770017447848952,1.0899953228893366e-07,-1.400465651909752e-07
212121426.19037274,-0.7451917554560145,-0.0037699295534625297,1.4973225637149312e-07,-1.8379054719666957e-07
212121605.21117276,-0.7451926224348076,-0.0037697700333384617,2.1039120223775853e-08,-1.546025697593198e-07
212121786.21917275,-0.7451933109394926,-0.003769672534852771,7.850650862728514e-08,-1.8902177039868337e-07
212121965.1535727,-0.7451940150869012,-0.003769508980518973,1.11279933046049e-07,-1.56009380521821e-07
212122205.17277172,-0.7451950826409608,-0.0037693567219955586,3.142372462239251e-08,-1.79065919130722e-07
212122385.1439727,-0.7451957117278374,-0.0037693952212098482,1.4233249379103086e-07,-3.491744419827428e-07
212122565.2015727,-0.7451965434137464,-0.003769079028848201,5.048005802255062e-08,-1.647852174067009e-07
212122744.22237265,-0.7451973332938915,-0.0037690000812176895,-4.3423007412002335e-09,-2.1700962124070883e-07
212122985.19197166,-0.7451982624309523,-0.0037688512673657868,5.5123484887786844e-08,-2.4495716108383775e-07
212123165.16317162,-0.7451988725700117,-0.0037686922580746256,1.8272081048209543e-07,-2.1811051097598427e-07
212123345.22077164,-0.745199686933361,-0.0037685749679798428,1.0591969179518657e-07,-2.331696324462014e-07
212123525.1919726,-0.7452004747066628,-0.0037684203606595367,5.482417675395368e-08,-2.1096934458945948e-07
212123705.1631726,-0.7452012455703344,-0.003768189726289227,2.0105446418838824e-08,-1.1286155132553613e-07
212123946.21917257,-0.7452020984486689,-0.003768055061905497,1.5239115536136438e-07,-1.5588940163345152e-07
212124123.16637158,-0.7452028189413931,-0.0037678506735859796,1.5444378742568432e-07,-8.206814883010213e-08
212124305.21117258,-0.7452035731155507,-0.003767889982810196,1.4308492157777408e-07,-2.558205998200863e-07
212124483.19517154,-0.7452043594155118,-0.0037677307575617073,8.24933024112795e-08,-2.2815034356454128e-07
212124665.15357253,-0.7452050444090185,-0.0037675071607489842,1.3886180805222637e-07,-1.3915755410227187e-07
212124846.1615715,-0.7452059629567167,-0.0037675093030093186,-4.2751681306185674e-08,-2.753107248053624e-07
212125025.1823715,-0.7452061064831405,-0.003767061501657953,5.420184073789969e-07,3.984486152174352e-08
212125205.15357247,-0.7452072788548719,-0.003767099719438367,1.012588195514752e-07,-1.3182747141213952e-07
212199306.19996735,-0.7454672099842794,-0.003714737136095592,1.444786233983919e-07,-1.081905896985029e-07
212199606.18076736,-0.7454680301697522,-0.0037146842073785694,2.7285211567917855e-07,-2.4531929980562556e-07
212199726.1903673,-0.7454684041728196,-0.0037145445791021466,2.7809089564456713e-07,-1.8164402371644017e-07
212199846.1999663,-0.7454689696939535,-0.0037145219786060293,9.16755887869769e-08,-2.3494973247625492e-07
212199964.22236732,-0.7454691389215911,-0.003714223752223828,2.9514303501176897e-07,-1.132665158930582e-08
212200085.18236732,-0.7454696189117579,-0.0037144625090832243,1.9698665720824238e-07,-3.264959979902213e-07
212200205.1919663,-0.7454701350497205,-0.0037143080850320417,5.954393811347103e-08,-2.4783595098908096e-07
212200326.1519663,-0.7454703872014994,-0.003713993590842966,1.8894628417420734e-07,-9.656907671955206e-09
212200446.1615663,-0.7454705737444864,-0.003713979898858192,3.8081982300930406e-07,-7.16315898298403e-08
212200565.2207673,-0.7454710058244769,-0.003714091451089148,3.2402145255794323e-07,-2.582027891565031e-07
212200685.14396727,-0.745471657360254,-0.00371397017824879,5.0351011582350225e-08,-2.124441405870238e-07
212200806.19036627,-0.7454718624969533,-0.0037138996695556827,2.2647595931957198e-07,-2.1810645986627616e-07
212200925.16316727,-0.7454723638322907,-0.003713744877854592,9.973063763712986e-08,-1.3813114785972067e-07
212201105.22076625,-0.7454727925548849,-0.003713638686614652,2.3765960999178048e-07,-1.450749599128491e-07
212201226.18076622,-0.7454731205323544,-0.0037135849787608348,2.901693354484536e-07,-1.6730493034673374e-07
212201345.15356624,-0.745473526458984,-0.003713384283332006,2.583365399377868e-07,-4.124866792099349e-08
212201466.1999672,-0.745473994809083,-0.003713494446459937,1.7045476685684235e-07,-2.272994453498059e-07
212201586.2095662,-0.7454743265053031,-0.003713429375369029,2.1582237030859375e-07,-2.3741340818023843e-07
212201705.1823672,-0.7454746224147214,-0.0037135283781849953,2.935754305211091e-07,-4.1089964735330914e-07
212201825.19196722,-0.7454752662465643,-0.0037131296841062676,2.6516729811909556e-08,-8.72851467358278e-08
212201945.2015662,-0.7454754383255895,-0.0037133699516083848,2.3106394142491382e-07,-4.025786569258026e-07
212202066.16156617,-0.7454758829128942,-0.003713060241889314,1.6593623564098436e-07,-1.684344863401785e-07
212202185.2207662,-0.7454760628633609,-0.0037130028542631454,3.5933545872168793e-07,-1.8537099746081948e-07
212202305.14396617,-0.7454765161442943,-0.0037128125010961474,2.8196555801329737e-07,-6.982681413723185e-08
212202425.15356615,-0.7454769325039567,-0.003713035930120309,2.4163842837765515e-07,-3.680635372229485e-07
212202546.19996613,-0.7454771758903915,-0.0037126479013789696,3.773812351504091e-07,-5.543244356457158e-08
212202666.20956716,-0.745477694757621,-0.00371264018058921,2.3424461714771638e-07,-1.2240722486664413e-07
212202785.18236715,-0.7454780921848058,-0.0037126660992761323,2.0915270271260056e-07,-2.2232044673275997e-07
212202905.19196612,-0.7454783981391414,-0.003712497286384458,2.786271882104785e-07,-1.28090304146386e-07
212203025.20156613,-0.7454787080784218,-0.0037126172588045686,3.4396426507044e-07,-3.225881922757842e-07
212203146.1615661,-0.7454792237334115,-0.0037123001517301774,2.0640267717197958e-07,-8.053838917174497e-08
212203266.17116708,-0.7454795442010073,-0.003712314992599181,2.6090344684703837e-07,-1.6978843632789453e-07
212203445.1919671,-0.7454801187773543,-0.0037121826433855446,2.453881844388661e-07,-1.4832798064497513e-07
212203686.1615671,-0.7454809802799448,-0.0037122132267917193,1.3585982094888038e-07,-3.279641422912309e-07
212203925.14396706,-0.7454815832058508,-0.0037119395307114054,2.780839097882293e-07,-2.0185250975118113e-07
212204166.19996703,-0.7454825024461412,-0.0037119669676809568,1.0982579812246485e-07,-3.779097733740133e-07
212204465.14396602,-0.745483328257725,-0.0037116323697976533,2.1444896136646463e-07,-2.2727569426060287e-07
212204645.201566,-0.7454838163361311,-0.003711436009284696,2.8630317194799915e-07,-1.4153097316295035e-07
212204825.17276698,-0.7454843145084543,-0.003711409445682929,3.474320848795287e-07,-2.2538715160414294e-07
212205005.143966,-0.7454848782182962,-0.003711127901664311,3.426588605082159e-07,-5.4118516921736887e-08
212205245.16316697,-0.7454856892756588,-0.0037112305491615407,2.7645839517642656e-07,-3.0360785661454406e-07
212205546.18076694,-0.7454866393286796,-0.0037109631936647204,2.596311108327143e-07,-2.2004024359490934e-07
212205785.16316694,-0.7454876690699023,-0.0037108536187278086,-2.9949806967799475e-08,-2.560778942263531e-07
212206205.1535669,-0.7454885334703424,-0.0037104558290886745,4.048106748699709e-07,-1.1353581484728828e-07
212206385.21116692,-0.7454893536556051,-0.0037104029055074683,1.4096793043982814e-07,-1.6978238389416672e-07
212206565.18236688,-0.7454898373151949,-0.003710192689018752,2.1300235542032198e-07,-6.852599945036258e-08
212206745.15356588,-0.7454904698221884,-0.003710403164902815,1.3580603819285386e-07,-3.8780281000393504e-07
212206925.21116585,-0.7454909750218388,-0.0037101453697997028,1.857981788422336e-07,-2.387000151565788e-07
212207105.18236685,-0.7454914652738044,-0.0037099788495119387,2.5008445192487017e-07,-1.8065754190136826e-07
212207286.19036683,-0.7454920928789546,-0.0037100127844530823,1.798199245062193e-07,-3.2352993898981594e-07
212207525.1727668,-0.7454928016701303,-0.003709725684621608,2.0627229135872227e-07,-1.8000213400544418e-07
212207766.14236578,-0.7454937122170365,-0.003709633768109092,3.6380793710932835e-08,-2.3255234651636467e-07
212208006.16156578,-0.7454942477224985,-0.0037094019298381077,2.3790470504714278e-07,-1.4430864909726476e-07
212208245.14396676,-0.745495043421564,-0.003709387348481051,1.753482588018329e-07,-2.723980283766969e-07
212208485.16316676,-0.7454957942300281,-0.0037092089786345222,1.6015287673809553e-07,-2.370092372877379e-07
212208845.19196674,-0.7454969934656455,-0.0037091013301094153,6.299353005889685e-08,-3.4324405588344667e-07
212209145.1727667,-0.745497786654197,-0.003708802583054913,1.8682993285779048e-07,-2.2216018221495742e-07
212209385.1919657,-0.745498535699288,-0.003708802880487401,1.7069341096132007e-07,-3.6424500253354544e-07
212209565.16316566,-0.7454992614667061,-0.0037085459892391825,-6.0034893722971105e-09,-2.1345421073563908e-07
212209745.22076568,-0.7454997684769236,-0.003708547141605229,3.590782760021227e-08,-3.205721542057921e-07
212210105.16316664,-0.7455007783688353,-0.003708352304084749,1.220888879993609e-07,-3.37000492089002e-07
212210285.22076565,-0.7455010970987843,-0.0037080623794147373,3.510334934953008e-07,-1.5247428581180444e-07
212210585.20156562,-0.7455021134376594,-0.0037080028810896545,2.462042564266298e-07,-2.6814467359720373e-07
212210826.17116562,-0.7455028140189026,-0.0037077591112190844,2.7697697424500234e-07,-1.6469316906466205e-07
212211065.15356657,-0.745503459372416,-0.003707802654280314,3.5619754479299104e-07,-3.4704856902894113e-07
212282226.18076205,-0.7456985304659276,-0.003689525590825185,-6.126328999656039e-09,-1.9446620052330013e-07
212282465.163161,-0.7456991176980431,-0.0036898014206933356,6.240854455441536e-08,-4.590843075986256e-07
212282646.17116103,-0.7456995677391657,-0.00368978514468659,1.0918123605208052e-07,-4.3404968657484444e-07
212282765.14396203,-0.7456998278193033,-0.0036896106258714934,1.7570588739523885e-07,-2.536485874849066e-07
212282885.15356198,-0.7457002289596688,-0.0036896252072769046,1.0406368966542345e-07,-2.621955086505069e-07
212283005.163162,-0.7457005085845022,-0.00368971924153017,1.5398389230369958e-07,-3.5009377530835495e-07
212283126.209562,-0.7457009142180824,-0.003689701858764601,8.078936530875325e-08,-3.264190603334549e-07
212283246.219162,-0.7457013131117743,-0.003689732422422055,1.1533356936155315e-08,-3.506424585807827e-07
212283426.19036096,-0.7457017812758757,-0.003689496647008898,3.779201107612096e-08,-1.051679145917632e-07
212283546.19996196,-0.7457020129987962,-0.003689463473474896,1.3581926461281313e-07,-6.53991619964725e-08
212283725.22076097,-0.7457026088182507,-0.003689466869850482,3.1976798098298786e-08,-5.876726092909901e-08
212283845.14396194,-0.7457029350971209,-0.003689546029140944,3.531960734992623e-08,-1.310812852593421e-07
212283965.15356094,-0.7457032357154256,-0.003689475623344634,6.460330026492045e-08,-5.372273191237009e-08
212284085.16316193,-0.7457035788933472,-0.003689630812260194,5.136973024733038e-08,-2.018561468444119e-07
212284266.17116094,-0.7457040072418768,-0.0036897537569121693,1.207484142673465e-07,-3.1396445388702857e-07
212284385.1439619,-0.7457044337189129,-0.0036896635769982375,2.1468129718371642e-08,-2.1653429754884407e-07
212284505.1535609,-0.7457045426035706,-0.003689613594568652,2.4267197662464213e-07,-1.5913561301995546e-07
212284625.1631619,-0.7457050606910084,-0.0036896265094773727,5.471307706894635e-08,-1.6453083420122847e-07
212284745.1727619,-0.7457052872217566,-0.0036896000802184433,1.5835037303624233e-07,-1.3047829570869002e-07
212284866.21916187,-0.7457057724584751,-0.0036897863045571213,6.173613398274824e-09,-3.0890839313423013e-07
212284985.19196087,-0.7457059872823059,-0.0036896771017173756,1.1874234417952323e-07,-1.9194181262709858e-07
212285105.20156088,-0.7457062900721659,-0.0036896365354171317,1.46235915376991e-07,-1.4344048041839072e-07
212285225.21116188,-0.7457066526957895,-0.0036896684867033813,1.1393313714691544e-07,-1.673524843170439e-07
212285346.17116085,-0.7457069645472957,-0.0036895181706326965,1.3505572427074952e-07,-8.827800731733837e-09
212285466.18076083,-0.7457072805167702,-0.0036895649970862345,1.4948061699548987e-07,-4.740512999723903e-08
212285585.15356183,-0.7457076109884371,-0.003689795477965863,1.465843002534939e-07,-2.6960473795741707e-07
212285705.16316184,-0.7457078561911807,-0.0036896664121087537,2.3184673092480068e-07,-1.3208095138005777e-07
212285825.1727608,-0.7457082640712146,-0.0036896330480952954,1.5446662948725987e-07,-9.015388743090907e-08
212285885.1823618,-0.7457086311880732,-0.0036896330353515527,-4.737416925415516e-08,-8.581979507593651e-08
212286065.1919608,-0.7457090772842574,-0.0036897655877181695,2.3556064876473215e-09,-2.0525132216672043e-07
212286185.20156083,-0.7457092039169015,-0.0036897252125267822,2.0632397657038837e-07,-1.5599662631440858e-07
212286305.2111618,-0.7457096480667571,-0.0036896904617013068,9.280775903341976e-08,-1.1226044149348705e-07
212286425.2207608,-0.7457099322595793,-0.00368970671113377,1.3928065378809862e-07,-1.1941847165904823e-07
212286545.1439618,-0.7457103823003739,-0.0036896904365495845,1.9699033959597045e-08,-9.395291127121258e-08
212286665.1535608,-0.7457106330936911,-0.00368976313242432,9.963396585543904e-08,-1.5734480086904146e-07
212286851.17276075,-0.7457111290897753,-0.003689706762697487,1.1633859819948356e-07,-8.634277510761318e-08
212286966.17116076,-0.7457114249142325,-0.0036898516072401185,1.3750513050414526e-07,-2.220130734861131e-07
212287084.19356176,-0.7457117537398142,-0.0036897314998656514,1.3403393439581635e-07,-9.238793621888647e-08
212287205.15356076,-0.7457120622702954,-0.0036898010529168883,1.5898464589270134e-07,-1.5207862852622406e-07
212287325.16316172,-0.7457125226201666,-0.0036898171118755012,2.9523912203899272e-08,-1.5824477501416231e-07
212287445.1727617,-0.745712877654485,-0.003689963432664757,5.406223690940237e-09,-2.945650298693224e-07
212287565.18236172,-0.74571310054085,-0.0036899025456575826,1.1346344153118082e-07,-2.2356955951732121e-07
212287745.1535607,-0.7457135225995583,-0.003689798509768286,1.8775030796724934e-07,-1.0417186994439442e-07
212287925.2111617,-0.7457140974244262,-0.003689966348330302,1.0956691365304749e-07,-2.563971788255466e-07
212288105.1823617,-0.7457144965430237,-0.0036898594494867362,2.069072277954831e-07,-1.3364789474418215e-07
212288286.19036067,-0.7457151714160852,-0.003689949591891973,3.1407510370229375e-08,-2.076010720227818e-07
212288525.17276067,-0.7457157407256642,-0.0036898698478546816,1.2149414674311743e-07,-1.0610119804358581e-07
212288705.14396164,-0.7457161669018888,-0.0036899629547838524,1.9194945100053928e-07,-1.8253690081508622e-07
212288886.15196064,-0.7457167102507172,-0.003689916931084725,1.4814143656227685e-07,-1.1949595074599653e-07
212289065.17276162,-0.7457171898210639,-0.0036899472168356938,1.6267345770426545e-07,-1.327039267427603e-07
212289245.1439616,-0.7457177039629492,-0.0036901089607548083,1.4530113212618545e-07,-2.7703069213798337e-07
212289425.20156062,-0.7457181452422654,-0.0036900191516104188,2.0107225895404923e-07,-1.6954569962996519e-07
212289605.1727606,-0.7457186115579761,-0.0036900078662024023,2.3160905238128748e-07,-1.403419248231265e-07
212289785.14396158,-0.7457190740790568,-0.0036900537652708905,2.6597922675453134e-07,-1.6807089099971084e-07
212289966.15196058,-0.7457197290323254,-0.003690104462199329,1.1081702133708404e-07,-2.0023831439697562e-07
212290145.17276153,-0.7457202034855757,-0.0036900956710587377,1.3070283966243323e-07,-1.7286902278786445e-07
212290325.14396155,-0.7457207096400316,-0.00369016327868937,1.2154509987372109e-07,-2.2154637718471704e-07
212290566.19996154,-0.7457213216584787,-0.003690217487763792,1.752603068227998e-07,-2.500003240205745e-07
212290805.1823615,-0.7457220212446879,-0.003690131828311906,1.357327089612781e-07,-1.3835375234534653e-07
212290985.1535615,-0.7457224933759172,-0.003690184840938145,1.607052777519158e-07,-1.71496896302515e-07
212291165.2111615,-0.7457230056468456,-0.003690133461050443,1.458018881184131e-07,-9.997973297566978e-08
212291285.18236148,-0.7457234501940577,-0.0036903072175687186,3.266047710059894e-08,-2.60175098161855e-07
212291525.1535605,-0.7457239113174031,-0.0036903026769056864,2.3445731645033163e-07,-2.2816260942647854e-07
212291765.17276144,-0.7457245967997684,-0.0036902418690927708,2.1206302958098888e-07,-1.3941392178586434e-07
212291945.14396146,-0.7457251021047109,-0.0036903758998570713,2.0397549016504257e-07,-2.5218868135229097e-07
212292306.20956144,-0.7457261664850674,-0.003690352033758308,1.371790870896561e-07,-1.8488483741023465e-07
212292486.18076143,-0.7457266192448895,-0.003690482463409214,1.8167913318212214e-07,-2.9326609298462036e-07
212292665.2015614,-0.7457272046787166,-0.0036904993520951723,9.088988539573961e-08,-2.8795955017701935e-07
212292845.17276138,-0.7457276961808467,-0.0036904749489812287,9.666740263813978e-08,-2.409778152604944e-07
212293026.1807614,-0.745728148392428,-0.003690488515965543,1.4460774810931554e-07,-2.3156662443428108e-07
212293206.15196037,-0.7457285348045516,-0.003690456910243831,2.5548851267931383e-07,-1.7684549469048835e-07
212293385.17276037,-0.7457291298485945,-0.0036904809123737485,1.5511534967593832e-07,-1.7758742151081572e-07
212293565.14396134,-0.7457296332076967,-0.003690447640552914,1.490558058092617e-07,-1.2066271857895383e-07
212293746.15196034,-0.7457300021940301,-0.0036906607546816237,2.802348677555244e-07,-3.097145315931679e-07
212293926.20956135,-0.7457306402479592,-0.0036906354240099793,1.3971950785229836e-07,-2.6017515379790634e-07
212294105.1439613,-0.7457311390382024,-0.003690679937950176,1.3536196519225996e-07,-2.80361007560289e-07
212294285.20156032,-0.7457315668368675,-0.003690686023151028,2.0509584564010197e-07,-2.616923914160012e-07
212294465.1727613,-0.7457322055140746,-0.0036907317342981696,6.37071134734768e-08,-2.823869901693969e-07
212294646.18076128,-0.7457326733772834,-0.003690679248511991,9.599029082707489e-08,-2.0446266893459075e-07
212294885.16316128,-0.7457333786278131,-0.003690749531575427,5.106299050261498e-08,-2.407311230192069e-07
212295125.18236023,-0.7457339826585327,-0.003690709606148995,1.1020183976473419e-07,-1.6615069283170553e-07
212295366.15196025,-0.745734702636057,-0.003690826079942286,5.599777308518128e-08,-2.4733317158546694e-07
212295546.20956022,-0.7457350785129355,-0.0036908996056414694,1.7758445403082135e-07,-2.9416065335397673e-07
212295725.14396122,-0.7457357372598907,-0.003690893121232678,1.3182330005356846e-08,-2.608657660588612e-07
212296025.2111612,-0.745736458237429,-0.0036908515302448075,1.2116647851723172e-07,-1.7368804713143587e-07
212296205.1823612,-0.745737144965744,-0.0036909328079963405,-6.840122068751953e-08,-2.272461816182729e-07
212296445.2015602,-0.745737603917179,-0.0036908984299371525,1.3565477408050697e-07,-1.5545662342044547e-07
212296685.22076017,-0.7457384392177617,-0.0036911002621964747,-3.667841841359376e-08,-3.193688054422758e-07
212296925.15356016,-0.7457389780722116,-0.003691086206224522,8.715276245130354e-08,-2.668958301332326e-07
212297165.1727611,-0.7457396507719154,-0.0036911465141879506,7.733117524111321e-08,-2.882599212127891e-07
212455685.1535523,-0.7462692661601433,-0.0037911431208415298,1.0026807206742205e-07,-2.904251894825932e-07
212455985.2207513,-0.7462707345268693,-0.0037911433094922555,-1.0061035538022622e-07,-1.0393263993229221e-07
212456165.19195127,-0.7462713130131893,-0.003791299877560653,8.153162622814847e-08,-1.4887714837926586e-07
212456346.19995227,-0.7462721383339882,-0.003791240398204944,2.1540288108745642e-08,2.2610019910582896e-08
212456526.17115125,-0.7462728387104142,-0.0037915260386531514,8.242376625666736e-08,-1.5192151333947787e-07
212456705.19195226,-0.7462735524160611,-0.0037918074314354424,1.2626558032469148e-07,-3.230466739303356e-07
212456885.16315225,-0.7462742384742975,-0.003791817774656084,2.0208260909093667e-07,-2.2279274890799408e-07
212457125.1823512,-0.7462752907670381,-0.003791894587614407,1.6633939181609492e-07,-1.5250661277018893e-07
212457305.15355122,-0.7462762045736494,-0.003792020621970279,1.511168812307062e-08,-1.6854235375916848e-07
212457486.16155222,-0.7462767832206271,-0.003792085548930695,2.037354591699625e-07,-1.2309559800811887e-07
212457665.1823522,-0.7462776791202335,-0.003792293615746184,6.697448784453996e-08,-2.222554369491793e-07
212457905.2015512,-0.7462788010839962,-0.003792312608324475,-3.673752513311257e-08,-9.563053050311299e-08
212458145.2207512,-0.7462797461263533,-0.003792352363777804,3.697923656176272e-08,9.776086309833815e-09
212458386.19035116,-0.7462807078958886,-0.0037925597933601307,9.85053395519131e-08,-5.237444855804921e-08
212458625.17275116,-0.7462817215911949,-0.0037926997918664666,1.0015646256800181e-07,-4.8744701159134096e-08
212458805.14395213,-0.7462825352656228,-0.0037929493281995946,5.142920533884876e-08,-1.9041584528416144e-07
212458986.15195113,-0.7462832990507451,-0.0037929501682479033,5.7269193942666163e-08,-8.302680856546452e-08
212459165.1727521,-0.7462841838685202,-0.0037931465028809325,-6.610862623990243e-08,-1.7257437107511334e-07
212459345.1439521,-0.7462847646826303,-0.0037932412705552368,1.1882113004624273e-07,-1.6024228964876472e-07
212459525.2015511,-0.746285468243467,-0.0037933986890193653,1.8163087023292945e-07,-2.107644608488439e-07
212459705.1727511,-0.746286354532978,-0.0037935996434540612,6.159986243314819e-08,-3.05128427759236e-07
212459886.1807521,-0.7462873318292538,-0.0037933950573366374,-1.4476908505312025e-07,6.405781824685847e-09
212460245.17275205,-0.7462889879529375,-0.0037935236885621626,-2.711758393392216e-07,8.91242058586976e-08
212460425.14395207,-0.7462893286153672,-0.003794661776684562,1.554096041855857e-07,-9.433889781936163e-07
212461145.20155102,-0.7462931508354037,-0.003794054331533209,-5.94724255953416e-07,8.392742759056812e-08
212461385.22075102,-0.7462934596272036,-0.003794378261336092,1.2132619819915647e-07,-1.0094251166794382e-07
212461624.203152,-0.746294596147977,-0.0037945350935953866,5.611841324970612e-09,-1.1976000823324395e-07
212461806.16155097,-0.7462952472476072,-0.003794643083057803,1.3199915860351297e-07,-1.2296349497561282e-07
212461986.21915197,-0.7462960116464803,-0.0037947149670572726,1.371802773597608e-07,-9.140836851372416e-08
212462226.151951,-0.7462970874084268,-0.0037949115157295387,8.723604927318718e-08,-1.5051019776161911e-07
212462406.20955196,-0.7462977867133399,-0.003794963436936376,1.579969508558321e-07,-9.957602838291113e-08
212462585.14395195,-0.7462986494482186,-0.003795090486447711,6.072510383425822e-08,-1.2465905646109887e-07
212462765.20155194,-0.7462994042379774,-0.0037951552565427095,7.640218990800918e-08,-8.707103636446806e-08
212462945.1727519,-0.7463003342340621,-0.003795332109086112,-8.330067713391287e-08,-1.6186319273629735e-07
212463126.18075192,-0.7463008804131203,-0.0037953412374670506,1.4544549753470193e-07,-6.859350009909629e-08
212463306.15195093,-0.7463016207734579,-0.0037956141405973264,1.757616912012594e-07,-2.3993349203103864e-07
212463485.1727509,-0.7463024418860795,-0.003795840956869439,1.2144051331208772e-07,-3.6596825989066925e-07
212463665.1439519,-0.7463031517374491,-0.003795787750972136,1.8263386525330105e-07,-2.116919694218275e-07
212463905.1631519,-0.7463041647339108,-0.003795902535936726,1.98222891101274e-07,-1.9206732545726246e-07
212464205.14395186,-0.7463056387404223,-0.003796058679511871,1.0200792655012947e-08,-1.8083739554679984e-07
212464386.15195087,-0.7463063336284339,-0.0037960967446818163,9.150343838193464e-08,-1.1823893028692009e-07
212464565.17275184,-0.7463070719822027,-0.0037962481676019366,1.2098485646649948e-07,-1.7034654020914655e-07
212464746.18075183,-0.7463078202683091,-0.003796223421391013,1.4922175761711287e-07,-4.5427965770193646e-08
212464925.20155084,-0.7463087643690212,-0.003796375427664122,-2.6721446499955448e-08,-9.86038068188054e-08
212465764.1455508,-0.746312216855508,-0.003796842436236261,1.2262514037519878e-07,-1.0565775457023821e-07
212465945.15355077,-0.7463128878664662,-0.0037969898785326062,2.2915178821136806e-07,-1.5454868762315374e-07
212466125.21115178,-0.7463138009726858,-0.003797090702709917,8.964054287741163e-08,-1.575796727232119e-07
212466305.18235177,-0.7463145824196066,-0.0037971469808374806,8.155370967433129e-08,-1.1635088574416322e-07
212466485.15355173,-0.7463153994383127,-0.003797176658440482,3.802829551258213e-08,-4.8760302795436417e-08
212466785.22075075,-0.7463166335149244,-0.0037974092642361124,9.389013411187364e-08,-1.1971947789244167e-07
212466965.19195074,-0.7463172815873671,-0.0037975538403131988,2.196512989272037e-07,-1.6766132302902664e-07
212467145.1631517,-0.7463181345490706,-0.0037977654219556274,1.4064522180223804e-07,-2.8284534002009226e-07
212467325.22075072,-0.7463190158033646,-0.0037978814858465933,3.3837188606611335e-08,-3.027015147479689e-07
212467505.19195172,-0.7463198898594812,-0.0037978828116770435,-6.602824631496418e-08,-2.0810126944879534e-07
212467686.19995168,-0.7463203080178243,-0.0037978818553070903,2.945781307772677e-07,-1.109030530032501e-07
212467865.2207507,-0.7463212434467529,-0.00379791450744104,1.2947372651783695e-07,-4.860296620029514e-08
212546465.20154792,-0.7466631557523147,-0.0038174134642837898,8.929665573642609e-08,-2.779779696626336e-07
212546645.1727479,-0.7466640034609806,-0.0038172400870885095,3.715242713475675e-08,-1.3043253289241052e-07
212546826.1807479,-0.7466646434494535,-0.0038173364112801147,1.9715574406387049e-07,-2.5310063777065836e-07
212547007.1887469,-0.7466653726509823,-0.003816814083481422,2.6778613559930164e-07,2.425198263561294e-07
212547425.19194788,-0.7466680120558553,-0.003817057042695093,-5.251911319170688e-07,-6.349814108937493e-08
212548985.1439478,-0.7466742946164351,-0.0038170298546117893,7.451741868003126e-08,-2.8849591331711957e-07
212549165.2015478,-0.7466749306135588,-0.0038168832183928373,2.319822122176518e-07,-1.7265985190065627e-07
212549346.2095468,-0.7466759910953772,-0.003817308616229868,-3.10549159721063e-08,-6.293694616616059e-07
212549525.14394778,-0.7466766533120908,-0.0038169908052986656,9.483185170466868e-08,-3.4285448317732115e-07
212550065.14394775,-0.7466790123468837,-0.0038167684743149297,1.1291259272017129e-07,-2.1702622702820043e-07
212550365.21114776,-0.7466801947720458,-0.0038168853520044333,2.50549990643556e-07,-3.888551107934096e-07
212550485.18234774,-0.746681041787075,-0.0038166867589424685,-6.886020109675428e-08,-2.1249594866091376e-07
212550725.15354672,-0.7466819232571578,-0.00381666545329008,1.0470014821795104e-07,-2.3611341571890335e-07
212550905.21114773,-0.746682614566267,-0.0038166233148734874,2.047402940519305e-07,-2.2807480810297515e-07
212551085.1823477,-0.7466834228953193,-0.003816533722045331,1.8714418303922287e-07,-1.7290052018673757e-07
212551267.1407467,-0.7466842947574872,-0.0038165053012956017,1.1450216352848486e-07,-1.7961773366315797e-07
212551445.21114668,-0.7466849821751738,-0.0038165661669063815,2.0898655983536685e-07,-2.751997091147984e-07
212551625.18234667,-0.7466858460709548,-0.0038164436085974204,1.3509397223110398e-07,-1.8805804643607163e-07
212551805.1535467,-0.7466866956043011,-0.0038164833598635776,7.531397072657597e-08,-2.635562180290131e-07
212551986.1615477,-0.7466875239270717,-0.0038163873987364194,4.103891515505609e-08,-2.0387983075019142e-07
212552165.18234766,-0.7466881372554577,-0.0038164922196658505,2.1278563422377772e-07,-3.449133302350048e-07
212552345.15354666,-0.7466886738064948,-0.003816494294089441,4.6521855856518357e-07,-3.837183252986161e-07
212552525.21114767,-0.7466896759325694,-0.003816459994994597,2.5219209931481856e-07,-3.8649306068278336e-07
212552705.18234763,-0.7466904044559532,-0.003816304239195681,3.121234445346843e-07,-2.6811753708628344e-07
212552885.1535476,-0.7466912978682032,-0.0038162282495698375,2.0689653623673365e-07,-2.2983110425488923e-07
212553065.21114764,-0.7466921104416475,-0.0038162441586615217,1.8261404011177262e-07,-2.8378339275410627e-07
212553185.18234763,-0.7466929979675141,-0.0038161496918538216,-1.7983176525682154e-07,-2.1484263788102906e-07
212553425.1535466,-0.7466937225142747,-0.0038161427611174085,1.455361842150893e-07,-2.593958889855058e-07
212553604.1743476,-0.7466943611992547,-0.0038161428298071273,2.8977137334074143e-07,-2.982403877124784e-07
212553785.1823476,-0.7466952399806591,-0.0038159748263188976,2.0231393815794974e-07,-1.697616700503321e-07
212553965.1535466,-0.7466960805988635,-0.003816032684286919,1.4819791793740933e-07,-2.672342838574808e-07
212554145.21114656,-0.7466966985115542,-0.003816059723334337,3.1687338486463545e-07,-3.342213026509555e-07
212554325.18234655,-0.7466974454720773,-0.0038159388012420255,3.558290369021222e-07,-2.535408867750111e-07
212554506.19034657,-0.7466981876774827,-0.0038159873043582997,4.0376730781055414e-07,-3.428317144798035e-07
212554745.17274752,-0.7466994238430676,-0.0038158581000554597,2.1035147446113456e-07,-2.679593075110079e-07
212554925.14394754,-0.7467001988484785,-0.003815779126532682,2.2025867585373504e-07,-2.3026090272340594e-07
212555106.15194654,-0.7467010017285192,-0.003815833742799165,2.0650286658430161e-07,-3.2669991802602646e-07
212626745.14394447,-0.7469850245430905,-0.0037821164337647492,1.4849380247650146e-07,-1.2027414547730736e-07
212626985.16314444,-0.7469858757973212,-0.0037820234167903833,1.7668416318894486e-07,-1.9505036156445416e-07
212627165.22074345,-0.7469866419703948,-0.0037819167913232927,6.985948031168476e-08,-2.145304178308681e-07
212627345.19194445,-0.746987298229067,-0.003781626383854203,7.229281984155733e-08,-5.0364176878894135e-08
212627525.16314444,-0.7469879028013668,-0.003781657720629841,1.2606985277940908e-07,-2.081372683783271e-07
212627705.22074342,-0.7469886780673942,-0.0037814413505542935,9.123521493847875e-09,-1.1845834195804358e-07
212627885.1919434,-0.7469893183913553,-0.0037813544525274754,2.6455064361385894e-08,-1.5838360678619573e-07
212628065.1631434,-0.7469899213327025,-0.0037810810255331007,8.081821489813734e-08,-1.1971670882491431e-08
212628245.22074342,-0.7469906175621261,-0.0037811696698283733,4.1854787746764543e-08,-2.2788277080545288e-07
212628425.1919444,-0.7469914119537722,-0.00378101335424902,-9.594293781667318e-08,-1.9896245690006684e-07
212628605.16314438,-0.7469919865880259,-0.003780835439547239,-1.434269458755466e-08,-1.486313405932478e-07
212628785.2207434,-0.7469925425221681,-0.00378076015342765,8.591019728942939e-08,-2.0117733567567853e-07
212628965.19194338,-0.7469933288666223,-0.0037805555205135703,-4.4927245257397885e-08,-1.2450119765954754e-07
212629145.16314438,-0.7469939342186624,-0.003780566257753396,4.859825875058732e-09,-2.633799673166376e-07
212629325.22074336,-0.7469945711749529,-0.003780307439290486,2.298614310003444e-08,-1.3294822033202425e-07
212629505.19194436,-0.7469952052775941,-0.003779993561142649,4.3278094663534716e-08,5.2422463945722e-08
212629685.16314435,-0.7469958803780797,-0.003780292457543922,2.2195751236964156e-08,-3.7516246693741415e-07
212629865.22074336,-0.7469964162476714,-0.003779877574169666,1.4027869854604802e-07,-8.920934271329506e-08
212630045.19194433,-0.7469971355019193,-0.0037799232706705226,7.428094050965228e-08,-2.6395281512315433e-07
212630225.16314432,-0.7469978722513103,-0.0037797242571095627,-9.597000083516605e-09,-1.941634883654425e-07
212630405.22074333,-0.7469984782242142,-0.0037794142499592166,3.7226785543076346e-08,-1.3618706178400442e-08
212630585.19194332,-0.7469990613309581,-0.0037794473366182255,1.0621261814502958e-07,-1.7628031884295986e-07
212630765.16314328,-0.7469997810287292,-0.003779263929965753,3.821376559631773e-08,-1.226219671405203e-07
212630945.2207433,-0.7470003134239782,-0.0037791147325989156,1.5743347825392107e-07,-1.0340733110417166e-07
212631185.15354428,-0.7470012098598487,-0.003779002242614755,1.286746076356593e-07,-1.643889677893813e-07
212631365.21114427,-0.7470019382072629,-0.0037789381951022338,5.100511513145278e-08,-2.3072056366639504e-07
212631485.18234426,-0.7470024551995393,-0.003778717582600202,-3.267022075092996e-08,-9.707196304805168e-08
212631725.15354326,-0.7470031977450804,-0.0037785828690721454,9.097716680006585e-08,-1.3652881488768545e-07
212631965.17274424,-0.7470040875162629,-0.0037784725023149055,6.683960740438977e-08,-2.0066022645131437e-07
212632145.14394423,-0.7470047457607698,-0.00377830357938236,5.717976736541175e-08,-1.6276970971236537e-07
212632324.1647432,-0.7470053506877642,-0.003778151636290944,9.699703407139992e-08,-1.413272248396158e-07
212632505.17274323,-0.7470059541436036,-0.003777995073772147,1.450183217954759e-07,-1.1687487995416454e-07
212632685.14394423,-0.7470066921868647,-0.003777892323144239,5.429496108266818e-08,-1.4563672362565352e-07
212632865.2015442,-0.7470071800917865,-0.003777787823760142,2.135931130853308e-07,-1.7287016173487407e-07
212633045.17274418,-0.7470079816619724,-0.003777746251217646,5.8485188580981173e-08,-2.6312290614741163e-07
212633225.1439442,-0.7470085778508325,-0.0037775207707454427,1.083255687372997e-07,-1.696218857559495e-07
212633405.2015432,-0.7470092658742813,-0.0037772609564485373,6.620529990897239e-08,-4.200319087118917e-08
212633585.17274317,-0.7470100110957161,-0.0037772729457056825,-3.3861739190399476e-08,-1.8627584003451728e-07
212633765.14394417,-0.7470104575413462,-0.003777176561986221,1.6440542605078434e-07,-2.2232519485783017e-07
212633945.20154318,-0.7470112579069247,-0.0037769929084581753,8.617372038166593e-09,-1.7131659185579476e-07
212634124.22234318,-0.7470117332625447,-0.0037768720540316044,1.736838357579984e-07,-1.8248882178127646e-07
212634305.14394414,-0.7470123916850426,-0.00377661149110156,1.620307618077632e-07,-5.5500254418725664e-08
212634545.16314414,-0.7470133473232108,-0.003776500502868182,6.372070493476656e-08,-1.219417725983364e-07
212634726.17114314,-0.7470139801136528,-0.003776482153279863,7.693843373512976e-08,-2.3756565703959148e-07
212634905.19194415,-0.747014659221469,-0.003776240443587566,3.6289342197903807e-08,-1.2849782801346854e-07
212635085.1631441,-0.7470152219982525,-0.0037760713972539235,1.1489963769317768e-07,-9.293552242399875e-08
212635265.22074312,-0.7470159139908957,-0.003776054546623409,6.41364936715405e-08,-2.0976987210631626e-07
212635445.19194412,-0.7470167174768325,-0.00377578849198114,-9.889568564069862e-08,-7.747127540999252e-08
212635685.21114412,-0.7470174812210023,-0.0037757894960093064,-9.229532804688745e-09,-2.5706709693047725e-07
212635865.18234408,-0.7470180782793118,-0.003775497595868668,3.3063097371055505e-08,-9.923222695461253e-08
212636105.2015431,-0.7470188828806671,-0.003775419444237945,8.039126553338605e-08,-2.000789270559765e-07
212636285.17274308,-0.7470195011374036,-0.0037752632587936463,1.0036765496490574e-07,-1.782591644494333e-07
212636465.14394408,-0.747020087028709,-0.0037750054435607182,1.5222592619767994e-07,-5.4935621306324844e-08
212636825.17274305,-0.7470214535379787,-0.003774824668444176,6.005987196466833e-08,-1.4358003234049219e-07
212637005.14394405,-0.7470220141527469,-0.0037746257835555006,1.3572754109514307e-07,-7.955501671189427e-08
212637185.20154306,-0.7470226729998353,-0.0037745279049802337,1.1297365065665588e-07,-1.167205273587893e-07
212637365.172744,-0.7470231795169758,-0.0037743666003243964,2.417473649041213e-07,-9.051289864229345e-08
212637545.14394403,-0.7470239772755767,-0.0037743822138065087,7.877996299754386e-08,-2.4133943994815443e-07
212637725.20154303,-0.7470245556332825,-0.003774192943110932,1.350155527379826e-07,-1.8746114410729195e-07
212637905.17274302,-0.7470251139969215,-0.0037740100397898936,2.1043567866030344e-07,-1.3999793708205713e-07
240026286.21982667,-0.6876289898183947,-0.004887198325440873,-9.866614691933506e-08,-1.6177723433444258e-08
240026406.1430256,-0.6876296020654828,-0.0048872997499988975,1.4777446266656113e-08,-1.8884511597885845e-07
240026526.15262657,-0.6876303032377109,-0.004887069634169945,3.9707243715270124e-08,-3.014154602125341e-08
240026586.7190266,-0.687630587391669,-0.004887209535968715,1.2195956800020724e-07,-2.0612842527040903e-07
240026647.19902655,-0.6876308199359056,-0.0048869525427732655,2.5527025682148263e-07,1.480124689999529e-08
240026765.65342653,-0.6876318689233352,-0.0048869637006095975,-7.72475693411323e-08,-6.70760628204009e-08
240027065.20222646,-0.6876337688130983,-0.004886771217553657,-1.6581857620323603e-07,-5.393847446813482e-08
240027186.16222543,-0.6876344024776125,-0.004886737615457397,-6.826363785350509e-08,-9.296351495720334e-08
240027246.21022642,-0.687634465302474,-0.004886460854515269,2.3186565156763095e-07,1.4769934109527122e-07
240027306.17182636,-0.6876347438969338,-0.00488669466808801,3.156737712339819e-07,-1.2218939206016383e-07
240027365.18302637,-0.6876353510627331,-0.0048862506333384095,6.513770123284246e-08,2.863137216844308e-07
240027426.18142533,-0.6876353463396312,-0.00488672267730941,4.3846996811147676e-07,-2.224878522779153e-07
240027486.14302534,-0.6876363003301393,-0.00488656115818627,-1.532065617704248e-07,-9.713068967447808e-08
240027725.2118263,-0.6876375719441123,-0.0048861089907511574,1.9440147935867458e-08,2.1057146925174824e-07
240027965.14462623,-0.687639373996481,-0.004886619226012221,-3.3361395379571945e-07,-4.4510976130243685e-07
240028025.1926252,-0.6876391440814703,-0.0048863537402708355,2.588656066171424e-07,-2.160963812700839e-07
240028084.2038252,-0.68763958902705,-0.004886265835207296,1.7019448672606075e-07,-1.640617874366923e-07
240028204.21342516,-0.6876401642651014,-0.004886256948515577,3.1941075373520533e-07,-2.2820896622421927e-07
240028265.21182615,-0.6876408511210514,-0.0048860725470720795,7.324022499588523e-10,-8.097273008263878e-08
240028325.1734261,-0.6876410929337589,-0.004886461883655906,1.208079168923959e-07,-5.068714041536401e-07
240028384.18462512,-0.6876418428830217,-0.004885714265185252,-2.730196043687627e-07,2.047368590175555e-07
240028445.18302506,-0.6876418779678015,-0.004885973520462544,5.99778432475162e-08,-9.177004006103578e-08
240028505.14462608,-0.6876423905917818,-0.00488588847963264,-9.085197993918825e-08,-4.3376125659182196e-08
240028625.15422505,-0.6876429188472948,-0.004885496487353106,1.0490721857880914e-07,2.7518491700542075e-07
240028684.16542602,-0.6876433431536865,-0.004885855283757822,3.6567198602455164e-08,-1.1976044642526135e-07
240028863.18622598,-0.6876442336533805,-0.004885791771653921,2.2576437741506084e-07,-1.660786442666748e-07
240028985.18302596,-0.6876451141790443,-0.004885455466780247,8.085237623856045e-08,9.523775220190989e-08
240029105.1926249,-0.687645899950545,-0.004885831070019662,1.8581164495934388e-08,-3.5424496663653826e-07
240029284.21342587,-0.6876469556984942,-0.004885354163799973,4.185020185953903e-08,1.2247103451171193e-08
240029406.21022585,-0.6876476137097088,-0.004885614103552085,1.1898538898602595e-07,-3.2307748703240546e-07
240029464.1846258,-0.6876480220855103,-0.004885328806707155,5.991219598211472e-08,-7.364445579836204e-08
240029525.1830258,-0.6876483584402403,-0.0048853591512007764,9.104640996682178e-08,-1.417512167332935e-07
240029644.15582478,-0.6876486543209512,-0.004885423528480912,5.118256548586331e-07,-2.7986270427493576e-07
240029945.17342567,-0.6876509478871942,-0.004885145008567208,3.0914505955159655e-08,-1.8838108831013833e-07
240030065.18302566,-0.6876515015934666,-0.0048851382332275135,1.996374388024691e-07,-2.563652534244218e-07
240030185.19262463,-0.6876522595937999,-0.004884812352160654,1.6392840629375627e-07,-5.352115532014645e-09
240030304.1654246,-0.6876529806002548,-0.0048849949089263805,1.5883616399925415e-07,-2.6223667184792354e-07
240030424.17502558,-0.6876537814512494,-0.004885017724332291,7.99992138089678e-08,-3.601348415429098e-07
240030545.22142553,-0.6876546016268051,-0.004884855078164729,-1.2067006394111957e-08,-2.73328829691194e-07
240030666.1814245,-0.6876554588669064,-0.004884869204228529,-1.4186126562343304e-07,-3.6334961799663196e-07
240030785.15422547,-0.6876561211074923,-0.004884677722448057,-8.874799295455205e-08,-2.4662135223590953e-07
240030906.2006244,-0.6876569983934921,-0.004884751601838646,-2.3835662499305244e-07,-3.966642820787264e-07
240030966.1622244,-0.6876571688204597,-0.004884397834785293,-4.837526690337768e-08,-8.066553765055662e-08
240031085.22142538,-0.6876578256143159,-0.0048844331824902075,1.0347198764470988e-08,-1.9108377724216807e-07
240031205.14462537,-0.6876585498039784,-0.004884139100089758,6.721480594329421e-09,2.7278572311585647e-08
240031385.2022243,-0.6876598514378348,-0.004884019486444795,-2.1330305322031506e-07,3.3006474660195184e-08
240031505.21182528,-0.6876602742003934,-0.004884373688392032,8.46497093531795e-08,-3.972315691068429e-07
240031746.1814252,-0.687661499711983,-0.004883364263700777,3.058264301802893e-07,4.5920535702518445e-07
240031866.19102418,-0.6876627857255455,-0.004884170353290088,-2.5992179453204756e-07,-4.2323171750915933e-07
240031985.16382414,-0.6876632950960887,-0.0048838767459864554,-5.539903813467362e-08,-2.0541371582166734e-07
240032226.2198251,-0.6876647263571262,-0.004883657397400824,-4.0669410728000344e-08,-1.3993308034879193e-07
240032826.1814239,-0.6876684035065442,-0.004883768720998067,-1.2162443541186008e-07,-6.359882783919801e-07
240032946.19102487,-0.6876684999191217,-0.004883194327929673,5.008331631639606e-07,-1.388526579930438e-07
240033185.1734248,-0.6876703151220405,-0.004883500731139614,1.1668390631491832e-07,-5.993979421492837e-07
240033426.14302477,-0.6876717261681795,-0.004883022255627174,1.4794308689225488e-07,-2.767405971890527e-07
240033546.15262374,-0.6876726432632767,-0.004882883350465188,-5.108859379987507e-08,-2.1558389442979248e-07
240033726.2102247,-0.6876739810712168,-0.004882495922744339,-3.1185097604247147e-07,5.501144753703585e-08
240033906.18142465,-0.687674949659281,-0.004882620995930368,-2.0428246283454854e-07,-1.8705466828077e-07
240038105.22142255,-0.6876992981644051,-0.004879075702490759,4.429728787114229e-07,5.707539616874382e-07
240038225.1446235,-0.6876998289635928,-0.004879265823970773,6.226684077237365e-07,2.994985292279276e-07
240038405.20222247,-0.6877009649519319,-0.004879094405137539,5.530736827408234e-07,3.48951859210217e-07
240038526.16222343,-0.687701612708698,-0.004878749267137267,6.214520433811543e-07,6.120564467523154e-07
240038705.18302235,-0.6877031653431146,-0.004878980128959608,1.2832363605053132e-07,2.596406712858379e-07
240038826.14302334,-0.6877035499855438,-0.004878513595483077,4.593097573390992e-07,6.43946193149697e-07
240038946.1526223,-0.6877050104935216,-0.0048789338861148605,-2.913957941608203e-07,1.4199704031006566e-07
240284705.16375953,-0.6889100473351731,-0.004825915768445899,-2.5260664637816177e-07,7.582688580330676e-08
240285005.14455944,-0.6889119507269058,-0.004826663560616128,-6.032137950251482e-07,-4.6987660818828547e-07
240285605.1925583,-0.6889144314046063,-0.004826568523965279,2.5947823001359893e-08,3.011775202670097e-08
240285726.15255827,-0.6889152004068652,-0.004826607377072151,-1.1554881529374228e-07,7.301374975107744e-08
240285846.16215822,-0.6889156756506809,-0.004826632185871835,3.1984136006357744e-08,1.2935014685137164e-07
240285966.1717592,-0.6889162694415969,-0.004826878037161146,6.117012374406983e-08,-3.531773157695178e-08
240286085.14455816,-0.6889169695457479,-0.004826556494448205,-2.1142290695941313e-08,3.667447024775436e-07
240286206.19095814,-0.6889176792289636,-0.004826860657639296,-1.0206555023373198e-07,1.4454309357411765e-07
240286326.2005591,-0.6889181267802221,-0.004826869181367375,7.39567399543617e-08,2.1731718907909425e-07
240286446.2101591,-0.6889187657103145,-0.004827161263553257,5.879781206363788e-08,6.57089632878638e-09
240286626.181358,-0.6889197141558872,-0.004827226905732096,4.6153447508245904e-08,6.29745693595668e-08
240286746.19095898,-0.6889204325062884,-0.004827446354578541,-4.7934589186837684e-08,-7.504334353404529e-08
240286865.16375896,-0.6889209595524534,-0.0048275151616026255,4.408127096677816e-08,-6.308545375064561e-08
240286986.21015793,-0.6889217755861344,-0.00482731838990086,-1.419042157113637e-07,2.158971145740582e-07
240287165.1445579,-0.688922423684495,-0.004827505137385647,1.417149582128019e-07,1.5074688227562083e-07
240287286.19095886,-0.6889232696011102,-0.004827574460958897,-7.366533150143795e-08,1.6372980353451805e-07
240287406.20055884,-0.6889238653583667,-0.004827671373303183,-4.409371701097342e-08,1.4845704123227915e-07
240287586.17175877,-0.6889246846218786,-0.004827749629107908,7.477025554258887e-08,1.9270224628758353e-07
240287706.18135875,-0.6889251989540272,-0.004828001657049857,1.8624516751053477e-07,2.240859878210877e-08
240287886.15255773,-0.6889263923981999,-0.004827980084032862,-6.835751831246739e-08,1.6662463551714995e-07
240288065.17335767,-0.6889272251366592,-0.004828319707556513,3.3209645478038397e-08,-5.0919008594621507e-08
240288186.21975863,-0.6889278822545551,-0.004828135287587769,8.067638224140694e-09,2.160940565116426e-07
240288365.15415856,-0.6889287554733403,-0.004828440893170729,6.94035923176628e-08,3.2650663248610934e-08
240288485.16375855,-0.6889293389430561,-0.004828567489670621,1.1296321944520571e-07,-1.1965610701922258e-08
240288665.2213585,-0.6889303990848159,-0.004828524119018587,-6.0605612750563864e-09,1.5447601385554233e-07
240288785.14455748,-0.6889309692650587,-0.004828721639976874,5.079994069845384e-08,3.897100693279337e-08
240288897.20535845,-0.6889315092472222,-0.004829005977856855,9.691465152616985e-08,-1.686937931635879e-07
240289026.20055842,-0.6889322427787387,-0.004828872648110354,3.824775340888209e-08,5.29367051591359e-08
240289206.17175737,-0.6889331574425736,-0.0048290365372886165,6.549232856034592e-08,1.231610202191702e-08
240289326.18135732,-0.6889339592582123,-0.004829084849976731,-1.0800645167119427e-07,4.6249719450920657e-08
240289445.1541583,-0.6889343550803785,-0.004829182294489486,1.1923865461671568e-07,3.037852968137966e-08
240289566.20055827,-0.6889350770112154,-0.004829390319448075,3.141648019511223e-08,-9.461293127427384e-08
240289686.21015725,-0.6889356839039982,-0.004829232958294193,5.3381375098027206e-08,1.4510879785614716e-07
240289806.2197582,-0.6889363967027494,-0.004829612777049304,-3.038080309547553e-08,-1.523112258608461e-07
240289925.1925572,-0.6889370189636315,-0.00482943492662515,-2.886367689303171e-08,1.0726375719062597e-07
240290106.20055816,-0.6889378583636621,-0.004829772319560943,8.110111759940253e-08,-1.0571944453197091e-07
240290225.1733581,-0.6889384652563525,-0.004829614958871477,9.84249712843166e-08,1.3346061265937653e-07
240290345.18295708,-0.6889391492860089,-0.0048298868170011085,4.422663058001319e-08,-5.5826959691369915e-08
240290466.14295703,-0.6889396148582568,-0.004830037584609213,2.136506904726332e-07,-1.2333126798557553e-07
240290555.22135705,-0.6889403689542601,-0.004830009853720556,-7.2702613262976e-08,-3.425794930372872e-08
240290705.211758,-0.6889410390080245,-0.0048300409654937725,4.504600092936073e-08,3.796668380032231e-08
240290825.22135696,-0.6889416631052223,-0.004830399378851318,5.147604709154763e-08,-2.3772231060818078e-07
240290946.18135792,-0.6889424252938711,-0.004830174637531878,-7.501770449280798e-08,7.043753780505008e-08
240291066.1909569,-0.688943012233707,-0.004830090434692356,-3.1085215068671346e-08,2.374422624533759e-07
240291126.1525569,-0.688943454845834,-0.004830438082633331,-1.5842424139211886e-07,-6.882004937539682e-08
240291186.20055786,-0.6889434768033056,-0.004830282443706727,1.3538831733495016e-07,1.2827382825635752e-07
240291246.16215685,-0.6889439934546285,-0.004830099080608942,-6.590484002977348e-08,3.5304190948264036e-07
240291325.2181568,-0.6889443071440358,-0.004830924548113346,3.625252409378277e-08,-4.178206516871827e-07
240291385.17975682,-0.6889445166005498,-0.0048305322294615845,1.4225228184283623e-07,1.5925442661650357e-08
240291425.1829578,-0.6889448130116853,-0.004830709006971241,5.6320303531975924e-08,-1.3320847935382324e-07
240291546.14295676,-0.6889454168231262,-0.004830542453681394,8.906080095627544e-08,1.169586172607498e-07
240291846.21015772,-0.6889468677727095,-0.004830802738116494,2.1794981597267338e-07,6.426709746321091e-08
240291965.18295768,-0.6889477854787632,-0.004830909366409143,-7.308224725388612e-08,4.001437162604732e-08
240292026.18135664,-0.6889481397063684,-0.004830882696588744,-1.0594548915943136e-07,1.0893379761688776e-07
240292146.1909576,-0.6889488200050116,-0.0048309001501504675,-1.538603423556495e-07,1.7463263352751612e-07
240292266.2005576,-0.6889493620268659,-0.004831168467017709,-6.333401858515941e-08,-1.0492541067767813e-08
240292325.2117566,-0.6889495973923978,-0.00483127366567497,1.2397528337260155e-08,-7.476968970267922e-08
240292385.17335755,-0.6889500694057932,-0.004831023452117879,-1.4346797949649215e-07,2.170341956804142e-07
240292446.17175657,-0.6889503515245504,-0.00483131239509397,-1.0393057980895293e-07,-2.9589207453141475e-08
240292506.21975753,-0.6889508933250248,-0.004831181962643323,-3.290454929638642e-07,1.425134122864935e-07
240292565.14455652,-0.6889511195949144,-0.0048315254131246835,-2.445139566376042e-07,-1.600367228529742e-07
240292686.1909575,-0.6889514439041755,-0.004831166190284798,6.976366617728047e-08,2.832356816740572e-07
240292806.20055744,-0.6889520992007029,-0.004831396547807565,4.774620565584087e-08,1.362476353405917e-07
240292925.1733574,-0.6889527226109599,-0.004831443292180635,5.2302322695041426e-08,1.7219170614021784e-07
240293045.18295637,-0.6889533165450717,-0.0048319549823619785,9.196612671402704e-08,-2.560497865773323e-07
240293165.19255736,-0.6889540710308014,-0.0048317072590698135,-2.8762623505151907e-08,7.51621031785249e-08
240293287.18935633,-0.6889546638149611,-0.004831994357360329,2.2866653348607713e-08,-1.270241348364301e-07
240293406.1621573,-0.6889552430885226,-0.004831953630318122,7.218999742431009e-08,-3.4499001901749926e-09
240293525.22135627,-0.6889559621795577,-0.004831666637334349,-1.7693264742213444e-08,3.6648997094219926e-07
240293645.14455724,-0.6889564585236944,-0.004831842886487468,1.1989189441230508e-07,2.738297131838624e-07
240293766.1909562,-0.6889571241018899,-0.0048321260435403,9.433782077739039e-08,7.5085325432038e-08
240293886.20055717,-0.6889576568798254,-0.004832366780293183,1.962574638358916e-07,-8.192114230119035e-08
240294005.17335713,-0.6889584048860489,-0.004832453582069776,7.761754772239726e-08,-8.567596735623711e-08
240294125.1829571,-0.6889590538727195,-0.004832399720269042,6.36345629523305e-08,5.199699250162115e-08
240294246.14295608,-0.6889596547130095,-0.0048324233503232806,1.0298125829866223e-07,1.1288307657283253e-07
240294366.15255705,-0.6889602079081458,-0.0048325038517538265,1.850956299342954e-07,1.1627475848385166e-07
240294486.16215602,-0.6889610016277173,-0.0048327491810940554,2.6836798783236304e-08,-4.512050006018342e-08
240294605.221356,-0.6889616542332107,-0.004832750351320838,4.80836137572993e-09,3.701923963813497e-08
240294726.18135595,-0.6889621956055098,-0.004832773457501884,1.0423140850424062e-07,9.85945910452618e-08
240294846.19095692,-0.688962816973248,-0.004832836227147523,1.1877392536163711e-07,1.1988257781619938e-07
240294965.1637569,-0.6889633183294046,-0.004832806272678269,2.4798070763498714e-07,2.332093436922117e-07
240295085.17335686,-0.6889640055836687,-0.004833353162110297,1.9693157904399072e-07,-2.295399044041982e-07
240295206.21975684,-0.6889647371818206,-0.004833435237198423,1.0718388043784444e-07,-2.2670573224074786e-07
240295326.1429558,-0.6889652865009054,-0.004832995500104323,1.9390626571080816e-07,2.971946122280397e-07
240295506.20055676,-0.6889663279818203,-0.004833515721829892,1.076769317043258e-07,-9.658244904623553e-08
240295626.21015674,-0.6889668385074101,-0.004833380432683243,2.3401384730004082e-07,1.2303543026580266e-07
240295745.18295568,-0.6889675250032316,-0.004833482735499479,1.7902051741014446e-07,1.0437440152617772e-07
240295926.19095665,-0.6889686001911705,-0.004833771798191663,6.488499848522622e-08,-5.735401375703275e-08
240296046.20055562,-0.6889692337724095,-0.004833671969303293,6.866684132411649e-08,1.2695161310562197e-07
240296345.14455655,-0.6889708631935789,-0.004834066752852864,2.7531307011940953e-08,-5.721498480808912e-08
240296466.19095552,-0.6889714855632165,-0.004834088283055858,4.8526940132909147e-08,6.6119713168152905e-09
240296586.2005565,-0.6889719900730855,-0.004834200440031665,1.8201143114904283e-07,-2.0875771754476358e-08
240296765.22135645,-0.6889728406060075,-0.004834283565639178,2.834449167599118e-07,2.2381646777244746e-08
240296886.18135542,-0.6889737628938634,-0.004834337532816441,4.550839260986095e-09,5.386294269979497e-08
240297006.1909554,-0.6889743468609805,-0.004834443515942823,5.9059546475559443e-08,3.270052455293243e-08
240297187.19895533,-0.6889752086783265,-0.004834538199886318,1.6049925466443682e-07,6.60323676961519e-08
240297365.1829563,-0.6889761878540244,-0.004834562877947425,1.2878761079804235e-07,1.6732849544669193e-07
240297486.14295527,-0.6889767871892004,-0.004834648372142084,1.735284732573561e-07,1.675029935943942e-07
240297666.20055622,-0.6889778367253064,-0.00483490512812664,8.299638287745381e-08,3.8354002898990935e-08
240297906.21975616,-0.6889790579646126,-0.004835099232752645,1.405854235247972e-07,1.4506364291212714e-08
240298025.19255513,-0.6889797582141098,-0.004835043535172423,7.442072180730008e-08,1.5466300870049798e-07
240298145.2021551,-0.688980508442398,-0.004835446609036924,-3.6067076214507665e-08,-1.6317124865074945e-07
240298445.182955,-0.688982130978729,-0.004835444881004632,-5.891608301222817e-08,5.182156836286422e-08
240298686.15255496,-0.6889832225715475,-0.004835738675971081,1.350740589378674e-07,-7.045692883723281e-08
240298806.16215593,-0.6889838957029458,-0.004835778989327732,1.0239015379998051e-07,-2.528196928457821e-08
240299346.1621548,-0.6889868661872053,-0.004836128320278416,1.5242728523823246e-08,1.0620136819440573e-08
240299470.14615476,-0.6889876150842372,-0.0048359745123983215,-7.128516654741901e-08,2.530092419357477e-07
240299589.20535573,-0.6889885010825824,-0.004836229828452516,-3.2110106817917483e-07,8.280246603306618e-08
240299706.19095472,-0.6889887224730696,-0.004836094282818524,8.272798346364851e-08,3.0201968390878436e-07
240299828.18775567,-0.6889895587841176,-0.004836422493560206,-1.0145844742126542e-07,6.111193950279065e-08
240299946.21015567,-0.6889901437890147,-0.004836553696515581,-5.546453130111928e-08,1.4413883872056721e-08
240300125.1445556,-0.6889914545111404,-0.004836329222563816,-4.093039088770567e-07,3.670928646745328e-07
240300246.19095555,-0.6889917715191586,-0.004836678059437661,-7.884444475081409e-08,1.0504419900494305e-07
240300425.2117545,-0.688992747219688,-0.004836913543222196,-9.675537582243265e-08,-1.996402329909608e-09
240300550.14615548,-0.6889934245066323,-0.004837054727677629,-1.0546769180219684e-07,-5.348072377488189e-08
240300666.18135545,-0.6889941094232148,-0.0048370859803036825,-1.6931880875148408e-07,-1.376342310087375e-09
240300786.1909554,-0.6889950230037003,-0.004837158209191376,-4.4044630009842933e-07,1.265394824079974e-08
240300906.20055538,-0.6889955477852528,-0.004836844301060775,-3.226584939231003e-07,4.128692482532198e-07
240301146.21975434,-0.688996529973397,-0.004837696297423352,-1.9361108938298344e-08,-2.6636821824632673e-07
240301266.1429543,-0.688997472858442,-0.004837922326218882,-3.197940099397556e-07,-4.0600725154365386e-07
240301386.15255427,-0.6889978128217186,-0.004837123248687554,-1.6728213148020643e-08,4.795708418315475e-07
240301506.16215524,-0.6889983918090307,-0.004837501898224336,4.742710746352685e-08,1.8747059078727535e-07
240301626.1717542,-0.6889989783898347,-0.004837704157691235,1.0410193029830594e-07,7.180927831355877e-08
240457986.15251493,-0.6899499309496495,-0.0049292474768779775,-8.990350430782001e-08,-1.1060867480087999e-07
240458166.2101159,-0.6899510985445888,-0.004928928091320714,-7.290754366895413e-08,2.135948804632415e-07
240458225.22131488,-0.6899515840052088,-0.004929005834812053,-1.7012977115982153e-07,1.3734552482824736e-07
240458406.14291483,-0.6899526446246984,-0.0049291415124012505,-4.043685319921053e-08,5.987808978681619e-09
240458524.1653148,-0.6899533880376019,-0.004929547011890346,-7.348070041324206e-09,-3.96905606315362e-07
240458706.21011576,-0.6899545879597941,-0.004929324169757589,-9.529651956441398e-09,-1.7037151526372307e-07
240459065.20211467,-0.6899568209070797,-0.004929486543892711,1.195169515577632e-07,-3.266288935068612e-07
240459245.1733156,-0.689958043827985,-0.0049290668315992705,8.073862112212282e-08,9.556968599919863e-08
240459365.1829156,-0.6899591674468938,-0.004929058710864186,-2.5325766173089903e-07,1.0513335907489513e-07
240459785.17331547,-0.6899616131052299,-0.004929170313728176,6.449290490539994e-08,-2.7715582997037136e-09
240460025.19251442,-0.6899636465965373,-0.004929179631385701,-3.8974758997945003e-07,-1.0918140809848542e-08
240460086.1909154,-0.6899637097115271,-0.004929368118898753,-5.151387916235706e-08,-1.9921703340881197e-07
240460205.1637154,-0.689965019665837,-0.004928632954956613,-5.786704306842694e-07,5.361878499974757e-07
240460325.17331535,-0.6899655415426302,-0.004928775197026713,-3.109322234129408e-07,3.9401892627539264e-07
240460445.18291432,-0.6899663335711428,-0.0049289496862906165,-3.1335131445153763e-07,2.194323588736169e-07
240460566.1429143,-0.6899673228488804,-0.004928828056845868,-5.067731043695289e-07,3.407914372262344e-07
240461946.21011496,-0.6899759838088944,-0.004929000762226693,-8.839684884076604e-08,1.5281969289494823e-07
240462066.2197149,-0.6899767220037119,-0.004929147264617688,-3.71593681380844e-08,3.936873600556001e-09
240462185.1925139,-0.6899775564915596,-0.004929072354599162,-8.905550863413936e-08,7.632169274351952e-08
240462305.2021139,-0.6899783658665881,-0.004929010966179267,-1.090405112869064e-07,1.3499635208909927e-07
240462425.21171385,-0.6899789733508331,-0.00492916544684445,7.28424667251204e-08,-2.2365125126877494e-08
240462546.1717138,-0.6899796538560181,-0.004928497896049083,1.8793164835440024e-07,6.421132348229108e-07
240462726.14291376,-0.6899809965693882,-0.004929121973230044,2.8901858128982383e-08,1.3151556832284583e-08
240462846.15251374,-0.6899816239971762,-0.004929136846209391,1.907529706413058e-07,-5.186351081237772e-09
240462966.1621137,-0.6899823579202763,-0.004928783735260919,2.460812100757437e-07,3.442936696105431e-07
240463085.2213137,-0.689983191464742,-0.004928949439240701,1.955094374173072e-07,1.7482372073607255e-07
240463205.14451465,-0.6899842736092285,-0.004929083030149765,-9.800992040176482e-08,3.727482972976093e-08
240463326.1909146,-0.6899847806644208,-0.004929358054749199,1.9091515135460924e-07,-2.419121823407297e-07
240463446.20051357,-0.6899858610205108,-0.004928756016230285,-1.0031042541047697e-07,3.5583383932707296e-07
240463565.17331356,-0.6899868678941227,-0.0049291295445054,-3.249034832286668e-07,-2.2112493485576534e-08
240463686.21971452,-0.6899873143179313,-0.004928980066144791,2.455358816266795e-08,1.2270486376194517e-07
240463805.1925135,-0.6899882825717557,-0.004928839918104659,-1.6148796377901675e-07,2.5810889803939974e-07
240464046.16211343,-0.6899896625527451,-0.004929022052636579,4.272800291360568e-08,6.587217614602292e-08
240464285.14451337,-0.6899915355760421,-0.004928972635244878,-2.593145833618138e-07,1.0461967621042123e-07
240464466.15251434,-0.6899926068990622,-0.004928941132725137,-1.4086465127682857e-07,1.276105006022682e-07
240464585.2117133,-0.6899929580178326,-0.004928905369524451,2.9054585271026667e-07,1.5757340904223177e-07
240464706.1717133,-0.6899936332100679,-0.004929195674874429,4.1033286157787785e-07,-1.3878840271226017e-07
240464885.19251323,-0.6899948378611606,-0.004929318925363375,3.821687571958776e-07,-2.7130441511771797e-07
240465005.2021132,-0.6899958223621137,-0.004928718309308623,1.8628908782236664e-07,3.2289896057923623e-07
240465126.16211417,-0.6899967348280259,-0.004928832026959965,6.864268564665821e-08,2.0255461093653115e-07
240465245.18291414,-0.6899978651741004,-0.00492902105963406,-2.796734916987731e-07,6.841796844347936e-09
240465426.1429131,-0.6899983660032465,-0.004929078324495396,4.084085585276398e-07,-6.088244318760982e-08
240465546.1525131,-0.6899993383017423,-0.004928773218769509,2.2451293324454724e-07,2.3708571216495e-07
240465665.21171305,-0.6899998427151837,-0.004928819058295987,5.022079627714504e-07,1.8400700776272094e-07
240465785.22131303,-0.6900003280835795,-0.004928630978211602,8.051390848473616e-07,3.646310219422577e-07
240466025.15411296,-0.6900024212097182,-0.004929172518574799,2.878831293351425e-07,-1.922938686850159e-07
240466146.20051292,-0.690003215123017,-0.004928865790449651,2.889145731543863e-07,1.0643162146398155e-07
240466266.2101139,-0.6900041579140989,-0.004929224990454162,1.3420243616391048e-07,-2.60861710610176e-07
240466385.18291387,-0.6900046679119507,-0.0049291104673030986,4.0541815038430684e-07,-1.545181725340003e-07
240466506.14291283,-0.6900053193953583,-0.004929020148272636,5.481377459704007e-07,-7.267452113626088e-08
240466626.15251282,-0.690006325075964,-0.0049289032619911485,3.3035999569275276e-07,3.5644705729566406e-08
240466866.17171374,-0.6900080736111993,-0.004929079591489105,1.5744704207065752e-07,-1.5829060148221663e-07
240466985.1445127,-0.690008873726459,-0.004928924168699271,1.3824405087348168e-07,-1.1827193550917325e-08
240467577.1573136,-0.6900125869805671,-0.0049288823468670775,3.0988281940480533e-07,-1.6867038340681595e-08
240467646.19091353,-0.6900132154181917,-0.004928855985116874,1.3434894285957455e-07,3.784204684852133e-09
240467766.2005135,-0.6900141078045272,-0.004928710570017649,2.9245973642844092e-08,1.3915025254100655e-07
240467826.16211352,-0.6900147183202169,-0.004928741336136903,-1.8793783151949128e-07,1.0330538541963863e-07
240467946.1717125,-0.6900155298050924,-0.0049288633056538385,-2.1224566160160663e-07,-2.894450495689177e-08
240468305.1637134,-0.6900177893479154,-0.0049288838780878665,-1.1749291017881802e-07,-8.118636739794238e-08
240468425.17331335,-0.6900188053417278,-0.004928952711251168,-3.4660384662377197e-07,-1.6091199296457137e-07
240468545.18291232,-0.6900191225727008,-0.004928749352972541,1.2297180418396891e-07,3.1401294962700443e-08
240468665.19251332,-0.690019830087762,-0.004929136205926335,2.0218611973543688e-07,-3.6664884423259075e-07
240468846.20051223,-0.6900209853889852,-0.004928846522145259,2.333441599944308e-07,-9.414069496258698e-08
240468965.17331222,-0.6900218491661251,-0.00492899188553665,1.493034120780834e-07,-2.5098087254142587e-07
240469085.18291318,-0.690022831756066,-0.004928806044632435,-4.683548682216099e-08,-7.686713223310077e-08
240469205.19251215,-0.6900235273735569,-0.004928869670023998,4.391625652022668e-08,-1.523703627307263e-07
240469325.20211214,-0.6900242045632338,-0.004929011043172766,1.530130256943707e-07,-3.0577168462324333e-07
240469446.1621121,-0.6900252395780906,-0.004929247340381324,-8.95732884531597e-08,-5.543440982557976e-07
240469565.22131306,-0.6900254228663598,-0.004928577561817064,5.070304238685708e-07,1.0320369605177487e-07
240469685.14451203,-0.6900267956732008,-0.004928782561329605,-8.031020615195672e-08,-1.1426389194980208e-07
240469805.154113,-0.6900271728277458,-0.004928426210260331,3.284806320280609e-07,2.2946121771248718e-07
240469925.16371298,-0.6900283909330092,-0.004928943754815496,-1.037670106507349e-07,-3.008579035242154e-07
240470046.21011296,-0.6900290721025967,-0.004928720795845816,7.62039342738774e-09,-9.093404661035531e-08
240470165.18291292,-0.6900295837053891,-0.004928810245939358,2.7490865039947465e-07,-1.9334258136161075e-07
240470285.1925119,-0.6900306443601689,-0.004929078861038591,-1.5767387395726473e-10,-4.751759661719701e-07
240470346.19091287,-0.6900310849789023,-0.00492842517647318,-4.151309584976559e-08,1.7173357070091044e-07
240470465.16371286,-0.6900319769246774,-0.004928499758287723,-1.5479439552379404e-07,8.382832602116946e-08
240470585.1733128,-0.6900326360601015,-0.004928299515587302,-2.8572325727616033e-08,2.704854513329094e-07
240470645.1829128,-0.6900332103124727,-0.004928730989823934,-2.101497670325969e-07,-1.6783701261777195e-07
240470825.19251177,-0.6900340965189915,-0.004928500733011027,8.140051921401437e-08,4.1658287336203415e-08
240470946.15251175,-0.6900348890246711,-0.00492858815947404,8.018405428522613e-08,-5.990326344424562e-08
240471065.2117117,-0.6900354625521327,-0.004928375679274449,2.8541505425749847e-07,1.3851987973930585e-07
240471246.21971166,-0.6900370254197348,-0.004928240961109646,-9.367598574616665e-08,2.5159375373774023e-07
240471426.1909126,-0.6900379541555198,-0.0049279606768215635,1.5436013467429177e-07,5.100321849192332e-07
240471546.20051157,-0.6900392362944566,-0.0049283596435692155,-3.432016446591746e-07,9.631824380088028e-08
240471786.21971253,-0.6900405266354099,-0.004928760977117678,-6.469432378697348e-08,-3.3493962190832977e-07
240471906.1429115,-0.6900411918625754,-0.004928379752672822,5.378315137694045e-08,3.111940647011757e-08
240472026.15251148,-0.6900420049280126,-0.004928639240289632,2.4882527815961453e-08,-2.436868380400331e-07
240472146.16211143,-0.6900423729781808,-0.004928654052000249,4.408917503306853e-07,-2.739591456815682e-07
240472265.2213124,-0.6900436077296828,-0.004928358224467825,-1.6114687251267412e-08,6.390302372330514e-09
240472385.14451137,-0.6900442516460366,-0.00492864367085096,1.232513124893586e-07,-2.9478701154238285e-07
240472505.15411234,-0.6900451691659188,-0.004928551199903889,-1.0529999427966175e-08,-2.1819914621055286e-07
240472686.16211128,-0.6900462727233898,-0.004928350426250907,6.780260664029925e-08,-4.164726337321095e-08
240472805.22131127,-0.6900470647439618,-0.004928524932886677,5.304122763227781e-08,-2.3225957016242277e-07
240472926.18131122,-0.6900477193264929,-0.0049285102734999645,1.880147607602467e-07,-2.3410365848110237e-07
240473046.1909122,-0.6900487372977423,-0.004928363719760407,-4.671672826361828e-08,-1.0406347189344245e-07
240473165.16371217,-0.6900492196311919,-0.0049282993666214595,2.473112885592599e-07,-5.621825086704613e-08
240473285.17331213,-0.6900502986465284,-0.004928290867472396,-4.869039116339735e-08,-6.450873393272494e-08
240473345.18291214,-0.6900509783851102,-0.0049283956027184805,-3.369338468228733e-07,-1.7769127665708678e-07
240473526.14291108,-0.6900518717603483,-0.004928142499284879,-4.992366231526546e-08,4.973062715275811e-08
240473646.15251106,-0.690052501735719,-0.0049281207415892096,1.027665130770572e-07,5.428448691079113e-08
240473766.162111,-0.6900535168011149,-0.004928496654407748,-1.2975080843080633e-07,-3.3896912132042045e-07
240473885.221311,-0.6900541365288515,-0.004928488553370152,2.6755317850124527e-08,-3.4820650620000226e-07
240474065.19251198,-0.6900554655960557,-0.004928186714670265,-1.291711498874193e-07,-7.283111652309215e-08
240474246.2005109,-0.6900567963103736,-0.004928221761117505,-2.802596151818548e-07,-1.3480101167858555e-07
240474485.18291184,-0.6900582351940354,-0.004928292168582808,-1.6212391851233576e-07,-2.412255922720763e-07
240474726.1525108,-0.6900594065439625,-0.004928493052207408,2.3599709186861162e-07,-4.789651325241839e-07
240540846.1716945,-0.6904694206887891,-0.0049024261637253845,-3.1834045732814786e-07,6.626295600848514e-08
240541266.16209438,-0.6904714864878473,-0.004902798139957793,1.2309718366854128e-07,-5.69737770223129e-07
240541445.18289432,-0.6904727540128637,-0.004902379013288221,-7.61217401334946e-08,-2.635600301944402e-07
240541566.1428943,-0.6904734192905556,-0.004902130783371759,-1.9709190723915526e-08,-9.178461179808195e-08
240541686.15249428,-0.6904740364785175,-0.004902292310684397,7.901164889023704e-08,-3.292751332706345e-07
240541805.21169528,-0.6904748791502395,-0.004902219881986041,-5.353082177528279e-08,-3.3231552500241623e-07
240541925.22129524,-0.6904753839758256,-0.004901912880738242,1.5732986202721122e-07,-1.0149387894183015e-07
240542166.19089517,-0.6904768622707249,-0.004901924235046701,1.1573374669726633e-07,-2.661373389948457e-07
240542286.20049515,-0.6904776685493645,-0.004901853762675034,2.479964944512858e-08,-2.7216942409709344e-07
240542405.17329413,-0.6904785558158949,-0.00490178174649785,-1.534160848359889e-07,-2.7610285462716794e-07
240542525.18289408,-0.6904794138904321,-0.00490182175069652,-2.963761445151647e-07,-3.928252939469981e-07
240542947.16049498,-0.6904816143529344,-0.004901555612317372,1.6714228334713255e-08,-3.9729096685398035e-07
240543065.18289495,-0.6904825149305266,-0.0049014126796074605,-1.8111365018835812e-07,-3.302782323596695e-07
240543185.19249392,-0.6904831823299751,-0.004901480715402017,-1.3405009346989516e-07,-4.7561715881168365e-07
240543306.1524939,-0.6904840997743821,-0.004901122526011877,-3.314958617606223e-07,-1.9544980017424662e-07
240543425.21169385,-0.69048479996632,-0.0049011335742402025,-3.2312428510650193e-07,-2.8339833351223587e-07
240543546.17169383,-0.6904854263712251,-0.004901256230946286,-2.2977693869830063e-07,-4.8428878041476e-07
240543605.18289483,-0.6904858620415436,-0.004901141089171258,-3.1435643288446613e-07,-4.073524757300384e-07
240543785.15409476,-0.6904868605037513,-0.00490091427121802,-2.4225405437228176e-07,-2.9720861998653453e-07
240543905.16369474,-0.690487420726036,-0.004900772780215733,-8.875140899977652e-08,-2.336490656602505e-07
240544025.1732947,-0.6904880988223072,-0.004900540712743809,-5.324860552491373e-08,-7.961674518882494e-08
240544145.18289366,-0.690488666245433,-0.004900509286452642,9.280066737282766e-08,-1.2632900631658062e-07
240544265.19249365,-0.6904892274985637,-0.00490039301312948,2.448924532050256e-07,-8.829733342489293e-08
240544386.15249363,-0.6904897703160652,-0.004900354484914424,4.2093926833075557e-07,-1.2873440578820006e-07
240544505.2116946,-0.6904903597158091,-0.004900034517019231,5.389792964161089e-07,1.1340741715073349e-07
240544686.21969455,-0.6904914217760081,-0.004899975576299129,5.522081102382614e-07,5.383511385813333e-08
240544805.19249353,-0.6904922521667753,-0.004899999286489056,4.2842008618482197e-07,-4.789728720502179e-08
240544926.1524935,-0.6904925940015206,-0.0048997366148928,8.048574251517948e-07,1.353467589584184e-07
240545047.19889346,-0.6904932639109151,-0.004899568638292625,8.535980358104212e-07,2.237363126243036e-07
240545286.1812934,-0.690494613440863,-0.004899106735752913,9.225014794278508e-07,5.282092998314461e-07
240545405.15409437,-0.6904951367623207,-0.004898987821384464,1.1051201068701388e-06,5.686022884372754e-07
240546845.182893,-0.6905041622101853,-0.004898436412220332,6.134041695693426e-07,1.6192615902473062e-07
240547026.19089398,-0.6905052857618353,-0.0048982955451330945,5.610596698346626e-07,1.8137864011506105e-07
240547205.21169394,-0.6905063467615818,-0.00489807847682683,5.591761292889075e-07,2.78152836373155e-07
240547326.1716929,-0.690506770615531,-0.004897839480619882,8.507536122248638e-07,4.357502589417972e-07
240547445.14449388,-0.6905075938344744,-0.0048978860443070725,7.310639972279986e-07,3.0903188508527024e-07
240547565.15409383,-0.6905082401836787,-0.004897802642930719,7.942249230508125e-07,3.1148683121359766e-07
240547685.16369382,-0.6905091479177621,-0.004897570409566519,5.95849284690253e-07,4.626805126710723e-07
240547805.1732928,-0.6905096010372335,-0.004897551680141645,8.519356951008916e-07,4.002773877553531e-07
240547925.18289274,-0.6905104027715415,-0.004897799708977322,7.592538449063824e-07,7.102352048930088e-08
240548045.19249374,-0.690511091596125,-0.004897400456292443,7.793274224843216e-07,3.889590818890315e-07
240548166.1524927,-0.6905117723204296,-0.004897464037211344,8.129582637073085e-07,2.433242697521404e-07
240548286.16209367,-0.6905124406912111,-0.004897291466687994,8.531731748862015e-07,3.343939428118031e-07
240548406.17169264,-0.6905131608859173,-0.0048973622874828255,8.414072154572239e-07,1.8198139373811623e-07
240548525.1444936,-0.6905136487727224,-0.004896938262160724,1.055673065186724e-06,5.250305185368342e-07
240548645.15409258,-0.6905145222619394,-0.004897157163875008,8.902974718560941e-07,2.2435721586284985e-07
240548766.20049354,-0.6905150486320066,-0.004896914532786126,1.077997020204613e-06,3.844193957021694e-07
240548886.2100925,-0.6905160225900258,-0.004897145821475797,8.118312442295661e-07,7.117934544380311e-08
240549065.14449248,-0.6905168446624566,-0.0048966355117050775,1.0447777225586208e-06,4.591346378368666e-07
240549186.19089246,-0.690517732407381,-0.004896409970626256,8.705322078750299e-07,6.017934116395868e-07
240549605.14449233,-0.6905208064002895,-0.004896562130486939,2.6474156544775695e-07,1.6208236675897825e-07
240549725.1540923,-0.690521472230453,-0.004896492661283768,3.0555752761340926e-07,1.4898752477392196e-07
240549845.16369328,-0.6905222220971814,-0.0048962979296073616,2.621694689119991e-07,2.6106919034495774e-07
240550026.17169225,-0.6905233697887347,-0.004896384162158324,1.7972636690011257e-07,5.001567093213671e-08
240550206.1428932,-0.6905243359234357,-0.004895994350303552,2.723558097939005e-07,3.15530056054468e-07
240550386.20049316,-0.690525280064909,-0.004895826623042953,3.8710195982005757e-07,3.5871058639072584e-07
240550505.17329213,-0.6905260525331227,-0.004895854388746296,3.140795915568262e-07,2.4854748036876734e-07
240550625.18289208,-0.6905267414157187,-0.004895720968113404,3.3056581305590527e-07,2.987698569769173e-07
240550745.19249308,-0.690527472874701,-0.004895736896870415,3.0430160991024024e-07,1.9956013028957914e-07
240550865.20209303,-0.6905281345967285,-0.004895633016531253,3.475994356794132e-07,2.2007723025126852e-07
240550986.162093,-0.6905289126973249,-0.004895633335410826,2.7992411200106204e-07,1.3565212869139087e-07
240551106.17169198,-0.6905295908229876,-0.004895534190245686,3.064644296113528e-07,1.5127020836034483e-07
240551225.14449295,-0.690530243792385,-0.004895249190975726,3.518979437844294e-07,3.5338412551766396e-07
240551345.15409192,-0.6905309403828256,-0.004895205215789497,3.59619055867455e-07,3.136715170520832e-07
240551466.2004929,-0.6905315180538404,-0.004895160141193308,4.921627506648818e-07,2.7425424596085046e-07
240551586.21009186,-0.6905323212679838,-0.00489514694325429,3.928991545443239e-07,2.0360410449976607e-07
240551705.18289283,-0.6905330680573759,-0.00489494301886757,3.437999814837056e-07,3.2432670686848714e-07
240551825.1924928,-0.6905337113005249,-0.004894717512544424,4.0414602109350994e-07,4.658278594171436e-07
240551946.15249276,-0.6905344996638277,-0.004894770634897083,3.2475894384820236e-07,3.279559398381912e-07
240552065.21169174,-0.6905352552056517,-0.00489474783028418,2.6687010556969426e-07,2.672656464197676e-07
240552306.18129268,-0.6905365914394013,-0.0048944233179545734,3.420930030362257e-07,4.225563855079009e-07
240552425.15409166,-0.690537172173687,-0.004894320981956408,4.5795420533512043e-07,4.4122967335791935e-07
240552485.20209166,-0.6905376914576703,-0.004894499947666943,2.9018641634070974e-07,2.2000934168757424e-07
240552786.21969256,-0.6905394070220832,-0.004894268317749633,3.3604528382191745e-07,2.395347716904403e-07
240552905.19249153,-0.6905400928272144,-0.004894125704691653,3.4608865140395295e-07,2.981870744333398e-07
240553025.20209152,-0.6905408795672708,-0.004893775487387598,2.610714476825038e-07,5.636382827906364e-07
240553145.21169147,-0.6905414885767874,-0.004894067573114497,3.5359341865603966e-07,1.8671296076432087e-07
240553266.17169243,-0.6905422968729117,-0.00489384817812085,2.521899651330983e-07,3.205225942793169e-07
240553386.1812914,-0.6905428699555732,-0.0048939222273993895,3.802519719098285e-07,1.6148758950548792e-07
240553505.15409237,-0.6905435629460256,-0.0048938232223333395,3.8215738284996803e-07,1.761700224572199e-07
240553626.20049134,-0.6905447126828616,-0.0048938934391597145,-6.076857161918525e-08,2.0088700346428123e-08
240553746.21009234,-0.6905454071840573,-0.0048936661174141804,-5.470937936014053e-08,1.622100127274262e-07
240553866.2196923,-0.6905459207789979,-0.004893606702660609,1.3205961280071676e-07,1.3635373739395024e-07
240553986.14289126,-0.6905466748235298,-0.004893778674703194,7.767771115219091e-08,-1.2089797540512648e-07
240554166.20049223,-0.6905475323026675,-0.00489344057133026,2.703289126992914e-07,8.90326155855714e-08
240554286.2100912,-0.6905485682164741,-0.0048933699473266675,-6.591505985475976e-08,7.414238459551442e-08
240554405.18289217,-0.6905491535945785,-0.004893414320209681,4.213440052414086e-08,-5.507345530054303e-08
240554525.19249216,-0.6905498737594914,-0.00489335223373927,2.1239826009100682e-08,-7.863691492675934e-08
240554645.20209113,-0.6905506052591186,-0.004893567538902651,-1.1191322535353265e-08,-3.7965940776450713e-07
240554765.21169108,-0.6905512029189911,-0.004893515777485388,9.001461187541082e-08,-4.1368222332936744e-07
240554885.22129107,-0.6905519604517114,-0.00489321112488451,3.1144199552635143e-08,-1.9488025905078227e-07
240555066.14289102,-0.6905529235656205,-0.004893077954722567,1.209187675543788e-07,-1.91259437474188e-07
240555125.154091,-0.6905533050395132,-0.004893620016009439,8.276462037937193e-08,-7.756079402976637e-07
240555240.15249196,-0.6905540790173205,-0.004893519470628555,-2.2310101321920683e-08,-7.575150364818803e-07
240555425.22129193,-0.6905557740142478,-0.004892982872026536,-6.412292411495102e-07,-3.537325503457159e-07
240555545.1444919,-0.6905557299002419,-0.004892828924975202,9.991124871877588e-08,-2.8593027232622775e-07
240555666.19089186,-0.6905563895474017,-0.0048926081577163735,1.4360751288133855e-07,-1.5217854516715729e-07
240555786.20049185,-0.6905569815607264,-0.004892517387378991,2.487027819242371e-07,-1.477413155582391e-07
240555905.17329082,-0.6905578052714857,-0.00489247688522891,1.1587042558769411e-07,-1.928877226128542e-07
240556025.18289077,-0.6905586238440546,-0.004892376753468732,-6.013252895620269e-09,-1.7921224967562543e-07
240556145.19249177,-0.6905592784080986,-0.0048923621859476435,3.589965413830498e-08,-2.5116210940201444e-07
240556271.16369173,-0.6905599580309248,-0.004892068272189235,8.712311971859066e-08,-4.812873110379007e-08
240556386.1620917,-0.6905607658737682,-0.004892135330243728,-5.3739678818054415e-08,-1.982087513433331e-07
240556566.21969163,-0.6905617171726358,-0.004891878305329753,3.888330291079711e-08,-7.128431442696148e-08
240556685.1924906,-0.6905623630127912,-0.004891815533506041,8.254704209065267e-08,-9.454889516018888e-08
240556805.2020906,-0.6905630852107895,-0.004891670969972993,5.564639449229247e-08,-3.682955084134687e-08
240556926.16209155,-0.6905637822950678,-0.004891539923907358,5.9146202047166696e-08,6.626141395120466e-09
240557044.18449152,-0.6905644465858284,-0.004891465865089263,7.821210534775247e-08,-4.834256218423649e-09
240557166.18129048,-0.6905651344652594,-0.0048914401488387785,9.647919985145137e-08,-6.757472412882715e-08
240557285.15409145,-0.690565885389985,-0.004891403558111619,3.3979133506889525e-08,-1.1730401765653459e-07
240557405.16369143,-0.6905663041216498,-0.004891171396360729,3.0945238138624376e-07,2.7730042172213754e-08
240557525.1732914,-0.6905673682395336,-0.004891162912641072,-6.06813707060283e-08,-5.096907689742386e-08
240557646.21969137,-0.6905678833729022,-0.004891108098484516,1.2394052772979336e-07,-8.414629252932737e-08
240557766.14289033,-0.6905685071765916,-0.004891068040031505,1.931760185147624e-07,-1.313170058534277e-07
240557887.1892913,-0.6905694846739543,-0.004891088546272003,-8.501698223195575e-08,-2.3992365221110756e-07
240558005.2116913,-0.6905699213479927,-0.00489086571752508,1.5992403723519288e-07,-1.0304633770320121e-07
240558125.22129124,-0.6905706564044904,-0.0048909366872677855,1.1773666497294499e-07,-2.614668103998949e-07
240558246.18129122,-0.6905715206018308,-0.004890862188633479,-4.8332341906487386e-08,-2.7516408289320754e-07
240558367.1412902,-0.6905721561388269,-0.0048905472444364965,1.4029478023758202e-08,-4.8468084659462896e-08
240558546.16209015,-0.6905730485678259,-0.004890667795630035,1.5406797559958108e-07,-2.9972143263112816e-07
240558666.17169112,-0.6905738922673926,-0.004890620607300021,2.216801520127376e-09,-3.402140835370715e-07
240558785.1444911,-0.69057459293735,-0.004890478138382816,-1.2807315097340677e-08,-2.847176326717382e-07
240558905.15409106,-0.6905752777256291,-0.004890376771813785,-6.202741098526587e-09,-2.7113035147921516e-07
240559085.21169105,-0.6905763730710571,-0.004890173791725759,-6.46412640081806e-08,-1.9994174296072975e-07
240559205.22129002,-0.69057712453076,-0.004890249497892613,-1.2528399784272892e-07,-3.635476619580705e-07
240559326.18129098,-0.6905773709716058,-0.004889701789644421,3.2432868912746216e-07,9.55169082803714e-08
240559446.19089094,-0.6905784720171184,-0.004889803649072854,-8.636541370954376e-08,-9.433661549672345e-08
240559566.20049092,-0.6905791691416088,-0.004889871977698007,-9.337137729659162e-08,-2.5070552371348614e-07
240559685.1732899,-0.6905798211629618,-0.0048899605134511415,-6.146689135455574e-08,-4.265660200619692e-07
240559805.18289086,-0.6905802373127725,-0.004889632081167713,2.1203608147057906e-07,-1.862644153881321e-07
240559925.19249085,-0.6905811173782661,-0.004889450025382802,2.138848931299009e-08,-9.238390777897842e-08
240560166.16208977,-0.6905827571584219,-0.004889611873686288,-2.3480804722808557e-07,-4.31413594385692e-07
240560285.22128975,-0.6905834081493301,-0.004889675192666417,-2.0254467592017988e-07,-5.823393010549738e-07
240560526.19089067,-0.6905846146937089,-0.00488931741432758,-2.6933976049470232e-08,-4.019997787464702e-07
240560646.20048964,-0.6905854665680575,-0.0048891396817777105,-1.9081519420094395e-07,-3.1269925924223146e-07
240560765.1732906,-0.6905856715192161,-0.004888733670610528,2.860467269716338e-07,5.603522496705482e-09
240560885.1828906,-0.6905866638806052,-0.004888754319128446,-1.879881472710565e-08,-1.0355789132297788e-07
240561006.14289057,-0.6905873445480079,-0.0048885520851821756,-6.749150571749851e-09,9.421908429667336e-09
240561126.15248954,-0.6905880591058142,-0.004888650368092021,-3.427484462914521e-08,-1.7745329691527117e-07
240561245.2116895,-0.6905890094279855,-0.0048886339618998955,-3.032447142281569e-07,-2.4897609154830164e-07
240717966.17165262,-0.6913527641256594,-0.004812872578582073,9.682734891658384e-08,9.033738366465496e-07
240728162.14925018,-0.691400372162921,-0.0048155329545788595,-4.2722794191263347e-07,-6.368558546510777e-07
240728286.21965015,-0.6914003398674571,-0.004814904745103209,1.795751540800694e-07,1.0108521076614141e-08
240728401.2180491,-0.6914009164976961,-0.004815299789491864,1.3546382104934196e-07,-3.6743516580121233e-07
240728536.1748491,-0.6914012332549809,-0.0048147848885125135,4.4366899243364344e-07,1.681479180224918e-07
240728646.16204906,-0.6914021978944129,-0.00481565339507109,-1.1620193585137883e-08,-6.833877836120994e-07
240728766.17165002,-0.6914027494031616,-0.004815131554531297,-7.347178976324642e-09,-1.4291150242460443e-07
240728885.14445,-0.6914034864631563,-0.004815452497749305,-1.934090799737831e-07,-4.452577025068627e-07
240729006.19084898,-0.6914034931251575,-0.004815250898623566,3.605482810087324e-07,-2.2461219518522813e-07
240729126.20044896,-0.6914036079350311,-0.004814752415136198,8.015731698396422e-07,2.9287951628861886e-07
240729245.17324993,-0.6914044885115531,-0.004815148051713575,4.7204590591931606e-07,-8.378993988141653e-08
240729366.2196499,-0.6914048257724918,-0.004814805216857081,6.954549793825038e-07,2.7846870963126047e-07
240730025.19244975,-0.6914080712875386,-0.004814829131490208,5.024799952790815e-07,3.6254006798627086e-07
240730145.20204872,-0.6914093977851865,-0.004814564430828067,-2.6805526920359313e-07,6.47317071383359e-07
240730566.1428486,-0.6914105438672093,-0.004815310913688156,5.360330672665725e-07,-2.773977560155405e-08
240730686.1524486,-0.6914114116238924,-0.004814627078589949,2.242935973617577e-07,6.767470706950385e-07
240730806.16204855,-0.6914112260802296,-0.004815113432593005,9.65865466273641e-07,2.1117326076073445e-07
240730926.17164853,-0.6914118478108332,-0.004814757256166199,9.001736461788923e-07,5.88258613046927e-07
240731046.1812495,-0.6914128283365357,-0.004815584667108203,4.7569689565207796e-07,-2.1811438290567087e-07
240731286.20044944,-0.6914144244390494,-0.004815372942024633,-8.278862151378519e-09,3.6074804897652524e-08
240731646.14284834,-0.6914157658001795,-0.004815041927835437,3.1821591917058356e-07,4.317443396155071e-07
240731765.20204931,-0.6914164116233956,-0.004815378049188833,2.240901880723456e-07,1.1726770667973979e-07
240802086.16203266,-0.6917547924281091,-0.004851759865727103,-1.4437058803995484e-07,-4.71493401811747e-07
240802205.22123164,-0.6917555546029392,-0.004851336346475566,-2.8186639278171555e-07,3.707281408509705e-08
240802325.1444326,-0.6917559723001824,-0.004851677215707013,-7.014423175633056e-08,-2.1810764261939036e-07
240805146.19083193,-0.6917705831607147,-0.004853146387810877,1.8368326537565594e-07,3.3545245969098664e-07
240805746.1524318,-0.6917742539607811,-0.004853202204450698,-3.118262162926655e-07,7.115296376909372e-07
240805925.17323175,-0.691775128287962,-0.0048541111897369435,-2.377723544721988e-07,-6.846831818261429e-08
240806646.1812316,-0.6917781968409241,-0.004854337690081563,5.174806639862695e-07,2.2506875632481715e-07
240807065.2212315,-0.6917811023834045,-0.004854874288689653,-1.6267564784122612e-07,-8.892765484928844e-09
240807246.14283043,-0.6917816676666798,-0.004855523651682279,2.3353852118823681e-07,-5.275005336849783e-07
240808865.19243005,-0.6917899333341277,-0.0048560062485364,5.900500225086702e-07,1.6248216320579462e-07
240809465.15403092,-0.6917935574151073,-0.004857008070973827,1.6895813736983456e-07,-4.036834096374231e-07
240814026.21002987,-0.6918183198866296,-0.00486016978998224,-1.1493536578033314e-07,-2.3209019825096155e-07
240814446.20042872,-0.6918207139399071,-0.004860217980459578,-2.443410955788039e-07,2.866450451652347e-08
240815586.16202947,-0.691826399930769,-0.004861271713189342,2.2478388528313076e-07,-1.846837199290588e-07
240815945.1540284,-0.6918285474185053,-0.0048617346140197755,1.8078548214006673e-08,-3.823681490773556e-07
240817386.21962905,-0.6918358340449144,-0.004862856438638497,5.334140511514818e-07,-4.367350111668736e-07
240887591.14441264,-0.6922397821787086,-0.004916962920524128,-1.7842992239280875e-07,1.3187934055740314e-07
240887766.1908126,-0.6922406153563697,-0.0049179930680380984,7.611859742517879e-08,-7.825617278772734e-07
240887885.16361257,-0.6922414211226464,-0.004917411955527211,9.851843452146625e-09,-1.2294670760810977e-07
240888005.17321154,-0.6922419331338948,-0.004917348182062698,2.439563822065338e-07,1.989931363004932e-08
240888126.2196125,-0.6922432287385032,-0.004917523473467746,-2.9891257535830107e-07,-7.57525164835765e-08
240888486.16201243,-0.6922450977703785,-0.004918151198746257,7.140602209521063e-08,-4.6735184264842106e-07
240888606.1716114,-0.6922454539958933,-0.0049179759153496335,4.621472280419425e-07,-2.1357047301408943e-07
240888845.15401134,-0.6922472606010267,-0.0049179957615188424,1.4351947441593182e-07,-7.744108242169201e-08
240888966.2004123,-0.6922479765975886,-0.004917899597085705,1.8144549962517686e-07,9.755223546840941e-08
240889086.21001127,-0.692248621254249,-0.004918410013167304,2.844190625239662e-07,-3.3482565821828236e-07
240889205.18281224,-0.6922493408070957,-0.004918501794640319,3.0619893565120293e-07,-3.4935669052278684e-07
240889326.14281222,-0.6922500988675558,-0.00491817687953699,3.020175747270315e-07,5.3983225228523835e-08
240889446.15241218,-0.6922510408028815,-0.0049185572722610545,1.0820042706249922e-07,-2.4871643618598616e-07
240889567.19881117,-0.6922519745824467,-0.004918669468938364,-7.083480346725679e-08,-2.8266545825175737e-07
240889686.17161214,-0.6922523667250613,-0.004918247042648207,2.7899623245009053e-07,2.1655390491752413e-07
240889806.18121213,-0.6922531093292168,-0.004918407796845695,2.8499003312809634e-07,1.331473304024694e-07
240889926.19081208,-0.6922543424292987,-0.0049184404056159614,-1.9935402262305502e-07,1.7777099835854931e-07
240890046.20041105,-0.6922546191477732,-0.004918669963320569,2.728406607310774e-07,2.5330532346136414e-08
240890166.21001205,-0.6922552295339753,-0.004918767559743951,4.115238313451286e-07,4.7361386054309285e-09
240890285.182812,-0.6922565880882142,-0.00491946366053638,-2.0427922187149505e-07,-6.151415997326243e-07
240890407.17961097,-0.692256756783596,-0.004918993230940619,3.888130096774134e-07,-6.666914202126117e-08
240890526.15241095,-0.6922577935147244,-0.004919479960299792,9.513932142102277e-08,-4.774048138513065e-07
240890645.2116109,-0.692258258950977,-0.004919033039502476,3.734501052843342e-07,4.545148890415518e-08
240890766.17161188,-0.6922591531893776,-0.004919603173334311,2.3498548284983656e-07,-4.476506523494808e-07
240890886.18121085,-0.692260197782612,-0.004919049594151303,-5.96210728565083e-08,1.8223929347874201e-07
240891009.21481082,-0.692260942865147,-0.004919705359258018,-3.5663493713755656e-08,-3.9541177666423816e-07
240891125.1636118,-0.6922616732077995,-0.004919629961368125,-4.1107664494610674e-08,-2.4650881318751677e-07
240891247.16041178,-0.6922625505859238,-0.004919883691553279,-1.5562710564687166e-07,-4.230159159684596e-07
240891365.18281174,-0.6922630973809786,-0.004920212122516542,3.572847151467329e-08,-6.768528291838105e-07
240891485.19241074,-0.6922640435542036,-0.004919763001190082,-1.5972098321714867e-07,-1.519956791106586e-07
240891611.1636107,-0.6922647384950705,-0.004919914127974719,-6.648935424458102e-08,-2.2374823944407846e-07
240891728.1492107,-0.6922654601329981,-0.0049197905226568694,-5.603369712670059e-08,-2.6544089454239028e-08
240891846.17161065,-0.6922667049418872,-0.0049202792774772144,-5.621231903285562e-07,-4.4115861278642976e-07
240891966.1812106,-0.6922674116943179,-0.004920288440517597,-5.175773459820121e-07,-3.750471216723908e-07
240892204.21321157,-0.6922686227618685,-0.004920277299531377,-2.3807286064769784e-07,-2.14943806535646e-07
240892326.21001154,-0.6922690517421809,-0.004920231055368532,9.711121196076533e-08,-9.252837173453349e-08
240892446.2196115,-0.6922699055519859,-0.004920436434591699,-4.842507284052999e-09,-2.230929364325715e-07
240892570.20361146,-0.6922703216995744,-0.004920506937305518,3.5590935376639266e-07,-2.164239669855822e-07
240892686.15241045,-0.6922710658498302,-0.004920605837016578,3.3844033309193833e-07,-2.432642649428593e-07
240892808.1492114,-0.6922718120187838,-0.00492088808435301,3.5699309985925964e-07,-4.4980916927370856e-07
240892926.1716104,-0.6922727017348457,-0.004920912777124808,2.072175615541738e-07,-4.013785648284904e-07
240893046.18121135,-0.6922734336476625,-0.004920642611033899,2.278359962915033e-07,-5.6971609796972744e-08
240893287.15081128,-0.6922748239979877,-0.004921190073832837,3.4890566058543016e-07,-4.5571082195588336e-07
240893465.22121125,-0.6922760386313772,-0.004921300424679452,2.515106969358527e-07,-4.5645537697248245e-07
240893586.18121022,-0.692276612604352,-0.004921532874821629,4.3661931270477794e-07,-6.145956329053209e-07
240893766.1524102,-0.6922779098197634,-0.00492124758297185,2.6904859862231234e-07,-2.1895626289326897e-07
240893886.16201118,-0.6922785514092741,-0.004921682351641888,3.8089423148868207e-07,-5.802850594153336e-07
240894006.17161015,-0.6922793909396908,-0.004921468231771393,2.949241274530223e-07,-2.9283948918632646e-07
240894129.2052111,-0.6922801027946114,-0.004921603484783088,3.5574664736248707e-07,-3.530375877079314e-07
240894249.2148111,-0.692280993003068,-0.004921740472662239,2.193489868629328e-07,-4.169307610156145e-07
240894366.20041105,-0.6922817125644601,-0.004921765804244418,2.3472148491521239e-07,-3.7111914985826083e-07
240894546.17161003,-0.6922829282290485,-0.004921834918650347,1.4990722618790642e-07,-3.3099776692788185e-07
240894726.14281097,-0.6922836539257589,-0.004921945099412964,5.553300904681535e-07,-3.3219853007564887e-07
240894905.16361094,-0.692284969019451,-0.004922001432071203,3.6564647831749397e-07,-2.8038017394881737e-07
240895205.14440987,-0.6922870395465216,-0.004922101779576903,1.8152237168944652e-07,-2.000675683334202e-07
240895326.19081083,-0.6922878416327729,-0.004922063750438284,1.4082881738541886e-07,-8.93400142051512e-08
240895447.15080982,-0.6922884638056221,-0.004922152300670107,2.796202729360431e-07,-1.0535870281162124e-07
240895686.21961075,-0.6922902708958851,-0.004922284461159483,-2.3143976513040343e-08,-9.450345116006342e-08
240895806.14281073,-0.692291117535478,-0.00492244623519816,-1.1500878882575449e-07,-1.8470572487813697e-07
240895985.16361067,-0.6922918253184323,-0.004922414164240377,3.0413525686778797e-07,-4.6002173451596684e-08
240896106.21001068,-0.6922924664478214,-0.0049225372735524145,4.2512301301478317e-07,-9.715293659146029e-08
240896285.1444106,-0.6922936652536262,-0.004922289987033654,3.531001696588376e-07,2.5629533733327603e-07
240896406.19080958,-0.6922944565357931,-0.004922485597191433,3.2420245466013853e-07,1.3236042329441838e-07
240896707.20840952,-0.6922965787233073,-0.004923161643766167,9.83666673670669e-08,-3.6593896802269293e-07
240896827.21800947,-0.6922972107137295,-0.004922791971503635,2.2259256748924372e-07,7.440115163109134e-08
240896945.15400946,-0.6922981782725107,-0.004923138251623763,-1.7180600275779057e-09,-2.0254101733892943e-07
240897066.20041043,-0.6922988097117024,-0.004922988567642784,1.2979329655493643e-07,1.8197512995608844e-08
240897246.1716094,-0.6922997065693751,-0.0049231897895097056,3.6747233544964786e-07,-7.759044432301132e-08
240897366.18120936,-0.6923005706514015,-0.004923248613585266,2.6005153597186137e-07,-6.624750324181472e-08
240897486.19080934,-0.6923012446494834,-0.0049229824727302,3.428110296743725e-07,2.69949202056155e-07
240897605.1636103,-0.692302281324615,-0.004923735039315496,5.6449749652465187e-08,-4.132763652010124e-07
240897726.2100103,-0.6923027077818383,-0.004923459614829048,3.9347893054930694e-07,-6.741416042847087e-08
240897852.18121025,-0.6923036241472407,-0.004923475408116211,2.717634208782016e-07,-1.0023607048548211e-08
240898085.2020092,-0.6923050801823456,-0.004923510203779675,2.8593447209956935e-07,9.023464975655565e-08
240898206.16200915,-0.6923056649329487,-0.004923641933056309,4.644958710997571e-07,2.8447137725290395e-08
240898326.17160913,-0.6923068010833886,-0.004924115894225357,8.574980125963805e-08,-3.762324448548793e-07
240898446.1812101,-0.6923075304147887,-0.004923948831819291,1.1391126109039362e-07,-1.3999850673098585e-07
240898685.16361004,-0.6923091401439339,-0.004924310531929792,1.2883282107800653e-08,-3.6428035801640973e-07
240898805.173209,-0.6923097751723793,-0.004924149426814908,1.356065442159604e-07,-1.343320457673422e-07
240898926.21961,-0.6923106454121396,-0.004924160189672707,2.9750645835768808e-08,-7.576783081671146e-08
240899046.14280897,-0.6923113726548918,-0.004924208517853835,5.988284712543646e-08,-5.552189400511581e-08
240899166.15240896,-0.6923122930539317,-0.004924591008146325,-1.0251295656793502e-07,-3.6949777745994006e-07
240899286.16200992,-0.6923130423861256,-0.004924350810447139,-9.376022824802988e-08,-6.08946671611793e-08
240899466.21960986,-0.6923141473085785,-0.004924620517714457,-6.113132067220306e-08,-2.2817330134778518e-07
240899645.15400884,-0.6923149729596915,-0.004924630847513493,2.4384965868762265e-07,-1.3695561152174407e-07
240899825.2116088,-0.6923163105714333,-0.004924843239305846,4.41418488428269e-08,-2.474056588295387e-07
240899948.15880978,-0.6923171254415325,-0.004924954294901379,6.356037030030848e-09,-2.8899310646184756e-07
240900066.18120873,-0.6923174401403596,-0.004924854237044394,4.376889142232443e-07,-1.223563211062706e-07
240900186.1908087,-0.6923182345290214,-0.00492485968000499,4.019671318022944e-07,-6.02062267714143e-08
240900306.20040968,-0.6923190699042515,-0.004924943436520137,3.2533233396137007e-07,-7.647730912094253e-08
240900665.1924086,-0.6923215560523986,-0.004925134931155573,1.0928014115840767e-07,-6.673948519438783e-08
240900786.15240857,-0.6923221582455648,-0.004925163711038497,2.721228237190232e-07,-2.793118329159905e-08
240901086.2196095,-0.692323862322366,-0.0049252536362915655,4.661812936790355e-07,4.934262490263741e-08
240901205.19240847,-0.6923246351606551,-0.004925394075011425,4.460452402987869e-07,-2.4988003510979795e-08
240901387.1508094,-0.6923256975701311,-0.004925514417944025,5.349518247266261e-07,-4.4426189774703084e-08
240901446.1620084,-0.6923260435068788,-0.004925552160871223,5.624319444619275e-07,-4.949685341194138e-08
240901566.17160937,-0.6923273006441901,-0.004925811896495539,6.475061531396875e-08,-2.4286660270985555e-07
240901746.14280835,-0.6923284420497531,-0.004925548021289912,6.237309968515348e-08,1.203356144218251e-07
240901865.20200932,-0.6923289509723217,-0.0049255415199420515,3.0704596909458814e-07,1.9241608330451687e-07
240902165.18280923,-0.692330884615461,-0.0049258307616885785,2.724193478575998e-07,6.794850020228754e-08
240902406.15240818,-0.6923324589590296,-0.0049262860828441545,2.2378872588380005e-07,-2.554863097513696e-07
240902706.2196091,-0.692334616119317,-0.0049262245978220365,-3.3161126400393925e-08,-3.035783306855333e-08
240902886.1908081,-0.692335836362609,-0.004926440436646493,-1.1355220441711111e-07,-1.4836001629211365e-07
240903006.20040905,-0.6923364093212524,-0.004926581222337116,7.363940857096907e-08,-2.2403513242740675e-07
240903125.173209,-0.6923369064540413,-0.004926583773636024,3.301411022338385e-07,-1.6214043501838055e-07
240903246.219609,-0.6923379063744703,-0.004926494976060928,9.704204484428658e-08,-7.877727052282846e-09
240903425.15400794,-0.6923391784460926,-0.004926356123418453,-4.139781828449429e-08,2.2755550428254362e-07
240903546.20040792,-0.692339774442342,-0.004926632338283104,1.2955257921998253e-07,1.654638776601297e-08
240903666.21000892,-0.6923397846950321,-0.004926618688589926,8.797257931014713e-07,9.474033466332771e-08
241149665.15395194,-0.6937789382085582,-0.004850180330649903,-1.3735344517318282e-07,2.2532763596910116e-07
241149845.2115519,-0.693779810385106,-0.0048502418801992546,-1.5372636019694852e-07,5.965621082976852e-08
241150086.18115285,-0.6937810770841404,-0.004850442633532057,-2.7545834879738607e-07,-2.8024382346669707e-07
241150266.15235183,-0.6937820907560436,-0.00485039562247734,-4.3425943851982396e-07,-3.370063404858556e-07
241152545.2115513,-0.6937922633315105,-0.004848968010533942,1.9852860433378083e-07,-2.119204336719499e-07
242618467.1408813,-0.7013531129639898,-0.004929058425575669,4.801854186498034e-07,-3.7137847683395286e-08
242618825.18248227,-0.7013548959542938,-0.004928747978249688,3.795511704929311e-07,-3.997100068466042e-09
242618946.14248124,-0.7013556104997858,-0.0049289400392734635,2.3298961759898873e-07,-2.897847125567579e-07
242619186.1616812,-0.7013566950291349,-0.004928575216975552,2.7493053889049435e-07,-1.110026731773392e-07
242619306.17128217,-0.7013571938963511,-0.004928562989606782,3.3901162854732547e-07,-1.9182438373756966e-07
242619426.18088117,-0.7013580183948571,-0.004928595993494535,7.726919404316135e-08,-3.1789602432819725e-07
242619541.17928115,-0.701358208713885,-0.004928456251114702,4.260263818389731e-07,-2.6735228541348993e-07
242619721.15048212,-0.7013590005159152,-0.0049279893141391555,4.775153386038511e-07,5.995726428970755e-08
242619846.17128113,-0.7013594582900732,-0.004928031579564259,6.052933531064397e-07,-7.932595550048938e-08
242619971.1920811,-0.7013601456863235,-0.004927762723304885,5.032370111734963e-07,9.249455554770358e-08
242620088.1776821,-0.7013609459975664,-0.004928079574456526,2.5045236673459925e-07,-3.151715489840834e-07
242620206.20008105,-0.7013613592455992,-0.004927876107680843,3.893936626475636e-07,-2.033395805987187e-07
242620387.20808202,-0.7013622204051909,-0.00492777436431536,3.747410568522014e-07,-2.4216244510523455e-07
242620506.18088102,-0.7013628322782718,-0.0049276122835226486,3.1901310004744943e-07,-1.7249082581802938e-07
242620627.14088202,-0.7013632655151508,-0.004927402187177349,4.510094493426209e-07,-5.636115562625277e-08
242620751.211282,-0.7013641385908743,-0.004927470159063899,1.574899894940529e-07,-2.2073013914748751e-07
242620866.20968097,-0.7013645826588577,-0.004927225823349247,2.5040924711561274e-07,-6.575530363608917e-08
242621047.21768093,-0.7013655698561538,-0.004927102708602432,1.0805653583023656e-07,-8.331792435405799e-08
242621166.19048095,-0.701366084427367,-0.00492693714602197,1.4853278651472124e-07,-1.0234233327119369e-08
242621286.2000809,-0.7013664469834503,-0.004926959915178376,3.456583583805184e-07,-1.26299335590635e-07
242621406.20968193,-0.7013670845091226,-0.0049270089645404875,2.676099188914094e-07,-2.686553383385998e-07
242621586.18088087,-0.7013678808599971,-0.004926801021588905,3.098887476626899e-07,-2.0065771408252914e-07
242621706.19048086,-0.7013683307389682,-0.0049267079946420066,4.1897284475123087e-07,-2.0096196062455163e-07
242621947.16008082,-0.7013693672185703,-0.004926532780279433,5.04220320718396e-07,-2.131756211528127e-07
242622066.21928182,-0.7013700151954836,-0.004926256569007433,4.1016095320145496e-07,-2.9581586365352852e-08
242622433.16008076,-0.7013717158833439,-0.004925876378492472,4.153509857163229e-07,6.511844511964543e-08
242622668.16808075,-0.701372958735359,-0.004925944295912531,2.6399577934821394e-07,-1.8567177850672273e-07
242622846.1520807,-0.7013739846471884,-0.004925915607758573,6.418994202839201e-08,-2.9549556135755745e-07
242622901.1888817,-0.7013739601107369,-0.004925663245439894,3.440825959710736e-07,-8.596627801976675e-08
242701806.16167095,-0.7016992942984369,-0.004878148243823236,8.523824401862612e-08,2.2656568413308847e-07
242701926.1712709,-0.7016997727634021,-0.004878096857559458,7.269659541009332e-08,2.3256134130435202e-07
242702345.21126986,-0.7017014882075833,-0.004878207380619913,-1.634595825361629e-08,-3.575313064357877e-08
242702585.14406982,-0.70170222693666,-0.004878115666506555,1.7582847355868125e-07,-3.389322380566162e-08
242702706.19046983,-0.7017026069822929,-0.004878102021833022,2.6532985086813454e-07,-6.544267693552042e-08
242702945.17287078,-0.701703725756961,-0.004877996663395364,7.339399255013035e-08,-4.9038987511365595e-08
242703065.18247077,-0.7017040584492488,-0.004878085551050211,2.0603548667175176e-07,-1.8246004177165098e-07
242703245.15367073,-0.7017046493716528,-0.004877904938573763,3.1282425516643286e-07,-6.84591311417293e-08
242703366.20007074,-0.7017055296011943,-0.00487752624499665,-9.82165436758109e-08,2.6554923732678704e-07
242703487.16007072,-0.7017057113836495,-0.004877762217130894,1.8878738872185608e-07,-1.4981900293281614e-08
242703606.2192707,-0.7017062119229369,-0.004877688189278827,1.4960144234521522e-07,1.527955504482259e-08
242703786.19047067,-0.7017069103186454,-0.004877318710656929,1.4846627482967278e-07,3.1877513302462634e-07
242703905.16327065,-0.7017074683328755,-0.004877194979526357,5.1302888937065916e-08,3.9900308076296076e-07
242704025.17287064,-0.7017081332588161,-0.004877572107889343,-1.4882464294263542e-07,-2.191368912284747e-08
242704145.1824696,-0.7017085058278179,-0.004877469004248444,-5.666465296982892e-08,3.749617806525496e-08
242704266.1424696,-0.7017086762187991,-0.00487709072177099,2.4128292053227085e-07,3.71834958838059e-07
242784485.17286006,-0.7020089356557014,-0.004879498457602096,2.4214758620466625e-07,5.708152273718042e-07
242784606.21926007,-0.7020098992535097,-0.004879817480563691,-2.432402763652419e-07,2.981163061584191e-07
242784785.15366003,-0.7020102017360195,-0.004879681457486693,1.6143042735894397e-07,5.027739789411484e-07
242784906.20006004,-0.7020108550455733,-0.004879756023315045,-1.3333057324871334e-08,4.7474468055190566e-07
242785206.18085998,-0.7020120662960277,-0.0048799520917319665,-3.8057006546132754e-08,3.943743847141176e-07
242785326.19045997,-0.7020124773362098,-0.004880255087241581,2.5811568438172117e-08,1.3781251514358855e-07
242785684.14565992,-0.7020138191100393,-0.004880264876960774,1.0133141281620794e-07,2.6702344249965315e-07
242786464.16485882,-0.702016969648443,-0.0048805331536396716,4.316632040701762e-08,3.0425306830027254e-07
242786647.1600598,-0.7020179118878109,-0.00488078775236705,-1.7281928665902058e-07,1.218467762850034e-07
242786886.14245877,-0.7020188106057558,-0.004880821829938115,-1.2265147775192276e-07,1.8234697394745036e-07
242787131.17285973,-0.7020196236691446,-0.0048809098389985,3.769233536399241e-08,1.916603716550086e-07
242787487.14085868,-0.7020211788352347,-0.0048812064239565495,-1.0245018022825292e-07,3.709550751296309e-08
242787665.21125868,-0.7020218642482835,-0.0048811324452125915,-7.96094051791485e-08,1.8240156863472828e-07
242787786.17125964,-0.7020225294459114,-0.004881376729365885,-2.635527424077466e-07,-1.3323462824330057e-08
242787906.18085966,-0.7020227485178671,-0.004881212173626375,-5.032222860634761e-09,1.9949612804597006e-07
242787965.19205964,-0.7020229218443954,-0.004881333482988965,5.652680301615476e-08,1.0195064054606406e-07
242788086.15205863,-0.7020233466818943,-0.004881432710561383,1.1324230253517698e-07,5.1498850651802985e-08
242788265.1728586,-0.7020241135763183,-0.004881336829767321,5.926528401367648e-08,2.1972847586218536e-07
242788386.2192596,-0.7020246591547217,-0.004881487969670958,-4.12086331724737e-09,1.1761665337593069e-07
242788506.14245856,-0.7020252480770932,-0.0048815021601068325,-1.1520884224403005e-07,1.5208605632591882e-07
242788625.20165858,-0.702025641124954,-0.004881617033298452,-3.375084389745098e-08,8.560759182096866e-08
242788805.17285952,-0.7020262574177994,-0.004881535322318952,6.743908120832032e-08,2.4063445268687755e-07
242789225.16325948,-0.7020278346579693,-0.004881809269699865,1.6554884818553717e-07,1.385407777066902e-07
242789286.16165847,-0.7020281852377012,-0.004881907575295446,5.8407534475612977e-08,6.528348844327125e-08
242789825.21125838,-0.7020303290780717,-0.004882106070249332,6.71039327437839e-08,8.91246587355829e-08
242869746.1616483,-0.7023731266606968,-0.004935673033737941,-1.5947557452378192e-07,9.51621937257674e-08
242869865.22084928,-0.7023734902318215,-0.004935475937068345,4.974400158452852e-08,3.849581580069039e-07
242870106.19044825,-0.7023746406418947,-0.004936024249717993,5.9257158735448456e-08,2.4156915649255206e-08
242870285.21124825,-0.7023753978651349,-0.004936524102274353,1.6430103721987166e-07,-3.364831116514644e-07
242870406.17124823,-0.7023758564798449,-0.0049364129797737,2.8855773714919764e-07,-1.3134322556559302e-07
242870527.21764922,-0.7023767441697136,-0.004936123912797648,-1.5636594241641433e-08,2.517717569800945e-07
242870706.1520482,-0.7023773511205139,-0.004936505019894802,2.4033218726238204e-07,9.622110483387125e-09
242870828.14884818,-0.7023782488371708,-0.004936513968471424,-6.879101177581504e-08,9.53681830945588e-08
242870945.22084916,-0.7023784608383177,-0.004936729728566971,2.842367291533421e-07,-2.9555085503084333e-08
242871066.18084913,-0.7023794628356144,-0.004936607078527304,-1.3376610386028887e-07,1.8691225764453506e-07
242871245.20164815,-0.7023800018808417,-0.004936694029092049,1.9187329536318742e-07,2.387435575667077e-07
242871365.2112481,-0.7023805502389453,-0.004936742141550264,2.2341906424916402e-07,2.8362049220471974e-07
242871545.18244806,-0.7023818690692526,-0.004937106957188018,-2.2539302813040507e-07,5.818707732481443e-08
242871666.14244807,-0.7023820517685556,-0.004937368179747659,1.7690255471602967e-07,-1.0940183636787282e-07
242871786.15204805,-0.7023828574159015,-0.004937121624685424,-4.814933129981824e-08,2.3001441460529515e-07
242871908.14884806,-0.7023832359890113,-0.004937282184421931,1.6368717747905492e-07,1.6381593845923165e-07
242872087.169649,-0.7023842411871765,-0.004937526209177429,2.5232934963703713e-08,5.819027337154031e-08
242872206.142448,-0.7023848599488733,-0.004937474379739756,-1.727397980211265e-08,2.019510569137989e-07
242872445.21124798,-0.702385891873809,-0.004937888307576476,1.0932251282014249e-07,-2.7355657194333416e-08
242872566.17124894,-0.7023865251615788,-0.004937969564930074,6.249304873584549e-08,-1.5257302738921896e-08
242872748.21604893,-0.7023870069772286,-0.0049377945735711,4.6366107731010686e-07,3.001636499659274e-07
242872866.15204892,-0.7023879235450357,-0.004938262052341383,1.193581394831611e-07,-7.638455634933344e-08
242873046.2096489,-0.7023888977649453,-0.004938189469155818,1.918807512879539e-08,1.3495699956438817e-07
242873166.2192489,-0.7023894547104987,-0.004938285811140718,4.503647810238931e-08,1.3105208799407686e-07
242873226.18084788,-0.7023898519090668,-0.004938368695238042,-6.090513082757099e-08,9.4339365393388e-08
242873405.20164788,-0.7023907709758166,-0.004938442075162916,-1.1012236633689554e-07,1.5875318959673174e-07
242873526.16164884,-0.7023910724061788,-0.004938526051424027,1.764159818229416e-07,1.6783407469703193e-07
242873707.16964883,-0.7023920524013757,-0.0049386047776837924,7.662215872894507e-08,2.28290744779501e-07
242873827.1792488,-0.7023927222157025,-0.004938617749854176,-9.3834371384105e-09,3.075512812009823e-07
242873945.20164782,-0.7023931998440094,-0.004938898707111664,8.730696277048366e-08,1.17263251172596e-07
242956091.21123883,-0.7028179758075771,-0.004992756455035769,3.8205510444200286e-07,-4.5763101990704824e-07
242956272.21923783,-0.7028190216367239,-0.004992297639013043,3.403282490266335e-07,7.04984744479345e-08
242956505.15363878,-0.702820448947586,-0.004992253816095044,2.054868821765865e-07,2.029973938770524e-07
242956985.19203773,-0.7028231292175335,-0.004992867442380415,1.8987415528748386e-07,-2.2973369511597452e-07
242957105.20163772,-0.7028240657391989,-0.004992904490251837,-8.025816999879254e-08,-2.2194706753540794e-07
242958245.16323858,-0.7028305965398726,-0.004992865629486556,-2.7682811420959297e-07,2.3503799226679e-07
242958426.17123756,-0.7028313903797456,-0.004993230843552396,-6.421685783131181e-08,-6.507374848696568e-08
242958606.14243752,-0.7028321272446673,-0.004993446393019805,1.9977839582629997e-07,-2.162434985615233e-07
242959205.15363845,-0.7028356556543496,-0.004993406234780557,3.809686122124845e-09,3.5685869320331576e-08
242960405.16323832,-0.7028423602523587,-0.004993892044021959,-1.9694627706456913e-08,-3.7448651019587886e-08
243129251.15361813,-0.7037027921472004,-0.004937903045036775,-1.592696761143486e-07,-1.6275331821309635e-07
243129425.1632191,-0.7037032625286146,-0.0049376043465726195,1.1899906027235119e-07,3.3969590716720344e-09
243129605.22081807,-0.7037045211053068,-0.0049376320273613414,-3.652356068695184e-07,-1.6149734264649107e-07
243129785.19201806,-0.7037049570352385,-0.004937385588183249,-2.7531460000673746e-08,-5.2264046543695764e-08
243129845.15361902,-0.7037052627110199,-0.004936834999650663,-7.552810188382608e-08,4.525984231068189e-07
243129905.20161805,-0.703705415636514,-0.004937274636378477,2.955907429935678e-08,-3.283655567679761e-08
243130145.220819,-0.703706377729711,-0.004936741675545718,9.839502201902661e-08,3.1700095568659714e-07
243130206.219219,-0.7037068632303085,-0.004937091650498471,-1.2520267134163987e-07,-7.9528506869396e-08
243130265.144018,-0.7037070753051515,-0.004937062304229282,-8.43153638019345e-08,-9.516007757736505e-08
243130385.153619,-0.7037074882430704,-0.004937170742445211,1.7829430820626158e-08,-2.9522053862987563e-07
243130445.201618,-0.7037080375807736,-0.004936462894383129,-2.7383928513646794e-07,3.667745400413869e-07
243130505.16321898,-0.7037081192846971,-0.00493673204637215,-9.828353020324698e-08,5.182969062787757e-08
243130625.17281896,-0.7037084936601343,-0.0049359646567880425,4.211495374661922e-08,7.275501917444402e-07
243130745.18241793,-0.7037090554775952,-0.004936120843341929,-5.0840364140825045e-09,4.796716793877345e-07
243130805.14401895,-0.7037092454933591,-0.00493629285970182,6.196573765215874e-08,2.6183388906857175e-07
243130865.19201896,-0.7037091802058406,-0.004936385967136093,3.8465004714716144e-07,1.228334140946502e-07
243130925.15361795,-0.7037098073107281,-0.00493644904636905,1.4532405612222021e-08,1.3921642706693493e-08
243130985.20161793,-0.7037098183619875,-0.004936527097864909,2.607993643266582e-07,-1.1003392725011246e-07
243131045.16321892,-0.7037103106423457,-0.0049362722200474145,2.542762411739119e-08,9.900042499851047e-08
243131105.21121892,-0.7037105097344291,-0.00493593565339959,8.357483183285552e-08,3.8965215118022534e-07
243131286.21921888,-0.7037110389883046,-0.004936015802863502,3.29500001838845e-07,1.7106505035939523e-07
243131465.15361887,-0.7037123285397541,-0.004935578723053738,-1.9410901574978823e-07,4.7124655853936215e-07
243131525.20161787,-0.7037122036725343,-0.00493573751409863,1.8771847443144196e-07,2.665041096321444e-07
243131645.21121785,-0.7037133192597148,-0.004935623576514779,-4.1443857679013263e-07,2.885899890187754e-07
243131705.17281884,-0.7037130399874184,-0.004935695593431778,1.2130351578765186e-07,1.7067288192625096e-07
243131885.14401782,-0.7037137692884164,-0.004935464394978169,1.61538470044853e-07,2.6407559338553765e-07
243132425.14401877,-0.703716346610444,-0.0049356121978894945,-1.0901489400083619e-07,-2.974307048214317e-07
243132725.21121773,-0.7037175717865574,-0.004934935979979287,-5.381571122065054e-08,1.4874823329319442e-07
243132845.18241873,-0.7037182173135834,-0.004934630376095149,-1.8772342347261883e-07,3.6235064565688646e-07
243133025.1920177,-0.7037186837578586,-0.004934833454656599,1.131699468581715e-07,2.1200048401677496e-08
243133205.16321868,-0.7037195534082273,-0.004934959240612945,1.0311662412831879e-08,-2.426624605804395e-07
243133325.17281866,-0.7037201646235718,-0.004934281981065613,-8.979967136557576e-08,3.4250576951347367e-07
243133385.2208177,-0.7037202832568115,-0.004934528695115715,4.72387041705602e-08,4.970760577541894e-08
243133505.14401865,-0.7037208065985565,-0.004934523986442156,3.437551043816711e-08,-3.76296641997273e-08
243133625.15361765,-0.7037212920340549,-0.004934337765129362,5.961369775597802e-08,5.64659597386899e-08
243133746.2000176,-0.70372163320323,-0.0049344750682469496,2.3335439547356174e-07,-1.7377193194719615e-07
243133805.21121863,-0.7037222257924136,-0.004934054210344841,-1.0827582586081519e-07,2.017747680379406e-07
243133925.22081763,-0.7037225435607607,-0.004934321823965881,8.419451014152202e-08,-1.5799628491023482e-07
243133985.18241858,-0.7037227112913036,-0.004934404187425821,1.713340325171231e-07,-2.8640979129329613e-07
243134045.1440186,-0.7037229328724801,-0.004934269558366926,2.0457907623505633e-07,-1.9783370760941693e-07
243134105.19201759,-0.7037234796360491,-0.0049343132724040464,-8.703511955587828e-08,-2.8766995944368157e-07
243134165.15361857,-0.7037235578213349,-0.004933812454919798,8.951779972843354e-08,1.6708884726605172e-07
243134285.16321856,-0.7037240442328326,-0.00493383018488965,1.1281716805200404e-07,5.716689780842915e-08
243134405.17281854,-0.7037245399681405,-0.004933809080656067,1.2661528370205843e-07,-1.3931501692716897e-08
243134465.22081855,-0.7037249129280263,-0.004933930753973594,8.538693974102785e-09,-1.817431885672502e-07
243134585.14401752,-0.7037254113032607,-0.004933694288377341,1.9062704526007224e-08,-3.742899482277878e-08
243134765.20161754,-0.7037260103312011,-0.004932980209585886,1.8378053590062393e-07,5.382721208696886e-07
243134825.1632185,-0.7037265689806971,-0.004933729841464791,-1.206213469107098e-07,-2.574459029352702e-07
243216786.1904088,-0.7040308396895334,-0.00488668234132347,4.5686423311153135e-08,2.6384137682793074e-08
243216846.15200976,-0.7040310268229206,-0.004886599987373232,6.736482771607655e-08,8.982424209817708e-08
243216906.20000976,-0.7040312082534202,-0.0048867237890820045,9.503850462166952e-08,-5.289576515774691e-08
243216965.21120876,-0.7040314966596084,-0.004886500680550902,1.2117714942583291e-08,1.5164337392042926e-07
243217026.20960978,-0.704031571294903,-0.004886726210689706,1.498787818299263e-07,-9.30582574991401e-08
243217087.20800877,-0.7040319484131472,-0.0048864584250536865,-1.4852076124505231e-08,1.5557952766018235e-07
243217206.18080974,-0.7040323072748546,-0.004886671605038471,4.0505819254299524e-08,-9.48787577930571e-08
243217266.14240873,-0.7040324732787541,-0.0048866370971130816,8.325300215883402e-08,-7.912466888724407e-08
243217327.14080974,-0.7040326347131511,-0.004886588781226206,1.3417006783367214e-07,-4.986332373391189e-08
243217386.1520087,-0.7040329290314602,-0.004886629265271899,4.5276398075166924e-08,-1.0875850026906969e-07
243217566.20960972,-0.7040333288166443,-0.004886675701462556,2.722375878061456e-07,-2.112335393761669e-07
243217627.2080087,-0.7040336712917722,-0.0048865266211773435,1.4206750553746872e-07,-8.109036981739787e-08
243217686.21920967,-0.7040339440838265,-0.004886211652494463,7.46548801666691e-08,2.1558094055740273e-07
243217747.21760866,-0.7040340411909883,-0.004886639121231877,1.8983374061587455e-07,-2.307777187057769e-07
243217806.14240968,-0.7040341704440786,-0.004886381866487157,2.656408800705279e-07,8.252080683709972e-09
243217866.19040966,-0.7040343547259732,-0.004886402590532382,2.903185403191344e-07,-3.1021195803955515e-08
243217985.16320965,-0.7040349945587008,-0.004886124467393171,6.446791533942786e-08,2.1041947190214572e-07
243218227.16960964,-0.7040355776868864,-0.004886523874664544,3.23315650363476e-07,-2.6332072239863835e-07
243218345.19200963,-0.7040363260258296,-0.004886082176790235,-1.4464593856011732e-08,1.422649531235276e-07
243218405.1536096,-0.7040364661429247,-0.004886148156348937,5.398881885998463e-08,5.7973447795817146e-08
243218646.2096096,-0.7040371606148509,-0.004885923446150494,1.9790319072399143e-07,2.0930491958885689e-07
243218765.18240958,-0.704037692518657,-0.0048859670153436445,7.972174453918512e-08,1.296610212149496e-07
243218886.14240855,-0.704038057653502,-0.004885953424704187,1.3517703112420065e-07,1.0667048036538951e-07
243219005.20160857,-0.7040385461506132,-0.004885955184496451,6.06182879447914e-08,6.899923762123533e-08
243219186.20960853,-0.7040389699374185,-0.004886386895023071,2.660680276100891e-07,-4.1712719211529914e-07
243219365.14400852,-0.7040396946778166,-0.0048861419553652115,1.6325697071994938e-07,-2.257646108090941e-07
243219426.1424095,-0.7040399236879166,-0.00488591807629586,1.4623865318696971e-07,-2.0100737031444882e-08
243219485.15360948,-0.704040033918891,-0.004886050119721873,2.4108208529494135e-07,-1.6974211280908896e-07
243219665.21120846,-0.7040408605027617,-0.004885643810390904,4.016208121626619e-08,1.830167976179381e-07
243219787.20800847,-0.7040412227926259,-0.004885912030359686,1.0172735964708579e-07,-1.213611944064774e-07
243219965.19200844,-0.704041718335067,-0.004885957419443482,2.2447011505111192e-07,-2.1932065514315008e-07
243220026.19040942,-0.7040419334489703,-0.0048857585659112775,2.212299196058254e-07,-3.843427803535554e-08
243220086.15200844,-0.7040421388670639,-0.00488591017694067,2.2407220101605674e-07,-2.0768228908060044e-07
243220206.16160843,-0.7040428409481082,-0.004885529748677704,-6.122422291365837e-08,1.3752054730999802e-07
243220265.1728094,-0.7040430237000357,-0.004885367138033261,-3.9052387212912265e-08,2.828463659598421e-07
243220325.2208094,-0.7040431565836542,-0.004885455938332528,3.657600267104044e-08,1.7648213371766752e-07
243220445.1440094,-0.704043466133247,-0.004885542449846263,1.4341338627765765e-07,5.4967649460758994e-08
243220506.1424094,-0.7040437985168372,-0.004885340536352286,2.2804109933716177e-08,2.391151365504357e-07
243220625.2016084,-0.7040441406163642,-0.0048853243557665715,9.401708023215605e-08,2.2069349229440066e-07
243220747.19840837,-0.7040445169901529,-0.004885501101323116,1.4110191270955141e-07,8.593999082685821e-09
243220805.17280838,-0.7040447033720127,-0.004885684545469684,1.5593435476191075e-07,-1.916144789634519e-07
243220925.18240833,-0.7040451277085553,-0.004885559443736349,1.4808217696504755e-07,-1.0114115443597693e-07
243220986.18080834,-0.7040453443457406,-0.00488536519307431,1.431154857955974e-07,7.5547196886315e-08
243221105.1536093,-0.7040458789065099,-0.004885193402548467,2.1363195545909264e-08,2.131587923765929e-07
243221225.16320932,-0.7040462095921849,-0.00488541080090329,1.070308561779143e-07,-3.861557270647131e-08
243221286.16160932,-0.7040464070053463,-0.0048853148326133775,1.2122106929357557e-07,3.991899940290755e-08
271047906.1527826,-0.6451538184926954,-0.006033766118131187,4.955217249857924e-07,-8.17616306956169e-07
271048026.16238254,-0.6451542314477962,-0.006033515075177258,7.217863717823292e-07,-6.558463460249603e-07
271048566.1623814,-0.6451578151841902,-0.006032959315031194,1.2580957720054187e-08,-5.022527071680064e-07
271048807.21838135,-0.6451594997914749,-0.006032651939425806,-3.897601623670255e-07,-3.746464387523879e-07
271049526.15278214,-0.6451630483256732,-0.006032123792738935,-1.1747696282427e-07,-3.834998718076424e-07
271049767.20878106,-0.6451641159054053,-0.006031974051898798,9.486899155142225e-08,-4.140873543891435e-07
271050006.191182,-0.6451652021643521,-0.006031232821216737,2.7693091964042793e-07,1.4823561302838156e-07
271050186.16238093,-0.645167146901118,-0.006031374020193758,-7.130620178763536e-07,-1.2777781315236741e-07
271050846.17198175,-0.6451703994945347,-0.006030466182261785,-4.6725956859283713e-07,2.850614101322299e-07
271051145.20238066,-0.6451716284979536,-0.006030717154597777,-1.1279116785001264e-07,-1.9047322017545776e-07
271052946.21038014,-0.6451813556635132,-0.0060298414150780095,-3.241168360368363e-07,-6.706638543425153e-07
271055826.18157935,-0.6451960889538305,-0.006027346867032603,7.909948962492308e-08,-3.536255001618943e-07
271134966.162357,-0.6455722085843032,-0.005981040727196775,3.115049639346168e-07,-2.533497709747423e-07
271135146.21995795,-0.6455727996112848,-0.005980291795705878,5.411801363708335e-07,4.3000732600703695e-07
271135507.1991568,-0.6455750787442655,-0.005981117710415087,-9.28293748536646e-08,-5.267819310674632e-07
271135806.14315677,-0.6455760707253809,-0.005980814700377822,2.773647879150687e-07,-3.315557718470627e-07
271136047.19915766,-0.6455773949270256,-0.0059805658012655,5.140719927521076e-08,-1.6917012680452148e-07
271136166.1719576,-0.6455778455246358,-0.00598068148336367,1.4279293181207464e-07,-3.274186995416706e-07
271136286.18155664,-0.6455784935507394,-0.005980333564813951,4.143697895919729e-08,-2.234871207627137e-08
271136586.1623565,-0.6455802651173511,-0.005980083446047347,-3.638142334061456e-07,1.2105645878952853e-07
271136886.1431574,-0.6455815693889548,-0.005979949222051306,-3.020102811168712e-07,1.4913130025329124e-07
271137066.2007574,-0.6455821760764435,-0.00598004155501587,-8.885636915145767e-08,-6.642480688753838e-09
271137306.21995735,-0.6455833134434175,-0.005979877985847807,-1.3350598881967102e-07,7.268008767827988e-08
271137486.1911573,-0.6455841873226948,-0.0059800521163111625,-1.8815293845175773e-07,-1.6437820373697148e-07
271137726.2103572,-0.6455849025796778,-0.005979639828698734,1.8901316478636687e-07,1.6431029084117837e-07
271137966.1431562,-0.6455862800429408,-0.005979931790504255,-9.659433197750644e-08,-2.108470795614964e-07
271138206.1623561,-0.6455874329903429,-0.0059798346592639835,-1.57471296557965e-07,-1.9656508986123922e-07
271138446.181556,-0.6455882832351304,-0.005979703967748979,8.417142838279545e-08,-1.4834377619170336e-07
271138686.2007559,-0.645589709005819,-0.005979532737120254,-2.498990603339024e-07,-5.920156197648102e-08
271138866.17195684,-0.6455904989884096,-0.005979443473297892,-2.2142850852890916e-07,-3.123715293807533e-08
271139106.1911568,-0.6455919543640968,-0.005978841194263734,-5.854423238416118e-07,4.896281934289176e-07
271139226.2007558,-0.645591969298335,-0.005979508237862527,-5.4770126989289736e-08,-2.179763799433146e-07
271139527.21835667,-0.6455939674501351,-0.005978727966804844,-6.846115143677167e-07,4.6098715248202304e-07
271139766.2007566,-0.6455945361387079,-0.005979592939261792,-1.672093993265733e-07,-4.839733442132954e-07
271140486.1719554,-0.6455977758234416,-0.005978217852382156,-1.3616362992685538e-07,6.525297760072088e-07
271302726.1911101,-0.646375225803695,-0.006041309150594301,-6.911632489670083e-07,-6.125943249248728e-07
271302907.19911003,-0.6463753135672765,-0.006040981120876183,2.449100942047977e-07,-1.3846646588870637e-07
271303026.171911,-0.6463763206660096,-0.006041324726815968,-8.895621428361977e-08,-3.860878098468565e-07
271303446.1623109,-0.6463790423496548,-0.006041125301760009,-4.32235592873198e-07,1.5190357774939878e-07
271303866.1527108,-0.6463816532613574,-0.006041682638499518,-6.619591979006856e-07,-6.729517992246775e-08
271304346.19110966,-0.6463835523923684,-0.006041758082485856,1.6391746293642484e-07,2.432137891118791e-07
271304646.1719105,-0.6463853978394405,-0.006042539711183181,2.3160312778713887e-08,-2.9751869745631154e-07
271304946.1527095,-0.6463874663370153,-0.006042479480586799,-3.3927264631028464e-07,3.3837447115103725e-09
271305246.2199104,-0.6463887324582802,-0.006043225893113921,1.0252563575896545e-07,-5.025132651294978e-07
271305606.1623103,-0.646390632011783,-0.006043603931642384,2.534710650259342e-07,-5.923432132579412e-07
271305906.1431092,-0.646392129781412,-0.006043597865913353,4.660856951499426e-07,-3.463310934703756e-07
271306206.2103091,-0.646394087586426,-0.006043627319918142,2.2048258196960546e-07,-1.3599833536930006e-07
271306506.1911101,-0.6463957932946578,-0.00604400584917762,2.2779558528362998e-07,-2.750392932128823e-07
271306746.21031,-0.6463970284338386,-0.006044167789325986,3.642073386211919e-07,-2.4552683958525834e-07
271306927.2183089,-0.6463983704302962,-0.006044164410587689,5.709830896982737e-08,-9.786367976671179e-08
271307227.1991098,-0.6464000333021886,-0.0060445270029753405,1.103504174704284e-07,-2.2152154569455434e-07
271307527.17990875,-0.6464017594244973,-0.006044318638092853,1.0162154928661238e-07,2.2554668388172217e-07
271307826.2103096,-0.646403152422078,-0.0060450005496696015,4.2182710147109503e-07,-2.1864818632554017e-07
271308126.1911086,-0.6464050389964695,-0.006045470322405738,2.551427422670116e-07,-4.5018001457175494e-07
271308427.20870954,-0.6464072225216634,-0.006045031572800258,-2.013107881504439e-07,2.2740090163675397e-07
271308726.1527084,-0.6464086954567894,-0.006045685776879255,4.214225268750482e-08,-1.8984812089496012e-07
271309026.21990937,-0.646410235824333,-0.006045931771078621,2.258149751632743e-07,-1.98228431474122e-07
271309316.17830926,-0.6464126687970707,-0.00604664316421833,-5.400648597220226e-07,-6.802326895155239e-07
271309626.1815082,-0.6464136842609384,-0.006046429714115003,2.2802810184519018e-07,-2.2177516028568794e-07
271309936.1847081,-0.6464154583653836,-0.0060464458864328005,2.3872478016606635e-07,6.813233393264395e-09
271310226.14310896,-0.6464170200316951,-0.006046817909802477,3.47567572833718e-07,-1.364985366238483e-07
271310526.2103089,-0.6464188650448628,-0.006047296963049536,2.324220963467738e-07,-3.7909297093043776e-07
271310826.19110787,-0.6464208374078506,-0.006047239284095884,-9.446125215362144e-09,-8.525283022847024e-08
271311146.2167087,-0.6464225318821551,-0.006047262536743662,1.4343161014451766e-07,1.431837980811132e-07
271311366.1911077,-0.6464236033433791,-0.006047512006159052,3.425006737112213e-07,6.656621753635406e-08
271311666.1719086,-0.6464256092003654,-0.006047981489232704,7.021699421905225e-08,-1.6739450826863678e-07
271311966.15270853,-0.6464271932925666,-0.006048073791941665,2.2077188210900545e-07,-2.4401425046359504e-08
271312266.2199085,-0.6464289770336865,-0.006048440677899035,1.7323819112569083e-07,-1.5614951523901938e-07
271312506.1527074,-0.646430279751116,-0.006048625382575381,2.595410130146192e-07,-1.5300040128417292e-07
271312806.2199083,-0.6464321150844714,-0.0060486459935708775,1.6229017296698345e-07,6.112289433531787e-08
271313106.2007072,-0.646433907656894,-0.006048866148336776,1.083223722941895e-07,7.54122561038087e-08
271313345.18310815,-0.6464351875604154,-0.006049135729329089,2.1421656304365655e-07,-7.555167167230814e-09
271313886.219908,-0.6464384436936599,-0.006049531020113007,9.774710840737555e-08,1.911651255175062e-08
271314246.1623079,-0.6464404802246616,-0.006049723057876291,1.517397870687276e-07,1.0741000036878362e-07
271314605.15430677,-0.6464426345664563,-0.0060502334399655175,8.3775422599075e-08,-1.2369096041159322e-07
271315146.1911066,-0.6464459146767161,-0.006050245852194851,-4.9414534797342924e-08,2.8422237238843323e-07
271315386.21030754,-0.6464476202616454,-0.006050301181018679,-3.579759884075884e-07,4.1514102400250913e-07
271315925.17350745,-0.6464502976379238,-0.006051394809839793,1.0377097015012993e-07,-2.60757878011407e-07
271316166.1431064,-0.6464515424584714,-0.006051132655753362,2.633749407454644e-07,1.8794579797337674e-07
271391526.21028656,-0.6469129428974191,-0.006100548949182169,-7.580422812791809e-07,3.7997277562394627e-07
271391826.19108546,-0.6469138227985254,-0.006101301033906826,3.045418298652791e-07,-2.5399537539969735e-07
271392126.1718864,-0.6469157767302249,-0.0061014705931655535,2.936925730390172e-07,-3.06413645218169e-07
271392426.15268534,-0.6469176931614888,-0.006101381207225964,3.209256139724559e-07,-1.0086144590620155e-07
271392726.21988624,-0.6469198196124158,-0.0061013165375425026,1.3926548747544842e-07,7.903377733167738e-08
271393086.1622851,-0.6469219703486311,-0.006101946393251008,3.221080259185882e-07,-4.138881752836429e-07
271393326.18148506,-0.6469236878435457,-0.006101756620897956,1.6113311973597888e-07,-1.3358196981720638e-07
271393626.162285,-0.6469260104473981,-0.006102085771523897,-2.1563425856019336e-07,-3.504547134332292e-07
271393927.1798849,-0.6469279969787025,-0.006101961838480064,-2.4909760465430253e-07,-1.1482952695478221e-07
271394226.2102858,-0.6469293811951911,-0.006102339072715757,3.0734672262777707e-07,-3.820732928042775e-07
271394586.15268576,-0.646931908893071,-0.006102032757643263,1.1623934059734609e-07,5.5364671345745076e-08
271394826.1718856,-0.6469337249373833,-0.006102665708786223,-1.4134032044754719e-07,-4.909213660777428e-07
271395008.21668464,-0.6469343660534955,-0.006102556442716995,3.9976370480587775e-07,-3.16334115941716e-07
271395126.15268457,-0.6469351562457325,-0.006102339081606371,3.75546296838003e-07,-5.684421441713716e-08
271397886.2006838,-0.6469529340303681,-0.006103408612242265,5.403905279921517e-07,-1.8252920378283854e-07
271398126.21988475,-0.6469550519672913,-0.006103577801756646,-1.594473997279522e-08,-2.734220685557398e-07
271398427.15108466,-0.646957334176077,-0.006103510490526195,-3.4001524995552757e-07,-1.0879021454437282e-07
271398666.21988463,-0.646958518802039,-0.0061037208673175615,3.1137975642359095e-08,-2.4252176087161126e-07
271398917.21188354,-0.6469604080622877,-0.006104112960347535,-2.2459383930417687e-07,-5.54782768075017e-07
271399207.17028445,-0.6469612794666904,-0.0061038931195711455,7.913227190181615e-07,-2.4352453230520876e-07
271399507.15108436,-0.6469636721358821,-0.006104080000747378,3.5140662923982546e-07,-3.3673766921312603e-07
271399806.18148327,-0.6469658858813112,-0.006104267307695037,8.441087251398471e-08,-4.315905045059257e-07
271400106.1622842,-0.646967788331653,-0.006104116086301318,1.3506511709060476e-07,-1.8853796876321105e-07
271400405.1926831,-0.6469696394419192,-0.006104182760697357,2.3102249580020384e-07,-1.6458275098850395e-07
271400646.1622841,-0.6469714220898505,-0.006104504048959352,1.749134947992559e-08,-4.134975606414487e-07
271401005.1542829,-0.6469736943813419,-0.006104106672641278,8.298463050060434e-08,9.061242111762374e-08
271401426.18148285,-0.6469763230877095,-0.006104350311072877,1.962274143174625e-07,-2.9498380134385105e-08
271401726.16228276,-0.646978217678289,-0.006104499411125919,2.553680347183729e-07,-9.166680039508768e-08
271401966.18148273,-0.6469801655343403,-0.00610452230680324,-1.2923064773850967e-07,-4.565240739953791e-08
271402206.2006826,-0.646981329599946,-0.006104996359294896,2.6999436730790194e-07,-4.513663611153268e-07
271402445.18308353,-0.6469830530995072,-0.00610473782869423,1.0305755770989578e-07,-1.2535833502497207e-07
271402686.1526835,-0.6469853077722693,-0.006104957142710738,-5.820920804255891e-07,-2.7720362359446443e-07
271402925.2214824,-0.6469864899759837,-0.006104342288242425,-2.0714424142642685e-07,4.040239399601131e-07
271403166.19108236,-0.6469883941658338,-0.006104842099875376,-5.418007718027695e-07,-2.945277831865878e-08
271403405.1734833,-0.6469891839382146,-0.006105527936197908,2.2500990082274797e-07,-6.500603611072145e-07
271403646.14308226,-0.6469908125376719,-0.006105081660976156,1.6592204188370374e-07,-1.3857574502652847e-07
271403886.16228217,-0.646992024455117,-0.006105349292101791,5.173032665561905e-07,-3.418133428184991e-07
271404126.18148214,-0.6469941068131642,-0.006105351245592843,-1.786565895223191e-09,-2.799288094483543e-07
271404367.151082,-0.6469960794383689,-0.006105488708121282,-4.0499196807264326e-07,-3.538572441235885e-07
271480506.2006612,-0.6474797122881623,-0.006101764848161485,6.444478870548664e-07,-6.503011048437923e-07
271480626.2102621,-0.6474807013741639,-0.0061015402773971425,4.0713826654492635e-07,-4.7609082250849033e-07
271480926.1910611,-0.6474825186544354,-0.006100669706458064,4.685845050866888e-07,2.679674415669367e-07
271481226.17186195,-0.6474844256562314,-0.00610173825368243,4.396631602121559e-07,-9.279878022665916e-07
271481526.1526619,-0.6474862201221978,-0.006101060291953543,5.226164173643966e-07,-3.783242918733998e-07
271481826.21986187,-0.6474881964365546,-0.006100950424224216,4.235853086065333e-07,-3.9767707017343557e-07
271482186.1622607,-0.6474907542145203,-0.0061007315176263,1.167680879765598e-07,-3.349361426532513e-07
271482726.1622606,-0.647493915670522,-0.0061004677091409205,3.3036831392774246e-07,-3.0776811006227173e-07
271483026.14306146,-0.6474960953450234,-0.00610049263893032,2.457829428870184e-08,-4.653667904459466e-07
271483326.2102614,-0.6474974857489535,-0.006100457439907714,5.078454854423597e-07,-5.637325535155432e-07
271483626.19106036,-0.6474999153711195,-0.006100277795433407,-4.9413214298077435e-08,-5.184660415219131e-07
271483926.17186123,-0.6475014392761149,-0.006099852602271671,2.9826193070903173e-07,-2.2849646922305789e-07
271484226.1526612,-0.6475035056762737,-0.006099701279173867,1.0264328365039432e-07,-2.1323661564612295e-07
271484526.2198611,-0.6475055397265589,-0.006099607337828363,-6.090091797528174e-08,-2.5623166458824814e-07
271484765.20226103,-0.6475065412058294,-0.006099547794392307,4.267534788882088e-07,-3.063410089427024e-07
271485006.17186093,-0.6475081301389634,-0.0060990949507310705,3.387959108813732e-07,3.540953136867836e-08
271485306.1526599,-0.6475100208239055,-0.006099168672277746,3.1589096161077634e-07,-1.7734751464257292e-07
271485546.1718598,-0.6475116805727373,-0.006099286464194007,1.4995647679150181e-07,-4.06968310171299e-07
271485786.1910608,-0.6475128872573981,-0.006098914706846862,4.3652232162294524e-07,-1.4755585730271553e-07
271486026.2102607,-0.6475145955236224,-0.006098892559235752,2.2093501850228847e-07,-2.3826584767943498e-07
271486266.1430596,-0.6475160499412989,-0.0060983529099396605,2.5807996384408227e-07,1.8805737521995075e-07
271486505.21186054,-0.6475178019511973,-0.006098069339768291,-8.321802691391156e-09,3.582066383685245e-07
271488186.2102601,-0.6475280572206378,-0.006097672847134418,1.6529355106875698e-07,-5.6700208696594534e-08
271488426.14306,-0.647529377519507,-0.00609767220074103,3.3100382501594083e-07,-1.7380787736484549e-07
271488666.1622589,-0.6475310635702415,-0.006097585924429959,1.308426963442244e-07,-2.0580256262364705e-07
271565347.1990391,-0.6479661724515136,-0.006048141111931512,3.7832180643793123e-07,-4.668717300173458e-08
271565585.14463806,-0.6479677249286303,-0.006048229526438353,9.09642255964016e-08,-3.1297917146844156e-07
271565826.200639,-0.6479688123516915,-0.006047965904534868,2.8463382162335904e-07,-2.2964378347707648e-07
271566067.170239,-0.6479705278585963,-0.006047253952499276,-1.508129722216367e-07,3.020051363433751e-07
271566486.2102388,-0.6479721532875399,-0.006047014411495271,4.483679890698866e-07,2.2781961403570833e-07
271566726.14303875,-0.6479736537357691,-0.006046931013403125,2.2088120854579785e-07,1.3148526724956339e-07
271566966.1622377,-0.6479749156372379,-0.0060469558587325535,2.3180984631832047e-07,-7.322587886396392e-08
271567206.1814377,-0.6479763421692974,-0.006046723616144709,7.751238784159398e-08,-2.091451516226389e-08
271567446.2006376,-0.6479773702905,-0.006047193667592952,3.210245843598969e-07,-6.70959294755101e-07
271567685.18303853,-0.6479787409751512,-0.0060462830138117455,2.1587734666539404e-07,6.042026786962779e-08
271567926.1526385,-0.6479801611675416,-0.006046247926453999,7.113069699915542e-08,-8.531291714481554e-08
271568166.17183834,-0.6479814005398026,-0.006046013788049436,1.015541575277723e-07,-3.133398791994868e-08
271568406.1910373,-0.647982804550699,-0.006045845780604845,-3.328512487854596e-08,-4.353456916402626e-08
271568706.1718382,-0.6479842624900182,-0.006045725798966683,9.412544610398754e-08,-1.4884349320773427e-07
271568946.1910382,-0.6479856988388425,-0.006044746239397528,-7.447690897333104e-08,6.50411576172058e-07
271569186.2102381,-0.6479870162639555,-0.006045254653466909,-1.2479836264400745e-07,-3.834412594730385e-08
271569426.14303803,-0.647987969196176,-0.006045442909468241,1.882687334919808e-07,-4.069103744569133e-07
271569666.162237,-0.6479891095904723,-0.006044965995016299,3.13675419860715e-07,-1.1040103003404772e-07
271570146.2006368,-0.6479919207842146,-0.0060446391489315816,3.209761445521764e-08,-1.4444035864764893e-07
271570385.18303776,-0.6479930856053089,-0.006044189692207076,1.2562222728718098e-07,1.253230574030026e-07
271570626.1526377,-0.6479942444074851,-0.006044132237021527,2.3494932732681661e-07,1.5755010291176874e-09
271570866.1718376,-0.647995482514771,-0.006044088369268483,2.59285314330171e-07,-1.3505625282364542e-07
271571106.1910366,-0.6479966273470313,-0.006043430353620613,3.762075299063028e-07,3.424522666915092e-07
271571346.2102375,-0.6479981861620356,-0.006043321626668746,7.84525128194602e-08,2.7066828413562644e-07
271571588.2166365,-0.6479992666114458,-0.006043296430466365,2.6879489722908545e-07,1.1385909398208688e-07
271571765.1638364,-0.6480002601394422,-0.006043106369594175,2.0397462852095316e-07,1.7084585888279408e-07
271572065.14463735,-0.6480015248948192,-0.006043161017949696,5.127861602005623e-07,-1.0939540921045543e-07
271572306.20063627,-0.6480032461177192,-0.006042616408749204,5.5225446660145394e-08,2.539466597535969e-07
271572545.1830362,-0.6480042767596228,-0.00604238271661215,2.7665591051384553e-07,3.0794653773594943e-07
271572786.1526361,-0.6480058152707822,-0.006042193803880273,-1.0265455152591585e-10,3.156925213430861e-07
271573026.17183703,-0.6480070892202958,-0.006041973355103609,-1.8011333979828237e-08,3.5571274057885627e-07
271573266.191036,-0.6480084611903043,-0.006041734362154034,-1.3467992787674632e-07,4.143047590710741e-07
271573505.17343694,-0.6480095641497438,-0.006040998499154451,1.1499513674628759e-08,9.7057753951392e-07
271649646.2102164,-0.6483727472849633,-0.00600073980582017,5.76404204699621e-07,-3.033946161011894e-07
271650066.20061636,-0.6483748795962968,-0.006000714897196174,3.8355783404941945e-07,-4.061627255132899e-07
271650246.1718153,-0.6483755803352125,-0.006000498013139592,5.138792964487493e-07,-2.4365454562129407e-07
271650426.1430162,-0.648376855553549,-0.006000195161121589,6.970411225992734e-08,5.023826812021459e-09
271650665.2118162,-0.6483779102723765,-0.006000440617279555,1.1889075945958893e-07,-3.1208100881134626e-07
271651145.16381603,-0.6483800546391458,-0.006000385887126176,1.9059712841329457e-07,-4.001027761610723e-07
271651386.219816,-0.6483809162202849,-0.005999944033812293,4.4197298976200727e-07,-2.939412510616357e-08
271651625.20221496,-0.6483825311388395,-0.006000170029867873,-6.961138110384013e-08,-3.255554771475905e-07
271653126.1430155,-0.648389796318655,-0.005999543427559214,-4.066143816094936e-07,-1.3113571246340522e-07
271656406.14621365,-0.6484040446296155,-0.0059988547395824965,4.7300998406996086e-07,-3.33718743853427e-07
271656605.2118146,-0.6484052437012893,-0.005998762943032331,1.9134605844239871e-07,-2.935632826489912e-07
271656906.14301354,-0.64840641709022,-0.005998510735458767,4.0463420514225135e-07,-1.188721254815478e-07
271657145.21181345,-0.6484077071860169,-0.005998638820978527,2.1599235822122864e-07,-3.0806365949008485e-07
271657386.1814134,-0.6484087717498807,-0.005998675664348974,2.6148824960881e-07,-4.060699591024175e-07
271657625.1638143,-0.6484098198345963,-0.005998492477787946,3.141542925799712e-07,-2.8311386313442655e-07
271657986.14301324,-0.6484114338241346,-0.005998349423556009,3.625301527865332e-07,-2.3022239067829048e-07
271658706.200613,-0.6484146754529081,-0.005997930335086713,4.357422299650082e-07,1.1977606747572145e-08
271659166.1942139,-0.6484165714302705,-0.005997976983218817,6.56545811605902e-07,-1.4557733664637834e-07
271659664.20381373,-0.6484191757562779,-0.00599785029520765,3.4316687891333686e-07,-1.370928664349083e-07
271659906.21021366,-0.648420390684354,-0.005997804318242295,2.4121684383260344e-07,-1.4784734417901818e-07
271660145.1926126,-0.6484215662637997,-0.00599794639068412,1.6450916795474058e-07,-3.454830864091027e-07
271660385.21181256,-0.6484226670119088,-0.005997678286650242,1.671970816241597e-07,-1.3272108593132687e-07
271660565.1830135,-0.6484232668537921,-0.005997773368551653,3.945976830843634e-07,-2.6899379921511285e-07
271660746.1910135,-0.6484245315926567,-0.005997612677404403,-3.8252416345585516e-08,-1.4946502924911842e-07
271660926.16221344,-0.6484248710011149,-0.005997731201837774,4.493425076468327e-07,-3.0865057620756836e-07
271661106.2198134,-0.6484264510437958,-0.005997640945016387,-3.0342155366014367e-07,-2.588081908401485e-07
271661285.1542133,-0.648426964300616,-0.005997550521767713,5.3173712100118564e-09,-2.0828222964050513e-07
271661465.21181226,-0.6484272139197195,-0.005997905334662802,5.827291090776399e-07,-6.029748669048041e-07
273546546.2001871,-0.6587346130944615,-0.006151870924687563,-1.2715543851182787e-07,-8.212382410326124e-07
273546784.1457861,-0.6587355230098362,-0.0061513329139548665,3.067634700704147e-07,-4.3973368568737264e-07
273547025.20178705,-0.6587374723348735,-0.0061508941879598045,-2.817222047868384e-07,-1.5997294869340983e-07
273547265.22098595,-0.6587381972063119,-0.006150901569412403,3.478244485766169e-07,-3.260464223713011e-07
273547505.15378594,-0.6587397409315059,-0.006150843050982747,1.5745632631070094e-07,-4.2656946159895515e-07
273554824.1841857,-0.6587801528093413,-0.006145352065943743,7.173765036450064e-07,3.393058506384605e-08
273635225.1729717,-0.6591801731052384,-0.006088248495065383,-4.1097089842345724e-08,-5.5822927933803224e-08
273635465.1921707,-0.6591812049777312,-0.00608830434520203,3.031654638441239e-08,-2.676148975833473e-07
273635705.21137166,-0.6591819708767397,-0.006088518133796268,3.6720980911564283e-07,-6.371679384950882e-07
273635945.1441706,-0.6591837083702493,-0.006088265125997649,-2.6838692424036026e-07,-5.396880937251491e-07
273636425.1825705,-0.6591857963608359,-0.006088035325683797,-1.5330623204246052e-07,-6.205015245985476e-07
273636905.2209704,-0.6591881499799356,-0.006087386289355659,-3.0590839072974774e-07,-2.813184854875278e-07
273637384.22257036,-0.6591902619873655,-0.006086640789144119,-2.2373981767298545e-07,1.5578175360450586e-07
273637625.1921713,-0.6591911244276045,-0.0060866369091286355,1.6835466576381464e-08,4.820581660409939e-09
273638165.1921702,-0.6591940085691679,-0.006086969327489316,-3.974851915389266e-07,-6.738268491009863e-07
273638405.2113712,-0.6591948293724847,-0.006086605554967443,-1.2139197758109788e-07,-4.636001630512268e-07
273638825.20177114,-0.6591965005229522,-0.006085985763213373,1.254923298610322e-07,-1.1195971458613507e-07
273639004.22257006,-0.6591970235996727,-0.006086077875043171,4.1945498563400463e-07,-3.1816358042526666e-07
273639245.19217104,-0.6591981476558509,-0.00608588167448871,3.9467043089214116e-07,-2.7533641128955205e-07
273639545.17297,-0.6591998982424317,-0.006085449901257731,1.1751272732674067e-08,-3.4171627558837736e-08
273640025.2113699,-0.6592019485476258,-0.006085479086032867,1.481480025322668e-07,-3.676082086659718e-07
273640325.19217086,-0.6592032358742713,-0.006085129450262787,2.2612304773073078e-07,-2.0761296320309652e-07
273641105.2113707,-0.6592062375831959,-0.006084242578473508,7.701521910208342e-07,1.8796997669576904e-07
273641345.1441697,-0.6592074166910419,-0.0060847707286449774,6.804230844315029e-07,-4.907567855254313e-07
273641825.18256956,-0.659210800336093,-0.006084562634868809,-5.255242809809602e-07,-5.831342112768215e-07
273717665.2017578,-0.6595310711426534,-0.006061606683662773,-3.88702823594933e-07,-3.014324805698798e-07
273719945.2113574,-0.6595397693374045,-0.006061784191216907,5.81157784784736e-07,-4.1419536241354277e-07
273720245.1921563,-0.6595412767296752,-0.006062184385078421,3.4732770992640383e-07,-8.030765580131424e-07
273720545.1729563,-0.6595425920173059,-0.006061938034867845,3.0593440092374635e-07,-5.447554704803362e-07
273720725.1441573,-0.659542822210394,-0.006061372097427965,8.401605693375558e-07,2.8680892215880716e-08
273721085.17295724,-0.6595448624463569,-0.006061220383089172,3.2947309724917773e-07,1.9611331784040453e-07
273721264.19375616,-0.6595450115192176,-0.006061307618231865,9.411200097009242e-07,1.1705084058087623e-07
273721925.15375704,-0.6595483099792399,-0.006061047030428547,4.5222741262840316e-07,4.098794392660282e-07
273722165.17295605,-0.659549516832692,-0.006061873282942547,2.659810114380434e-07,-4.0385568627482327e-07
273723184.17455584,-0.6595532217859322,-0.006061278424357479,8.959550813480988e-07,2.489986567670924e-07
273723425.1441568,-0.6595545121742749,-0.006061501934437776,6.311090618993376e-07,4.0361401663566165e-08
273723605.2017568,-0.6595553316740496,-0.0060610259271389605,5.780192503523907e-07,5.277735693060004e-07
273723905.18255675,-0.6595564312537573,-0.006061648087723369,7.554892925698553e-07,-7.483000198215545e-08
273724144.1649567,-0.6595580435001052,-0.0060622019540577275,1.6078132647479038e-07,-6.126164682372301e-07
273725825.1633554,-0.6595653302640702,-0.006061608088364534,3.5130355624524157e-08,1.0704207531464505e-07
273726005.2209554,-0.6595654601057601,-0.006062311879350287,6.726944711266114e-07,-5.819404641912648e-07
274063685.1921018,-0.6613688740504556,-0.006156590924675056,-4.3378656910952884e-07,-3.8395934689496036e-08
274063926.1617018,-0.6613695256483022,-0.006156341996687362,1.8852311844952396e-07,4.127834084786952e-08
274065125.1825026,-0.6613762863867806,-0.006155870068216773,-2.4256464847827175e-07,-3.3421871564742744e-07
274065485.16330254,-0.661378145978535,-0.006155171288992473,-2.04844241236124e-07,1.0846841401110363e-07
274065725.1825025,-0.6613792244202601,-0.006155385951138855,-1.904155733090107e-08,-2.773636765896273e-07
274065965.20170254,-0.6613805537392301,-0.006155181517731584,-8.476323454242873e-08,-2.4443187756663376e-07
274066265.18250245,-0.6613822485996401,-0.006154805690249225,-2.0127453415064167e-07,-8.341199202871463e-08
274066505.2017024,-0.6613831487607778,-0.006155086574603167,1.6068105157529544e-07,-5.365324624506326e-07
274066865.1441013,-0.6613846863715264,-0.006154621139138953,5.145348971336006e-07,-3.2999015448301194e-07
274067104.2129023,-0.6613866116039853,-0.006154135616304766,-1.552555669581679e-07,-1.6814338730380962e-08
274067645.1633022,-0.6613894557059247,-0.006153355701737852,-1.611421868163987e-07,3.7198319142572184e-07
274068005.1921012,-0.6613918946751792,-0.006153196369523347,-7.131108233915384e-07,2.7014635798662534e-07
274068185.1633021,-0.6613921161428304,-0.0061536688410295595,8.096679104951932e-09,-3.331320946112215e-07
274068305.17290217,-0.661392457284683,-0.006153382810904642,2.953320362708567e-07,-1.3442052896554119e-07
274068425.1825021,-0.6613930359107143,-0.006153507389364661,3.4490320321989287e-07,-3.4639143981635145e-07
274068545.19210106,-0.6613939722932859,-0.006153068623023769,3.653696489802627e-08,4.909003217812291e-09
274068665.2017021,-0.6613943553496903,-0.00615320897297375,2.813151956937432e-07,-2.229798473354569e-07
274068785.2113021,-0.6613950118137036,-0.0061531480043459956,2.525032545275252e-07,-2.496226721186365e-07
274068905.220901,-0.6613953696468715,-0.006153127875644332,5.221387479048545e-07,-3.171775242059513e-07
274069025.14410204,-0.6613964404520732,-0.006153124787237458,7.816642344504743e-08,-4.017811181039263e-07
274069144.203302,-0.6613972677116823,-0.0061529540391788064,-1.269592388997154e-07,-3.18163600456986e-07
274069265.163301,-0.6613972588054514,-0.006153080089505207,5.138259903114673e-07,-5.328068214335846e-07
274069505.18250096,-0.6613987894564277,-0.006152724668512788,2.3644080204832107e-07,-3.5339038749731405e-07
274069624.1553019,-0.6613991713891262,-0.00615247078471661,4.7544827941337076e-07,-1.8685166538242454e-07
274069745.2017009,-0.6614003106027645,-0.006152710750356559,-3.219366195850171e-08,-5.157542233829443e-07
274069865.2113019,-0.6614003966740075,-0.006152527506655466,5.077062114056119e-07,-4.2075439583236923e-07
274069985.2209019,-0.6614010354737979,-0.006151980599712288,4.946865276300727e-07,3.784071305606984e-08
274070104.19370085,-0.6614016581077045,-0.006151777477822573,4.92237051674671e-07,1.53347100584518e-07
274070225.1537008,-0.6614023817081683,-0.0061523033692419665,3.9898581394304244e-07,-4.6169079034701077e-07
274070345.1633018,-0.6614032191471507,-0.006152575002433709,1.8674903512483354e-07,-8.218368315838706e-07
274070524.1841018,-0.6614042752817452,-0.006151920953449242,6.288001830334622e-08,-2.9994694456057097e-07
274070645.1441008,-0.6614050452850928,-0.006151713454195784,-7.746039276668171e-08,-1.818268138718479e-07
274070765.15370077,-0.6614050089852037,-0.006151433773268784,5.833578712310938e-07,9.112115378212549e-09
274147445.1536904,-0.6617605688972407,-0.006097323938475035,2.393454849869414e-07,-3.7724856313727656e-07
274147925.1920893,-0.6617629001042442,-0.0060967200284991006,-3.483656907388166e-08,-7.004208919282606e-08
274148105.16329026,-0.6617638200068725,-0.006096732863285096,-1.8391072342804904e-07,-1.9393167254629778e-07
274148345.1824893,-0.6617645410639578,-0.006096578081705845,1.227309777140917e-07,-1.8710145912106957e-07
274148525.1536892,-0.6617652946080635,-0.006096366047660927,1.3953434263580533e-07,-8.588512609864624e-08
274148646.2000892,-0.6617659410221122,-0.006096493076504498,1.1128961419082373e-08,-2.87390571443967e-07
274149005.19208914,-0.6617675380908171,-0.006095853691303503,-5.0222958236645354e-08,1.3139419629670107e-07
274149664.1648891,-0.6617700897661234,-0.006095502240595992,2.1486768719825022e-07,7.901015727611316e-08
274149785.21128905,-0.6617704665859895,-0.006095711380578699,3.5513919072194255e-07,-2.0415141184677854e-07
274149905.22089005,-0.661770726173939,-0.006095361085847279,6.081144253711201e-07,7.280515958423689e-08
274150265.163289,-0.6617727066174676,-0.0060952975801439185,1.6439375027932357e-07,-8.335247723978423e-08
274150445.22089,-0.6617733743170638,-0.006095073959005178,2.6508458383922573e-07,3.0554228184868915e-08
274150565.14408994,-0.6617738497933533,-0.006095136556027764,3.012499145693681e-07,-1.0505190093951927e-07
274153625.17288953,-0.6617870885992326,-0.00609326087565024,8.158940301150608e-08,-7.398276450232971e-08
274154045.1632894,-0.6617889764686384,-0.00609310097363898,-2.5131438041725573e-08,-1.6431347245413758e-07
274154225.2208884,-0.6617903227850266,-0.006093598076730764,-6.082833793330522e-07,-7.684637950951603e-07
274154585.1632884,-0.6617913209324738,-0.006092405419361802,-8.164862563830866e-08,2.1062668369414145e-07
274154945.1920883,-0.661792673199191,-0.0060924853798138695,9.013346657926746e-08,-8.237619718298728e-08
274155125.16328925,-0.6617934460423118,-0.006092394858861585,7.87146545722095e-08,-9.813157685577278e-08
274155305.2208893,-0.6617941320880707,-0.0060920727109913765,1.541777499003416e-07,1.1783710391222862e-07
274155905.18248814,-0.6617970081514668,-0.00609153840221825,-1.8655150202384618e-07,2.994388692166214e-07
274156565.1920891,-0.6617995224487748,-0.006091512385851327,8.451899757844217e-08,-6.057099572950864e-08
274156805.21128905,-0.6618005628717833,-0.0060912687016698285,5.6038846119044194e-08,4.325911011522632e-08
274233665.182478,-0.6621025445886927,-0.006073082321657056,5.465314695252133e-07,-8.496364435617298e-08
274233845.15367794,-0.6621035566583269,-0.006073212279212749,2.507756091674196e-07,-1.9742693245939497e-07
274234025.21127796,-0.6621039237126567,-0.006073501657948351,6.005675711184821e-07,-4.690778275329502e-07
274234385.1536779,-0.662106028238023,-0.006073257452366124,-7.039365768068961e-08,-1.8875715549794558e-07
274234565.2112779,-0.6621066630724649,-0.006073111767925935,1.2174886099280968e-08,-2.466745776825291e-08
274234745.1824768,-0.6621074599702345,-0.006073243677504885,-6.74817621781898e-08,-1.3795420521992702e-07
274234924.2032768,-0.6621078238215239,-0.006073436785797229,2.8229976745119956e-07,-3.1231308665093105e-07
274235105.2112778,-0.662108502581563,-0.006073332428049716,3.252743928650048e-07,-1.8876934567736703e-07
274235285.1824778,-0.6621095070518227,-0.006073244631217727,3.8582819272825475e-08,-8.166827770040436e-08
274235465.1536767,-0.6621101146681136,-0.006073410621807369,1.489211376437538e-07,-2.2812674564491597e-07
274235645.2112767,-0.6621106835836458,-0.006073159399603758,2.9847930482773677e-07,4.2865420078058714e-08
274235885.14407665,-0.6621117089143317,-0.006073197698713194,2.308072133416772e-07,3.1266323509415717e-08
274236065.2016777,-0.662112960278113,-0.006073635171913197,-3.0168240272576696e-07,-3.8590221320983914e-07
274236245.17287767,-0.6621133199892019,-0.006073511972472068,5.73044834917269e-08,-2.42178035059909e-07
274236485.19207656,-0.6621141598747328,-0.0060734651724538005,1.7617255532176301e-07,-1.6764678681304573e-07
274236905.1824765,-0.6621155438441069,-0.006073529254244388,4.7055192664569034e-07,-1.8221533034257914e-07
274237084.2032765,-0.6621166124190968,-0.006073194020621587,1.1763997009861527e-07,1.7450701836774912e-07
274237264.17447746,-0.6621173132932537,-0.006073328071848009,1.363867604409208e-07,6.229052174847732e-08
274237505.1440775,-0.6621183589848727,-0.006073338900592387,5.44660998524904e-08,8.106207735874421e-08
274237685.2016764,-0.6621187663227618,-0.0060735068665297865,3.6745975573460044e-07,-6.451236893474654e-08
274237865.1728764,-0.6621198462718416,-0.006073183112099535,7.649666566855728e-09,2.8185720085584925e-07
274238225.20167637,-0.6621207236635234,-0.006073528312139657,5.713338619983688e-07,-1.7396151256489356e-08
274238344.1744763,-0.6621215373415368,-0.006073557109475961,2.3399511861477151e-07,-3.080280594220525e-08
274238585.1440763,-0.6621224745637072,-0.00607370758149856,2.6175443368359197e-07,-1.4978550628031578e-07
274238765.2016773,-0.6621234876429389,-0.0060736014657373,-3.010135052328167e-08,-1.9862686917969385e-08
274238945.17287725,-0.6621243510313259,-0.006073536369013401,-1.724701319538724e-07,6.926759279352046e-08
274239425.2112772,-0.6621259945946085,-0.006073793398749161,1.078286248068494e-07,-1.2248913130487316e-07
274239664.1936762,-0.6621268801720386,-0.006073510594001409,1.8038852023227747e-07,1.934475221112772e-07
274239845.20167714,-0.6621278573615675,-0.0060736473786694575,-7.094051712730476e-08,8.204016364952299e-08
274240025.17287713,-0.6621283920190609,-0.006073730742638792,1.1623633300317238e-07,2.4150584245971607e-08
274240205.14407706,-0.662129129476609,-0.006073493543612396,1.0074242051683058e-07,2.8706642443178387e-07
274240444.21287704,-0.6621301156534131,-0.006073591378465363,7.37990420995871e-08,2.2376916380614786e-07
274240565.172876,-0.6621306199495596,-0.006073977243823409,5.4923926406935664e-08,-1.4445748952075788e-07
274240744.193676,-0.6621315126866055,-0.006073845726256877,-1.1928759680035483e-07,1.3368127637844451e-08
274240985.16327596,-0.6621319277574669,-0.006073862431203238,4.329974542249815e-07,3.2458177133022625e-08
274241165.2208759,-0.6621325536642103,-0.006073842799167525,5.300595115054207e-07,7.912500769348407e-08
274241404.2032769,-0.6621338865463621,-0.006073714274898041,1.5692284283108648e-07,2.4391319948698087e-07
274241765.1824769,-0.6621363557174016,-0.006074252252737849,-8.621844377332266e-07,-2.384591572144809e-07
274241884.1552758,-0.6621357320165135,-0.006074061019915839,2.3953241212737453e-07,-2.8680123971037974e-08
274242065.16327584,-0.6621367249904668,-0.006073787556712753,-2.6084802873249657e-08,2.732092856151669e-07
274242305.18247575,-0.6621376407164405,-0.006074027387810001,2.2843124614091437e-08,7.14629708057149e-08
274242605.16327673,-0.6621389430997233,-0.006074570384637306,-7.363256981918198e-08,-4.2330499670437116e-07
274242785.2208767,-0.6621396588379123,-0.006073530938849243,-6.541086727818168e-08,6.454266386615379e-07
274242965.1920767,-0.6621404980706258,-0.006074242809088637,-1.8093027365218006e-07,-3.69178886350241e-08
274243204.1744766,-0.6621415420087068,-0.0060739877647217125,-2.637022979978809e-07,2.5772718966615704e-07
274243385.18247664,-0.6621417688545247,-0.006074432782254951,2.3756351819059773e-07,-1.5699629141684157e-07
274319464.18406606,-0.6624611219290637,-0.0061129756516872975,3.580300463879027e-07,-3.48981158377476e-07
274319585.14406496,-0.66246151287868,-0.006112052618918058,5.295651628323128e-07,6.610101134828586e-07
274319885.21126497,-0.662463239934623,-0.006112445163579775,1.9878882040469392e-07,4.842533171201327e-07
274320605.18246484,-0.6624664187697941,-0.006113621730279924,3.7541173858457455e-07,-1.7416615790289552e-07
274321865.15366465,-0.662472030853288,-0.006114492965316198,6.530290768136382e-07,-1.3732708871103116e-07
274322225.1824656,-0.6624740177460315,-0.006114253350889782,3.5309546431161465e-07,3.620615864835877e-07
274322465.20166564,-0.6624754135255336,-0.006115112918369046,8.292887498928536e-08,-3.2425041082001504e-07
274322585.2112646,-0.6624756645393329,-0.0061147809960152705,3.9501147464093833e-07,9.43214054499597e-08
274322945.15366554,-0.6624777476145753,-0.006114800544928755,1.970882568258503e-09,3.347451280506786e-07
274323125.2112655,-0.6624782473190262,-0.0061154339865647465,3.483327466469177e-07,-1.6859911841290987e-07
274323364.1936645,-0.6624791691708337,-0.00611551805116393,5.500841210315244e-07,-7.994121818243743e-08
274323605.1632654,-0.6624802354567401,-0.006115306687047993,6.174981473927588e-07,3.0563940097826786e-07
274323785.2208654,-0.6624814648645594,-0.006115854260327356,2.357055182145018e-07,-1.1171774495256914e-07
274324145.16326535,-0.6624830357812914,-0.00611600817969862,3.604527567535598e-07,-5.2326722087270294e-09
274324985.14406425,-0.6624879101330293,-0.006116681080942394,-5.504389630761608e-07,-6.993485842168856e-08
274325285.2112642,-0.6624891454951748,-0.006116724419792942,-3.678055292555271e-07,1.0416635187575352e-07
274325465.1824652,-0.662489339971125,-0.006116857685449024,2.8871761847959476e-07,1.0135850657053136e-07
274325585.19206417,-0.6624898988665586,-0.0061175118565832175,2.9750970731434734e-07,-4.65801531517214e-07
274325945.22086513,-0.6624922383691189,-0.0061177152082437635,-3.3788902775722107e-07,-4.0803140897820167e-07
274327385.163264,-0.6624976293660836,-0.006117919126855533,1.1019638093134887e-06,4.337611389159876e-07
274328045.17286485,-0.6625016313041142,-0.006118608909328753,2.3890928912972953e-07,2.2402928828279406e-07
274329245.18246365,-0.6625072387574952,-0.006119640630302171,3.506719488122201e-07,6.636388367661783e-08
274329605.2112646,-0.6625089348240243,-0.006120007930751489,3.734704884239548e-07,-3.837852033655026e-08
274329965.1536636,-0.662511278058679,-0.006119917920466763,-2.499744453654529e-07,3.142799675764224e-07
303788515.21967906,-0.6118569866539798,-0.0072659199673935915,-4.949212417670878e-07,-2.4312413110516573e-08
303788741.15568,-0.6118581381639701,-0.007266225776264576,-3.731367254067308e-07,-1.5221396832722223e-07
303788860.2148789,-0.6118588158560205,-0.007266190646738935,-3.795392320427027e-07,-2.335568659566495e-08
303788977.2004789,-0.611859434252329,-0.007266305235992134,-3.3812698863044943e-07,-4.58629912840694e-08
303789098.1604799,-0.6118603026451253,-0.0072663000683808095,-5.240765305059014e-07,5.449985395790391e-08
303789219.20687985,-0.6118607636240087,-0.007266794790341489,-3.01902789323627e-07,-3.4497426466394837e-07
303789338.17967886,-0.6118615163638041,-0.0072667175422222105,-3.829771827446038e-07,-1.7412502164443344e-07
303789458.1892788,-0.6118619635578824,-0.007266646019103187,-1.52436728462213e-07,-8.200270553739009e-09
303789638.1604797,-0.6118632021373921,-0.007266859126748268,-3.742536951456543e-07,-7.976816527015956e-08
303789818.21807975,-0.6118642712937753,-0.007267081016901569,-4.2567565905482496e-07,-1.6008526306995896e-07
303790061.17487866,-0.6118655755022215,-0.007267183318540846,-3.5586379154572967e-07,-7.1413610277897e-08
303790177.2100796,-0.6118663191325728,-0.007267418037580603,-4.429600344302287e-07,-2.1494704896540817e-07
303790358.21807855,-0.6118673087031479,-0.007267416096802443,-4.07981739281027e-07,-7.079130744450102e-08
303790538.18927956,-0.6118682389777604,-0.007267563874785555,-3.1910123676759383e-07,-7.720424755140037e-08
303790718.1604795,-0.6118691482837442,-0.007268053562926302,-2.087812499551589e-07,-4.255626890213235e-07
303790898.21807843,-0.6118702811265293,-0.007267990392897452,-3.2103992875232024e-07,-2.210305874569482e-07
303791086.2244784,-0.6118713152029314,-0.007268029229417114,-2.889801770100675e-07,-1.1230244973715886e-07
303791258.16047937,-0.6118722722717339,-0.007268357863684197,-2.70601510310442e-07,-3.0601961599485694e-07
303791438.2180793,-0.6118733852974116,-0.007268281158341747,-3.616527537442238e-07,-8.80591261888386e-08
303791618.18927926,-0.6118744344722008,-0.007268510154832175,-3.888854522848817e-07,-1.759040066601561e-07
303791978.2180782,-0.6118764142470686,-0.007268845651642527,-3.229216901656784e-07,-2.2913728379894e-07
303792158.1892781,-0.611877266060974,-0.007269047054302902,-1.5143527687389025e-07,-2.894958091364738e-07
303792338.16047907,-0.6118784390175067,-0.007269160006154811,-3.006441214870037e-07,-2.6143937577501053e-07
303792517.1812781,-0.611879686540916,-0.007269081792454425,-5.293849266729822e-07,-4.2997597350658e-08
303792704.150878,-0.6118804958082799,-0.007268994740727766,-2.7416727432783006e-07,1.904707021740254e-07
303792878.160478,-0.6118813649794633,-0.007269730245596208,-1.522134085440996e-07,-4.0880133280862124e-07
303793057.18127894,-0.6118826700020039,-0.007269729353245288,-4.3714212627499194e-07,-2.6778774993817256e-07
303793238.1892789,-0.6118836767927562,-0.0072696492571231956,-4.1207911682938914e-07,-4.6050925345611504e-08
303793418.16047883,-0.6118846923484517,-0.007269720408564564,-4.0125900468979125e-07,2.3591273810331936e-08
303793598.2180778,-0.6118855318121222,-0.007270013676235388,-2.1342537648294524e-07,-1.2885077096437547e-07
303793778.18927777,-0.6118866032428373,-0.007270157580639393,-2.576259185982366e-07,-1.3203262735472093e-07
303793953.14927775,-0.6118877362379187,-0.007270284742427323,-3.9158800280159056e-07,-1.2242414795110568e-07
303794138.2180787,-0.6118886453959075,-0.007270373141002686,-2.435588359883667e-07,-6.618647922177617e-08
303794318.1892786,-0.6118898110374686,-0.007270571023518197,-3.8070938734868776e-07,-1.2345234307650083e-07
303794498.1604786,-0.6118907183982387,-0.007270886461264329,-2.591644565619333e-07,-2.983084921781218e-07
303794679.16847754,-0.6118915936117345,-0.007270858292555418,-9.912933041089644e-08,-1.2878352767791562e-07
303794858.18927747,-0.6118931494367481,-0.00727084541599737,-6.306641373576838e-07,2.3862807899815985e-08
303795038.1604785,-0.6118940818226338,-0.0072709358481818824,-5.329166891110404e-07,7.390789964322603e-08
303795219.1684784,-0.6118949329809623,-0.0072712198140154555,-3.476001033675402e-07,-6.880612634600075e-08
303795401.21327835,-0.6118962284105826,-0.007271381844915668,-6.002090682244443e-07,-8.881110486868432e-08
303795585.1588783,-0.6118975811952818,-0.007271219903128143,-8.988710537005673e-07,2.1660413133343243e-07
303795758.2180773,-0.611898236617398,-0.007271480842081768,-5.621794297860916e-07,9.061515734379993e-08
303795938.18927824,-0.6118994116659441,-0.00727195838191757,-7.051042750783054e-07,-2.466178196597682e-07
303796298.2180772,-0.6119015295273529,-0.007271838304059366,-7.570563065328884e-07,1.5404087599663746e-07
303796478.1892771,-0.611902685565688,-0.007272410075906487,-8.798103355855957e-07,-2.7752387052760313e-07
303796657.21007806,-0.6119030356061269,-0.0072726560975614335,-2.016448805708393e-07,-3.8411135526439377e-07
303796857.22607803,-0.6119039166615853,-0.007272728763041051,6.653422068847448e-08,-3.0102816647552266e-07
303797028.211677,-0.6119045985496998,-0.007273211838255783,3.6744797971000054e-07,-6.509917255094824e-07
303881953.1908568,-0.6124236147122123,-0.007331320536606921,-2.0647972243104107e-07,1.2800483526614892e-07
303882447.1396577,-0.6124261121728298,-0.007331678070529509,5.204103014078143e-07,-2.0983925293552308e-08
303882588.14445764,-0.6124267703186718,-0.00733179918289045,7.828925213670956e-07,-8.299737069578789e-08
303884878.1764571,-0.612441748555482,-0.007332891960487789,7.66630430248938e-07,-2.426326406266416e-07
303885096.163657,-0.6124434097023757,-0.007332985900807413,5.305680429446014e-07,-2.503409966807951e-07
303885230.17005706,-0.6124440014432414,-0.00733289908031596,8.149516999012008e-07,-1.1073131132247754e-07
303885350.179657,-0.6124447581634057,-0.007333149809062905,8.428845210683988e-07,-3.1432744334539825e-07
303885449.194056,-0.6124456710387722,-0.007332974583075771,5.774169145045249e-07,-1.003159505151563e-07
303885543.1972569,-0.6124464623815457,-0.007333048359601335,4.0073784501881704e-07,-1.373546983703816e-07
303885652.1476569,-0.6124472309934221,-0.007333058181565338,3.4455158892665594e-07,-1.0470047158688683e-07
303885747.18765694,-0.612447877275994,-0.007333209239125287,3.1975678638218596e-07,-2.187953845921367e-07
303885868.14765584,-0.6124484540428237,-0.007333333550404738,5.340033658596255e-07,-2.9618486382075593e-07
303886017.1876569,-0.6124491310696989,-0.0073331701127370965,8.316612331027429e-07,-7.511977001464082e-08
303886285.20045674,-0.6124514839898482,-0.007333332058245238,2.3159266115957422e-07,-1.3395413941789946e-07
303886396.2244557,-0.6124518658296368,-0.0073335410828028235,5.759104767522061e-07,-3.0045958566028014e-07
303886721.17485666,-0.6124542993604964,-0.007333381102363582,2.6786053963778755e-07,-1.668505477444432e-08
303886801.18125564,-0.6124548964068419,-0.007333667999707572,1.941588244624981e-07,-2.7325187711493837e-07
303969862.1668373,-0.6129903752364821,-0.0073364344735475364,6.792559126278519e-08,-1.7560083426151202e-07
303970077.2164362,-0.6129922118102936,-0.00733617816661669,-4.01903920033142e-07,-9.043071829556437e-10
303971220.202037,-0.6129994258679347,-0.007335899648065719,-3.5879592008569716e-07,-1.6357090062979474e-07
303971409.1588359,-0.6130005752358325,-0.00733563023403865,-3.0960091335074935e-07,3.171791313882205e-08
303971669.22283584,-0.6130024109710017,-0.007335477129733668,-4.963021894566211e-07,8.225822348967293e-08
303971808.15403676,-0.6130033416820788,-0.00733535228246488,-5.463391680171625e-07,1.5205671318688913e-07
303971927.2132358,-0.6130041554256379,-0.007335320439760314,-6.055276747796157e-07,1.365826996536923e-07
303972047.2228357,-0.6130047692042336,-0.0073353802174029314,-4.588708668595842e-07,2.897858714101531e-08
303972168.1828367,-0.6130057452468098,-0.007335192960968694,-6.686020658230873e-07,1.6789607542103124e-07
303972289.14283663,-0.6130061030379061,-0.007335292231536328,-2.602295451348269e-07,2.015274465100997e-08
303973219.1524355,-0.6130116866932761,-0.0073350270036992675,4.1778700721195605e-08,-9.1728489592241e-08
303973522.1572364,-0.613013873947405,-0.007334723298197016,-2.2985014580534369e-07,8.744209472558856e-08
303973665.14923537,-0.6130144506768284,-0.0073348476893106765,9.70849035608623e-08,-9.600005521775978e-08
303973782.22123635,-0.6130153812198385,-0.007334743484415258,-9.376591314502747e-08,-4.027568073061011e-08
303973891.17163527,-0.6130159487138612,-0.0073347785465795005,2.6982701184508073e-08,-1.2056281429792537e-07
303973985.17483526,-0.6130167141005319,-0.007334568375289429,-1.4468840592307686e-07,5.050488007841969e-08
303974137.15243524,-0.6130178242395565,-0.007334631892871204,-2.9515821919900986e-07,-7.639496979721522e-08
303974311.1620352,-0.613018993868467,-0.007334525071251307,-3.663125781594445e-07,-4.2389464815009714e-08
303974493.20683616,-0.6130197096711276,-0.007334492010837967,6.671856711548685e-08,-8.578658955427088e-08
303974678.1892351,-0.6130210732758914,-0.007334213378017613,-1.298992853282499e-07,1.1486423904735754e-07
303974824.2052351,-0.6130219954817315,-0.007334317936551678,-1.3121949571370806e-07,-5.145530732227066e-08
303974948.18923503,-0.6130226802786222,-0.00733421871665767,-3.427370598441115e-08,-4.819393151049567e-09
303975039.16843504,-0.6130233205282357,-0.007334289672737466,-1.0099538783059359e-07,-1.1444410657601017e-07
303975158.141235,-0.6130240707501937,-0.00733431127032364,-1.0136459038800893e-07,-1.8671353080833286e-07
303975270.202036,-0.6130248716761717,-0.007334222244994848,-1.9615355506541476e-07,-1.4552478271295105e-07
303975405.15883595,-0.6130257252647163,-0.00733398588600323,-1.9952471086437384e-07,3.308440796323531e-08
303975517.21963596,-0.613026222913116,-0.007334035472654604,8.637768500463494e-09,-6.456983265255845e-08
303975667.21003586,-0.6130273759757254,-0.007333924248631491,-1.9994919775445652e-07,-1.7846026928794445e-08
303975796.2052349,-0.6130279121282128,-0.007333934431605207,7.595420792316787e-08,-8.364933165236343e-08
303975897.2068348,-0.613028722121422,-0.007333955375812573,-9.834902836569626e-08,-1.482391261634769e-07
303976057.21963584,-0.6130293752416498,-0.007333872555359159,2.5537689329890867e-07,-1.3473576170649343e-07
303976233.21643573,-0.6130308653301055,-0.007333759936558604,-1.2764859425029584e-07,-9.859945104828682e-08
303976805.18443465,-0.6130344228473636,-0.0073331752472086545,-8.997622136242e-08,2.3580338494224445e-07
303977128.14763457,-0.6130365466377561,-0.007333326279110446,-1.855346620782683e-07,-5.7707211025340155e-08
303977238.2212345,-0.613037126498792,-0.007333269485550726,-7.442646365873884e-08,-4.966198289928225e-08
303977559.19723547,-0.6130385144486791,-0.0073330593847291065,5.516172741915071e-07,1.774646147308795e-08
303977644.21483445,-0.6130392628791135,-0.007333097056314529,3.364163810859466e-07,-5.785469942964222e-08
303977741.1556354,-0.613040108578453,-0.007333218507738681,9.861503991182019e-08,-2.2262335471704559e-07
303977826.1732354,-0.6130403784436322,-0.007332901402253843,3.617795784061073e-07,5.6433001827983775e-08
303977921.2132344,-0.6130410926225325,-0.007332863777224976,2.433561662185113e-07,5.14576208292955e-08
303978069.21643436,-0.6130419562299751,-0.007332824517233687,3.0726816568904525e-07,2.4239328350918188e-08
304049577.1396189,-0.6134570856439591,-0.007289364586160814,4.386364449437963e-08,-2.3104346403429732e-07
304049757.1972179,-0.6134580616079166,-0.007289388403323928,5.393541346876418e-08,-3.9099920222818857e-07
304049938.20521784,-0.6134590276440413,-0.00728900416096119,7.880793928549679e-08,-1.4370787156017112e-07
304050101.1556178,-0.6134600536425705,-0.007288999919373598,-5.5422808675764657e-08,-2.628342968850547e-07
304050278.18921775,-0.6134611192616615,-0.007289022765513011,-1.5251178731023884e-07,-4.197947623867451e-07
304050458.1604187,-0.6134620790731353,-0.00728878993430968,-1.2805499505219586e-07,-3.2339177089522886e-07
304050639.16841763,-0.6134633331333711,-0.007288709843336816,-3.9251792793848495e-07,-3.806035642987121e-07
304050818.18921864,-0.6134640694114614,-0.007288607847489211,-1.5040208911631936e-07,-4.144891439144052e-07
304051024.1668176,-0.6134652395322677,-0.007288439236912316,-1.9522361993651316e-07,-4.023249959425254e-07
304051178.2180175,-0.6134661247268612,-0.0072883975405694645,-2.390999913615133e-07,-4.777069719085619e-07
304051417.2004185,-0.6134673966353128,-0.007288367705079499,-2.0636185138478425e-07,-6.296162092106483e-07
304051657.2196185,-0.613468568526475,-0.00728778173664739,-6.857032341933689e-08,-2.2632372147311092e-07
304051777.1428184,-0.6134693284646343,-0.007287830828309507,-1.74374708228342e-07,-3.667401324647726e-07
304052085.15881836,-0.6134713335539342,-0.007287267934797836,-5.000855252124126e-07,-3.8565895255082694e-08
304052262.19241726,-0.6134718210373221,-0.007287542407546737,-2.281606348297771e-08,-4.480445945746758e-07
304052455.2100172,-0.6134729155755592,-0.007287076518483891,-6.58966351485546e-08,-1.2943202073317783e-07
304052647.19081825,-0.6134739131412813,-0.007287097812330025,-1.807031202449849e-08,-2.9729344738337743e-07
304052766.1636172,-0.6134742239333535,-0.00728685367191071,3.1876915973505504e-07,-1.4402305423873857e-07
304052918.1412172,-0.613475380999227,-0.0072868594794295105,-1.123825565940706e-08,-2.659533655325133e-07
304053283.181218,-0.6134775182702862,-0.007286373121360077,-1.6305880934375239e-07,-5.871132083626329e-08
304053435.15881807,-0.6134783242235584,-0.0072862772524495845,-1.4286372862493124e-07,-7.91268342115875e-08
304053614.179617,-0.6134793609748573,-0.007286176590129272,-2.06807771019335e-07,-1.15499089585816e-07
304053764.17001694,-0.6134801420804307,-0.00728607411156131,-1.7314980749194575e-07,-1.278807500630988e-07
304053887.2036169,-0.6134804509107802,-0.007285866682081138,1.8615190877646626e-07,-1.4700055778540944e-08
304054118.1508179,-0.6134818482449081,-0.007285725424728424,4.248493401526332e-08,-5.043289245769411e-08
304054298.20841783,-0.6134829276920196,-0.007285681627649715,-5.998734553536167e-08,-1.446921754242811e-07
304054478.1796178,-0.6134838845233834,-0.007285609349181209,-4.070477910289583e-08,-2.10460098125885e-07
304054658.15081775,-0.613484780810641,-0.007285429952290075,3.872735487853163e-08,-1.691642651365996e-07
304054930.2244167,-0.6134862575552017,-0.007285322232351374,3.628349243278706e-08,-2.703204654867439e-07
304055077.19081765,-0.6134871247312644,-0.007285250925834382,-3.4897919887200146e-08,-3.1189136635249165e-07
304055356.1764166,-0.613488645868909,-0.007284993676047729,-4.5743107190965304e-08,-2.6900592797144546e-07
304055501.1556166,-0.6134894726506692,-0.0072847875161806555,-8.806336027067374e-08,-1.7428857988863872e-07
304055683.2004175,-0.6134904254629325,-0.007284598335996243,-5.623339782712122e-08,-1.2508412981261652e-07
304055862.22121745,-0.613491333712132,-0.007284579326222658,3.392971792415267e-09,-2.437685911304416e-07
304056186.2212164,-0.6134930383487118,-0.0072844163997305925,4.941876985409266e-08,-3.3015222649680764e-07
304056341.2228174,-0.6134939312210634,-0.007284248507241516,-6.41527553302268e-09,-2.81575125878758e-07
304056469.18121636,-0.6134945400156339,-0.007284104329271425,7.555504710765604e-08,-2.3591662814525377e-07
304056756.2020163,-0.613496201447066,-0.0072839464581951245,-3.7213829462423575e-08,-2.990986343502991e-07
304056900.1444162,-0.6134969472903605,-0.007283892519340929,-6.802404861616651e-09,-3.5605178928550113e-07
304057012.2052162,-0.6134975282565093,-0.007283902279185272,1.6365064192669365e-08,-4.521567182665803e-07
304057141.2004172,-0.6134981847841766,-0.007283808032474638,5.506018696532777e-08,-4.573184000386879e-07
304057379.14601713,-0.6134994401068924,-0.007283372512536044,8.15689804589681e-08,-2.05208101364783e-07
304057562.1412161,-0.6135003790897812,-0.007283249983632112,1.2787898906463369e-07,-2.2376609981611395e-07
304057909.210017,-0.613502261413737,-0.007283080550742447,1.1301876590152915e-07,-3.2199126809122347e-07
304058061.187617,-0.6135030070870953,-0.007283047252519582,1.845710311254578e-07,-4.0592490322451796e-07
304058244.1828169,-0.6135039412022608,-0.007282911018709208,2.3405168991796899e-07,-4.1086919894562507e-07
304058625.20681584,-0.6135059361421703,-0.007282572973707188,2.856257566019593e-07,-3.6684109486467137e-07
