Seconds since J2000,RA ECLIPJ2000 [rad],DEC ECLIPJ2000 [rad],O-C RA ECLIPJ2000 [rad],O-C DEC ECLIPJ2000 [rad]
656820060.1680021,-0.20572071360109823,-0.01938932394331531,3.2876686098498586e-05,6.19114810576811e-05
656820115.204802,-0.20572115107402644,-0.019389353953299347,3.269007256290202e-05,6.187554198398143e-05
656820170.1552031,-0.20572134601409467,-0.0193893869774837,3.2745580374776706e-05,6.183656686210848e-05
656820225.1920031,-0.20572164465903903,-0.01938938644892894,3.2697759261041126e-05,6.183110395065541e-05
656820280.1424031,-0.20572171126562952,-0.019389358131721653,3.288156484179683e-05,6.185340800796482e-05
656820390.2160021,-0.2057222457050593,-0.019389431209099046,3.2848683011593716e-05,6.176819211460224e-05
656820500.2032031,-0.2057225931052064,-0.01938919395494484,3.300237391082317e-05,6.199319317537824e-05
656820555.1536031,-0.20572274413091476,-0.019389382623147725,3.310166937300907e-05,6.179835684959334e-05
656820610.190402,-0.20572305807236163,-0.01938930710435255,3.303842415633418e-05,6.186766688548451e-05
656820665.1408021,-0.2057231008631332,-0.019389315253428574,3.324591747091987e-05,6.185328794106049e-05
656820720.1776031,-0.20572333766463474,-0.01938933574886184,3.325977486798304e-05,6.182652197303518e-05
656820775.214403,-0.20572346344324544,-0.019389113691583398,3.338463631766264e-05,6.204227785562913e-05
656820830.164803,-0.2057237951194969,-0.01938935726378596,3.3303187769923026e-05,6.1792383394349e-05
656820885.2016021,-0.20572399021495663,-0.019389242711271782,3.3358694433521796e-05,6.190057293948767e-05
656820940.1520021,-0.20572429633329448,-0.019389370711483295,3.330276572857671e-05,6.176618906037976e-05
656820995.1888021,-0.2057243259581625,-0.019389236947259907,3.3523704660282094e-05,6.18935288767622e-05
656821050.1392032,-0.20572455052307592,-0.01938913620727441,3.354929091975434e-05,6.198782392078869e-05
656821105.1760032,-0.20572475587991074,-0.019389212217052868,3.35944591619286e-05,6.190532843302829e-05
656821160.2128022,-0.2057251439013497,-0.019389236909823845,3.345694327061555e-05,6.187411932880027e-05
656821270.2000033,-0.20572541110160172,-0.019389291895680876,3.369030197855616e-05,6.180601941837074e-05
656821324.2000033,-0.20572536455470186,-0.019389237929340268,3.3982577493846255e-05,6.185350257010419e-05
656821379.1504022,-0.2057258182145446,-0.01938925052127327,3.3778951401636226e-05,6.183428321449025e-05
656821434.1872032,-0.2057259392688742,-0.019388998863092605,3.390830396654554e-05,6.20792731214452e-05
656821489.2240022,-0.20572616263245913,-0.019389135704576246,3.393532715312286e-05,6.193573294464849e-05
656821544.1744032,-0.20572634897547507,-0.019389203993211878,3.3998957679998165e-05,6.186072581747595e-05
656821599.2112023,-0.20572669521316342,-0.01938916742643665,3.390306627074069e-05,6.189053321054017e-05
656821687.1664032,-0.20572699285102145,-0.01938922000852982,3.400546844781194e-05,6.182708591374181e-05
656821742.2032022,-0.20572714035369485,-0.019389141494418654,3.4108258822079796e-05,6.18987619474716e-05
656821797.1536032,-0.20572734880933938,-0.01938898438434294,3.4149682692163896e-05,6.204901452394954e-05
656821852.1904032,-0.20572766821007654,-0.019389143615391898,3.4080533610286734e-05,6.188288502473674e-05
656821907.1408023,-0.2057277844235368,-0.01938897303885634,3.421415812823736e-05,6.204654385233432e-05
656821962.1776032,-0.20572805630920024,-0.019389094519890637,3.4192482335104746e-05,6.191810413285273e-05
656822017.2144022,-0.20572821864205723,-0.01938938374574337,3.428033828076216e-05,6.162188950611588e-05
656822072.1648031,-0.2057285052058391,-0.01938911440518166,3.4243549442813936e-05,6.18842222812506e-05
656822127.2016032,-0.20572866498392406,-0.01938912023235113,3.433391778756567e-05,6.187134631046101e-05
656822182.1520033,-0.20572891239648253,-0.019388999242514224,3.4336237662191404e-05,6.19852684973464e-05
656822237.1888024,-0.20572904901599962,-0.019389320473103457,3.444972180080552e-05,6.165692921869873e-05
656822292.2256023,-0.20572912352347897,-0.019389014848607163,3.462529643247225e-05,6.195541510995231e-05
656822346.1392033,-0.20572942391038396,-0.019389166358527294,3.456986693925468e-05,6.179688329786479e-05
656822511.1632023,-0.2057300668176821,-0.01938919859034048,3.4676619073165105e-05,6.17429803324715e-05
656822566.2000023,-0.20573031136456432,-0.01938908935532238,3.4682045576800435e-05,6.184492834401811e-05
656822629.1856023,-0.20573032096863175,-0.019389000980450065,3.495849063667178e-05,6.192492731902505e-05
656822684.2224033,-0.20573069861208876,-0.019388945793681476,3.483077298679915e-05,6.197276341976185e-05
656822739.1728023,-0.2057310285072726,-0.019389074221992854,3.475038896305627e-05,6.183696641828135e-05
656822793.1728023,-0.2057311731442734,-0.019389007462722468,3.4850925889978734e-05,6.189645570116656e-05
656822848.2096024,-0.20573119510148188,-0.019388929640744994,3.507882762487924e-05,6.196683882377443e-05
656822903.1600024,-0.20573161340497242,-0.01938909950668068,3.49099682548093e-05,6.178951625322379e-05
656822958.1968033,-0.20573163629149296,-0.019389042362564488,3.5136895354698217e-05,6.183916254128008e-05
656823013.1472024,-0.205731941441517,-0.019389186579296315,3.508114399650153e-05,6.168743036451957e-05
656823068.1840034,-0.20573224395908798,-0.019389121185719924,3.5028394330199886e-05,6.174526728005766e-05
656823123.2208023,-0.20573227064059452,-0.019389072964678036,3.525145769764371e-05,6.178590227482253e-05
656823233.2080023,-0.20573280523529253,-0.01938899846580332,3.5215891331458193e-05,6.18451530598578e-05
656823288.1584034,-0.205733026934523,-0.019388909480774045,3.524347543834572e-05,6.192647620911415e-05
656829466.190403,-0.20575616090512464,-0.019388472852921966,3.996530395014575e-05,6.132416537522195e-05
656829491.1600031,-0.20575615447801696,-0.01938825431954861,4.008354006090897e-05,6.153781999717473e-05
656829516.216004,-0.2057561325596329,-0.019388295247289432,4.0217647391094236e-05,6.149199139574707e-05
656829541.1856041,-0.20575621341680755,-0.019388281944743985,4.024858537329812e-05,6.150040477367891e-05
656829566.155203,-0.20575646648287976,-0.019388211234313155,4.0107307530262704e-05,6.156622084292629e-05
656829591.2112031,-0.20575655109609595,-0.019388243749028877,4.013486239312636e-05,6.152878961178734e-05
656829616.180804,-0.2057565795194335,-0.019388347566304694,4.021821340224885e-05,6.142006757692622e-05
656829641.1504041,-0.20575684288542392,-0.019388430523976437,4.006661480973617e-05,6.133219996139888e-05
656829666.2064041,-0.2057565729755541,-0.019388239715468113,4.044867182673162e-05,6.151807632813824e-05
656829691.176004,-0.20575705122437135,-0.019388384096997825,4.008217647019641e-05,6.136877447694353e-05
656829716.145604,-0.20575707411096114,-0.01938832695293999,4.017103637346531e-05,6.142099303787715e-05
656829741.201603,-0.20575710245644183,-0.019388504558574094,4.025481703651135e-05,6.123843966511153e-05
656829766.1712041,-0.20575705319970963,-0.019388314770180076,4.0415806284888056e-05,6.142329220340526e-05
656829791.140804,-0.20575714908104625,-0.019388484736675184,4.043165046960229e-05,6.1248384686928e-05
656829816.1968032,-0.2057573006122549,-0.019388193780968843,4.039222433843692e-05,6.153437708594778e-05
656829841.1664032,-0.20575738909829072,-0.019388161430413064,4.041544979735412e-05,6.156177628062823e-05
656829866.2224032,-0.20575750411017246,-0.019388228435596098,4.041252890674141e-05,6.148979742101254e-05
656829891.1920042,-0.20575771426874714,-0.019388260258526732,4.0314067775076845e-05,6.145301280198467e-05
656829916.1616042,-0.2057580375417141,-0.019388354625108625,4.010248521929549e-05,6.135367938226235e-05
656829966.1872041,-0.20575793112690607,-0.019388252355583332,4.043264614947417e-05,6.144598256402692e-05
656829991.1568031,-0.2057581477125592,-0.019388502711893334,4.032772975268162e-05,6.119064396810717e-05
656830015.1760042,-0.2057581364055142,-0.019388402154296613,4.044644901707306e-05,6.128640406776256e-05
656830040.1456041,-0.20575808343168753,-0.019388129654462037,4.061107825245602e-05,6.155391154025885e-05
656830065.2016032,-0.2057582154819885,-0.019388273707690095,4.059106259876599e-05,6.14048435178434e-05
656830090.1712031,-0.20575837611133208,-0.01938837400148448,4.054207448944691e-05,6.129954708471164e-05
656830140.1968032,-0.20575862061925299,-0.01938830166126011,4.052121401287856e-05,6.136184930598601e-05
656830165.1664041,-0.2057588125376045,-0.01938849401756083,4.04409155951857e-05,6.11644749839331e-05
656830190.2224041,-0.20575873288222726,-0.01938826973869809,4.06325699855159e-05,6.13837133202344e-05
656830215.1920042,-0.20575884038202746,-0.019388245109376027,4.063667586756692e-05,6.140331437582552e-05
656830240.1616042,-0.20575913317844596,-0.01938837877388183,4.045547800818339e-05,6.126461649474946e-05
656830265.2176032,-0.20575935840007722,-0.019388556971697276,4.0342233919049564e-05,6.108136275518108e-05
656830290.1872032,-0.20575932540824293,-0.019388275976764072,4.0486810020667896e-05,6.135731408684827e-05
656830315.1568031,-0.20575937195498295,-0.019388329943230993,4.055184040333004e-05,6.129829891891522e-05
656830340.2128031,-0.2057594564513886,-0.01938847314050209,4.057930001166721e-05,6.11500303542116e-05
656830365.1824032,-0.20575945463176934,-0.01938839489060546,4.0692682418685955e-05,6.122322134221453e-05
656830390.1520032,-0.20575950059962508,-0.019388096131609408,4.075827018390488e-05,6.151691633949144e-05
656830439.1408042,-0.2057596021733772,-0.019388279482743923,4.0875540766899254e-05,6.132361517684204e-05
656830464.1968042,-0.20575981806331528,-0.019388287796154764,4.0771571100967074e-05,6.13102051253353e-05
656830489.1664041,-0.2057598048977328,-0.01938814588283838,4.0896263816120326e-05,6.144703428906384e-05
656830514.2224032,-0.2057598390913626,-0.019388189296384906,4.09739759823502e-05,6.139851389670367e-05
656830539.1920031,-0.20575999325469943,-0.01938810795100807,4.093132534183086e-05,6.147476495701673e-05
656830564.1616032,-0.20576011275720116,-0.01938842592222389,4.092332832039691e-05,6.115169435628315e-05
656830589.2176032,-0.2057602700976988,-0.019388037668647988,4.087787187362357e-05,6.153482581056774e-05
658543361.2178785,-0.21045882330639185,-0.01925863064134579,1.4340411644275797e-05,-4.8691626445478836e-05
658543430.6834794,-0.21045895437257497,-0.019258754067280625,1.4276392939077676e-05,-4.8855883884712376e-05
658543480.7090794,-0.21045896457744648,-0.019258944628722883,1.4314462259523708e-05,-4.907583014887931e-05
658543630.6994795,-0.21045929585389792,-0.019258688042483804,1.4127874378322414e-05,-4.890724711585637e-05
658543680.7250785,-0.21045959747133577,-0.019258565204661824,1.3874497218180348e-05,-4.881372695906064e-05
658543780.6898785,-0.21045928447835724,-0.019258661269277742,1.4283861671654519e-05,-4.896832567121562e-05
658543830.7154784,-0.21045966684576312,-0.01925859894884926,1.394970867235612e-05,-4.8935272197594276e-05
658543880.6546795,-0.21045946488803594,-0.019258863819258152,1.4199788844981853e-05,-4.9229342077770216e-05
658543930.6802785,-0.2104598492008506,-0.01925876906785083,1.3863672983421838e-05,-4.916382365958982e-05
658544030.6450785,-0.2104599834326129,-0.019258659381390063,1.3825725493049612e-05,-4.91125015865887e-05
658544080.6706785,-0.21046019719416284,-0.01925881089374986,1.3660134396048518e-05,-4.929319572227059e-05
658544180.7218785,-0.2104602782410884,-0.01925865005203335,1.3675401566992651e-05,-4.919066607870712e-05
658544230.6610795,-0.21046029929422158,-0.019258551563501983,1.3702408852483972e-05,-4.9121257481358344e-05
658544280.6866795,-0.21046047790694689,-0.01925867586492522,1.3571930654043829e-05,-4.927467191482085e-05
658544330.7122785,-0.21046072696579002,-0.019258743908680976,1.3370997246436866e-05,-4.937181139751459e-05
658544380.6514795,-0.21046073275255023,-0.01925868350891271,1.3413243697191213e-05,-4.934043983397668e-05
658544430.6770797,-0.21046073844031912,-0.019258696895516358,1.3455663074729562e-05,-4.9382887528492264e-05
658544480.7026787,-0.21046085658148753,-0.01925853083376328,1.3385619835937224e-05,-4.924586948152135e-05
658544580.6674787,-0.21046108079534623,-0.019258688441653692,1.32574909931793e-05,-4.946146241203639e-05
658544630.6930786,-0.21046115979786953,-0.019258633817299208,1.322655851823673e-05,-4.943582944040223e-05
658544680.7186797,-0.21046125494048437,-0.01925859867506384,1.3179476569896709e-05,-4.942966106945279e-05
658544730.6578786,-0.2104614147424606,-0.01925856767493106,1.3067642851527506e-05,-4.9427567251569826e-05
658544779.6466796,-0.21046134342262138,-0.019258566361717498,1.3186008893995016e-05,-4.9454593205464775e-05
658544829.6722796,-0.2104615067194613,-0.019258765645102056,1.307074453385515e-05,-4.9682798090772834e-05
658544879.6978786,-0.21046157254951903,-0.019258605998970536,1.305293740577751e-05,-4.955205580612493e-05
658544929.7234796,-0.21046168675035545,-0.019258541692380976,1.2986749910459672e-05,-4.9516635377361284e-05
658544979.6626786,-0.21046192049331136,-0.019258684718108134,1.2800927761763559e-05,-4.968847969958473e-05
658545029.6882797,-0.2104620281821649,-0.01925851256085317,1.2741232959384563e-05,-4.9545173160883e-05
658545079.7138798,-0.21046198068510474,-0.01925847479218932,1.2836714354369505e-05,-4.9536237423965235e-05
658545129.6530788,-0.2104620820427126,-0.01925876885974243,1.2783248473646758e-05,-4.985907032961992e-05
658545179.6786788,-0.21046213654673782,-0.01925854554722097,1.2776709244016748e-05,-4.966455508760917e-05
658545229.7042798,-0.21046234598918986,-0.019258372312039845,1.2615221748002448e-05,-4.9520099296467696e-05
658545279.6434798,-0.21046238380863938,-0.019258535342439678,1.2625264573740136e-05,-4.971184150301053e-05
658545329.6690798,-0.2104624856117307,-0.01925849737132771,1.2571396649702082e-05,-4.970261392992642e-05
658545379.6946797,-0.21046259018445806,-0.019258521433296108,1.2514749124642455e-05,-4.9755401445597536e-05
658545429.7202787,-0.21046255663457092,-0.01925872004366058,1.259621420734991e-05,-4.998271933131723e-05
658545479.6594797,-0.21046275081064073,-0.01925858489724696,1.2449860557844916e-05,-4.987621284657101e-05
658545529.6850787,-0.21046291814680165,-0.019258608639126453,1.2330419473211007e-05,-4.9928626126207604e-05
658545579.7106799,-0.21046298003652503,-0.019258550748157383,1.231641469781608e-05,-4.9899388431556835e-05
658545629.6498789,-0.21046306657323804,-0.01925855086580845,1.2277670082383452e-05,-4.992809175423038e-05
658545679.6754789,-0.21046308251532517,-0.01925871792066979,1.2309592575615591e-05,-5.012376356482509e-05
658545729.7010798,-0.21046311139966364,-0.019258452815025848,1.2328562564084544e-05,-4.988725664205329e-05
658545779.6402799,-0.2104634537051692,-0.019258481254420166,1.2034018465889584e-05,-4.9944227148289444e-05
658545829.6658798,-0.21046346595440957,-0.019258565598508557,1.2069602937536672e-05,-5.0057133429735196e-05
658545879.6914799,-0.21046340980195208,-0.01925859998289487,1.2173578729735013e-05,-5.012006167865596e-05
658545929.7170799,-0.21046356785650444,-0.019258453841035687,1.206333709322105e-05,-5.000244531765813e-05
658545979.6562788,-0.21046362390995907,-0.019258493243020317,1.2055003542482678e-05,-5.007030518256253e-05
658546028.6450799,-0.2104636931358615,-0.019258637666787648,1.2032579213949735e-05,-5.024262739788954e-05
658546078.6706799,-0.21046385026720427,-0.019258470847239372,1.1923229522203815e-05,-5.010427846614471e-05
658546128.696279,-0.21046384243600527,-0.019258637464357985,1.197883178946646e-05,-5.029934770164196e-05
658546178.72188,-0.21046420973500288,-0.019258465660101035,1.165929323890258e-05,-5.015597702929045e-05
658546228.661079,-0.21046418780814294,-0.019258506577744368,1.1728887420403566e-05,-5.0225260628873614e-05
658546328.712279,-0.21046426034820745,-0.019258307209558376,1.175181480389531e-05,-5.008266670373032e-05
658546378.65148,-0.21046444055977945,-0.019258657332353192,1.1619238394183773e-05,-5.046109967963425e-05
658546428.67708,-0.21046458811250926,-0.0192585419881769,1.1519392422110197e-05,-5.037409597686421e-05
658546478.702679,-0.21046453687311947,-0.01925845840191454,1.16183277015236e-05,-5.031883145057217e-05
658546528.641879,-0.21046470892432004,-0.019258511745917497,1.1493879135654472e-05,-5.0400429553256604e-05
658546728.6578802,-0.21046512172543552,-0.019258447034533742,1.1271625867365076e-05,-5.044869304384608e-05
658546778.6834791,-0.21046528978676463,-0.01925863902688127,1.115119441186252e-05,-5.066889406010744e-05
658546828.7090801,-0.21046520262388319,-0.019258396872411238,1.1285976018182708e-05,-5.045492928598683e-05
658546878.6482801,-0.21046530432796184,-0.019258432687694324,1.1231797259037002e-05,-5.051886661887328e-05
658546928.6738791,-0.21046529679378273,-0.019258377945701746,1.1286927759340815e-05,-5.0492276303951145e-05
658547028.7250792,-0.21046532932148396,-0.019258232444024408,1.1349558848905428e-05,-5.04030207223935e-05
658547078.6642791,-0.21046559811417176,-0.019258476467152567,1.112824641402721e-05,-5.067508969420001e-05
658547128.6898792,-0.21046558965678608,-0.01925840104746666,1.1184254817081518e-05,-5.062774521356547e-05
658547177.6786791,-0.2104658247189431,-0.019258269605486777,1.099574708629536e-05,-5.052377795151594e-05
658547227.7042803,-0.21046608014115686,-0.019258556179580888,1.0787853226890132e-05,-5.0838389194229894e-05
658547277.6434792,-0.2104659805310333,-0.019258377253754618,1.0934898136083504e-05,-5.06874328637906e-05
658547377.6946793,-0.21046620688826717,-0.01925835485802047,1.0803539940429374e-05,-5.07210149660077e-05
658547427.7202803,-0.21046604339347794,-0.019258303147311605,1.1014516826085563e-05,-5.069726412312153e-05
658547477.6594793,-0.21046637616983332,-0.019258346168968966,1.0729128919445552e-05,-5.0768177992134567e-05
658547527.6850803,-0.21046625817715242,-0.019258401551105524,1.0894580340203852e-05,-5.085148116728416e-05
658547627.6498803,-0.21046644641792894,-0.019258437484074742,1.0801139843114038e-05,-5.094314959652735e-05
658547677.6754802,-0.21046662148627482,-0.01925836839526339,1.0673494895280244e-05,-5.090192331212717e-05
658547727.7010792,-0.21046674716165792,-0.019258257075570162,1.0595231043769582e-05,-5.081844656262824e-05
658547827.6658794,-0.2104670389529121,-0.01925837017923241,1.0398145267459524e-05,-5.098712922783216e-05
658547927.7170804,-0.21046723881675938,-0.01925824841950506,1.0293020841684042e-05,-5.092091783974462e-05
658547977.6562804,-0.2104671272865148,-0.019258448545485616,1.045182095327224e-05,-5.1148740478599436e-05
658548077.7074794,-0.2104673793129356,-0.019258431049727204,1.0294461511045627e-05,-5.118667451827277e-05
658548127.6466794,-0.21046759648762503,-0.01925816498390385,1.0124520356147304e-05,-5.094824603422282e-05
658548227.6978804,-0.2104676666861986,-0.0192582931922014,1.0148915624924593e-05,-5.1131764984498757e-05
658548277.7234794,-0.21046765054611702,-0.019258273710075057,1.0212334205589313e-05,-5.1139908270558115e-05
658548377.6882795,-0.2104677314445684,-0.019258223547970646,1.0225874118724443e-05,-5.1144889371926294e-05
658548427.7138795,-0.21046811351483424,-0.01925838258693628,9.891045264109888e-06,-5.1331493723310445e-05
658548477.6530805,-0.2104682314580018,-0.019258364098003748,9.820249502634493e-06,-5.1340502533085e-05
658548526.6418794,-0.21046822397334494,-0.019258272462826378,9.873972206725368e-06,-5.127582230043601e-05
658548576.6674805,-0.21046817929543302,-0.019258259834033266,9.965854357890658e-06,-5.129069898255484e-05
658548626.6930795,-0.21046829718908872,-0.01925827823828558,9.895152379840733e-06,-5.133658852158121e-05
658548676.7186794,-0.21046875364585452,-0.019258279264504574,9.485874694376006e-06,-5.136507980635363e-05
658548726.6578805,-0.2104687526236232,-0.019258332373179705,9.533981920162304e-06,-5.1445585910255e-05
658548776.6834794,-0.21046854844084048,-0.019258129385308038,9.785318494465178e-06,-5.127002259587912e-05
658548826.7090795,-0.21046881451335764,-0.019258274482244084,9.566387058790315e-06,-5.144252376813874e-05
658548876.6482795,-0.21046881860228428,-0.01925806204754389,9.609345079431009e-06,-5.1257425671146634e-05
658548926.6738806,-0.21046903615553222,-0.01925822248446897,9.438907400599605e-06,-5.144522612433866e-05
658548976.6994807,-0.21046910358448379,-0.01925828865969435,9.41858119304917e-06,-5.153874445527548e-05
658549076.6642796,-0.2104692386404448,-0.01925827343741025,9.377610801775127e-06,-5.157809984577752e-05
658549126.6898806,-0.21046932926607403,-0.019258061120409856,9.3340492444971e-06,-5.139306452030257e-05
658549226.6546797,-0.21046976369692624,-0.01925817685067002,8.993626348097195e-06,-5.1563249399280003e-05
658549276.6802806,-0.21046966116870272,-0.019258046571286297,9.143179636073029e-06,-5.146018995963453e-05
658549326.7058796,-0.21046958882664768,-0.01925809836669533,9.262533670145734e-06,-5.1539184656380216e-05
658549426.6706797,-0.21046980852338548,-0.01925807879991705,9.136740355575323e-06,-5.157390746825599e-05
658549526.7218807,-0.21047006035172308,-0.019258208876954803,8.978843851203955e-06,-5.175823803456672e-05
658549576.6610807,-0.21047007192531017,-0.01925808807743474,9.0141352284967e-06,-5.1664487283727134e-05
658549626.6866797,-0.21047013930473826,-0.019258191145849795,8.99368855392102e-06,-5.179463042790863e-05
658549676.7122797,-0.21047050368558082,-0.019258067988275205,8.676227126358516e-06,-5.16985266951521e-05
658549725.7010807,-0.2104704190448066,-0.019258072332769764,8.806801931188213e-06,-5.172934405605484e-05
658549775.6402798,-0.21047040839441805,-0.019258213809982404,8.86426424756559e-06,-5.189778703431486e-05
658549825.6658807,-0.21047049892102274,-0.019258075279360506,8.820617126759078e-06,-5.178624786437991e-05
658549925.7170798,-0.2104707413687898,-0.019258109259031854,8.671887842010007e-06,-5.187414734700996e-05
658549975.6562809,-0.21047085275051222,-0.01925801981264221,8.607264164489647e-06,-5.1811582762149866e-05
658550025.6818799,-0.21047080136260843,-0.01925804690590533,8.705477429815645e-06,-5.1865583237060975e-05
658550075.7074808,-0.21047093442360798,-0.01925810100780628,8.619228168638138e-06,-5.1946571199609076e-05
658550125.6466799,-0.2104710136737407,-0.0192578619176049,8.586695298323788e-06,-5.173429949431943e-05
658550175.6722798,-0.21047124347614746,-0.01925810669866409,8.403677296764389e-06,-5.200592424988576e-05
658550225.6978798,-0.21047124639430523,-0.01925805805219323,8.44752981357666e-06,-5.198410022573541e-05
658550275.7234799,-0.21047124045894877,-0.019258229131502897,8.50022207846135e-06,-5.2181980699356895e-05
658550325.6626809,-0.21047122276959462,-0.01925794693488298,8.564573822367194e-06,-5.192651769476281e-05
658550375.6882808,-0.21047141086177093,-0.019258093547485523,8.423210942049009e-06,-5.209988883402364e-05
658550425.7138798,-0.21047159720658815,-0.019258125018336493,8.283581549306529e-06,-5.215809684037259e-05
658550525.678681,-0.21047178861308863,-0.01925792783900479,8.185483527517468e-06,-5.201428146126008e-05
658550575.70428,-0.21047180450555547,-0.019258131787054853,8.21626469016401e-06,-5.2244902364138174e-05
658550625.643481,-0.2104722395306215,-0.01925780479920595,7.827818672506703e-06,-5.194451984628576e-05
658550675.66908,-0.2104719660548546,-0.01925821592882644,8.147940041641766e-06,-5.2382279300891565e-05
658550725.6946809,-0.21047213062135628,-0.019258177637762233,8.030005067050094e-06,-5.2370596494946686e-05
658550775.7202799,-0.21047218327911255,-0.01925791296991432,8.023964725129007e-06,-5.21325152948067e-05
658550825.65948,-0.2104725168795421,-0.01925805045581129,7.736887088910516e-06,-5.229652033598986e-05
658550925.710681,-0.21047241717046697,-0.019257945316300623,7.929760184793855e-06,-5.224444585791299e-05
658550975.6498799,-0.21047255324866396,-0.019257876985382585,7.840162240951853e-06,-5.220256911294893e-05
658551075.701081,-0.2104729172828356,-0.01925801208017097,7.569206562751951e-06,-5.239059847627833e-05
658551124.6898801,-0.21047295053570006,-0.019258034828948212,7.581507488391148e-06,-5.2439234157476006e-05
658551174.715481,-0.21047286492221093,-0.019258055388914532,7.713624640748318e-06,-5.24862072581421e-05
658551224.6546801,-0.21047300314394596,-0.019257807054288565,7.621811875690998e-06,-5.2264218303597204e-05
658551324.7058811,-0.21047319789657484,-0.019257950838037753,7.5199944317427825e-06,-5.246071876689046e-05
658551374.6450801,-0.2104734745203753,-0.019258028244238563,7.28973626842877e-06,-5.256440489704445e-05
658551424.6706811,-0.21047349352908631,-0.019258035973085983,7.317158883579644e-06,-5.259843713215431e-05
658551474.6962811,-0.21047327043673364,-0.019257751469919624,7.586667986086981e-06,-5.234021529179969e-05
658551574.6610811,-0.21047370968159224,-0.019257823016062037,7.240132668145938e-06,-5.2464212480164e-05
658551624.6866801,-0.21047368216601092,-0.019257776760708726,7.3140211042377334e-06,-5.244417211569888e-05
658630373.7074972,-0.21060577835232316,-0.01925117092069966,-5.470777043720121e-05,-5.6300551250103303e-05
658630423.6466982,-0.21060586775738716,-0.019251159286198867,-5.4739457810704106e-05,-5.627967858929522e-05
658630473.6722974,-0.2106059830308366,-0.019251004979336447,-5.479689668230758e-05,-5.611609768778336e-05
658630523.6978984,-0.21060598380434825,-0.0192511363364961,-5.4739818614951696e-05,-5.6238160875177884e-05
658630573.7234983,-0.21060609052145082,-0.01925098039621344,-5.4788667188720996e-05,-5.607290666910861e-05
658630623.6626973,-0.21060633957856262,-0.019251048443126303,-5.4979938858640276e-05,-5.6131635825847764e-05
658630673.6882983,-0.21060628911365667,-0.01925109621344302,-5.4871571692288734e-05,-5.617005229331326e-05
658630723.7138973,-0.2106064653042377,-0.019250900231912917,-5.498984320717604e-05,-5.5964696905743544e-05
658630773.6530983,-0.21060645076124956,-0.019251106570764027,-5.4917464466036625e-05,-5.616165811308041e-05
658630823.6786984,-0.21060648196840362,-0.01925123553716533,-5.489071910777521e-05,-5.628121061738989e-05
658630873.7042984,-0.2106066686610409,-0.019251008758126083,-5.5019442567472154e-05,-5.6044997615641023e-05
658630923.6434984,-0.210606797006258,-0.01925103325945459,-5.5089902151778114e-05,-5.606006124263957e-05
658630973.6690975,-0.21060683123165028,-0.019251039793141897,-5.506612520811416e-05,-5.605712081445391e-05
658631023.6946975,-0.210606865606554,-0.019250935647360516,-5.5042481252459696e-05,-5.5943480794566625e-05
658631073.7202985,-0.210606901827494,-0.019250872856957885,-5.502066685669771e-05,-5.5871176011763196e-05
658631123.6594985,-0.21060704304511943,-0.019251223739096327,-5.5103932996430904e-05,-5.621254009408397e-05
658631173.6850975,-0.2106072922018931,-0.01925121799971649,-5.529502165785294e-05,-5.619724602876075e-05
658631223.7106985,-0.21060725366044675,-0.01925088671864242,-5.5198395764344266e-05,-5.585639007002832e-05
658631272.6994975,-0.2106070805877805,-0.019250886481132268,-5.4968426693696726e-05,-5.5846756525035346e-05
658631322.7250985,-0.2106074400540612,-0.019250881298555452,-5.5269776341349e-05,-5.583195902847046e-05
658631372.6642985,-0.21060754774403287,-0.01925070914282047,-5.5319433906519944e-05,-5.565018477639294e-05
658631422.6898975,-0.21060765351419847,-0.019251254172524143,-5.536705513531359e-05,-5.61855590649335e-05
658631472.7154984,-0.2106077537203518,-0.019250990381590196,-5.540909625362245e-05,-5.591209242186354e-05
658631522.6546977,-0.2106077263049555,-0.019250870339631045,-5.532360027535321e-05,-5.5782371204429054e-05
658631572.6802976,-0.2106079589730094,-0.019251103370048143,-5.5498071273946126e-05,-5.600568530222255e-05
658631622.7058986,-0.21060799636616995,-0.01925087679155708,-5.5477251424213e-05,-5.5769370140800606e-05
658631672.6450976,-0.2106078040855803,-0.019251016397593093,-5.522684250219845e-05,-5.589923600547719e-05
658631722.6706976,-0.21060816375121225,-0.019250863642414164,-5.552826338778294e-05,-5.573670343143183e-05
658631772.6962976,-0.2106081969539046,-0.019250923284728924,-5.550320552180632e-05,-5.5786547942734965e-05
658631822.7218976,-0.21060813885566465,-0.019250990099303145,-5.538683095995811e-05,-5.584354428561644e-05
658631872.6610986,-0.21060832607260688,-0.019251079143232312,-5.5515856552695864e-05,-5.592276654663858e-05
658631922.6866986,-0.2106083173667374,-0.019251188189277787,-5.544884300170971e-05,-5.6021953483250536e-05
658631972.7122976,-0.2106086128219094,-0.01925069925276789,-5.5685974871155786e-05,-5.5523137379543536e-05
658632022.6514986,-0.21060863240459704,-0.019250985911619913,-5.564731945031931e-05,-5.579991324935682e-05
658632072.6770977,-0.2106087358542521,-0.019251136869857684,-5.569241472647146e-05,-5.594095090099768e-05
658632121.6658977,-0.21060882331359562,-0.019251157666313815,-5.572271410411722e-05,-5.595201247067527e-05
658632171.6914988,-0.21060887310469872,-0.019250904752539964,-5.571412023139266e-05,-5.568913743234441e-05
658632221.7170978,-0.21060875097139115,-0.01925120946079375,-5.553358656290586e-05,-5.5983863841445325e-05
658632271.6562988,-0.21060904827259896,-0.0192507618796755,-5.577257297087468e-05,-5.5526297571825006e-05
658632321.6818978,-0.2106089508354681,-0.01925108770366498,-5.56167048718359e-05,-5.584209853378569e-05
658632371.7074977,-0.21060917996096248,-0.019251127343879945,-5.5787384150907116e-05,-5.5871695083073436e-05
658632471.6722977,-0.21060917242731522,-0.019251072601833782,-5.566301353074343e-05,-5.5796821150973924e-05
658632521.6978977,-0.21060944381027405,-0.019250804586236184,-5.587590484334992e-05,-5.551869989462235e-05
658632571.7234987,-0.2106094178421726,-0.019251021044900014,-5.579143003603404e-05,-5.57250321849348e-05
658632621.6626989,-0.2106095826076968,-0.01925083518324199,-5.589777493056336e-05,-5.552904096305447e-05
658632671.6882988,-0.21060949704422824,-0.019250818849002156,-5.575367480681326e-05,-5.5502538899306064e-05
658632721.7138989,-0.21060977740811146,-0.0192509420760853,-5.597548711661071e-05,-5.561557738648429e-05
658632821.6786989,-0.21060995452172934,-0.019250766772302922,-5.603555421085371e-05,-5.5419851706154516e-05
658632921.6434978,-0.21061013911914958,-0.019250683103725574,-5.6103046098765486e-05,-5.5315678057610285e-05
658632971.6690989,-0.21061019706785766,-0.019250726968630293,-5.610236939404545e-05,-5.534925029116941e-05
658633070.6834978,-0.21061029041419638,-0.019250613579142747,-5.607963683082473e-05,-5.5215427180829724e-05
658633120.7090988,-0.21061033130005694,-0.019250617284043186,-5.606185380485629e-05,-5.52087771263747e-05
658633170.6482979,-0.21061065177631627,-0.019250612858891594,-5.6323748045566946e-05,-5.5193994015181186e-05
658633220.6738989,-0.21061063441438937,-0.01925079405782085,-5.624768830428395e-05,-5.536479611925951e-05
658633270.6994979,-0.21061081556899733,-0.01925044321271865,-5.637013069315078e-05,-5.500353321044246e-05
658633320.725098,-0.21061103399302084,-0.01925066122310332,-5.6529828135809534e-05,-5.521110478729288e-05
658633370.664299,-0.21061074335225055,-0.019251105975365983,-5.618054793404825e-05,-5.5645415305376894e-05
658633420.689898,-0.21061079144689704,-0.019250701026757428,-5.6169887443058286e-05,-5.522998586639585e-05
658633470.7154989,-0.2106110384086926,-0.019250912184171853,-5.635807987708352e-05,-5.543064139190701e-05
658633520.654698,-0.2106113041539036,-0.019250593888797272,-5.65651430908809e-05,-5.510184124405196e-05
658633570.680298,-0.2106113475595569,-0.01925084409254683,-5.6549751102336066e-05,-5.534150096773646e-05
658633620.705899,-0.21061116705297162,-0.019250715326615313,-5.631043279036296e-05,-5.520216989478993e-05
658633670.6450989,-0.21061159389741885,-0.01925081321335019,-5.667855308516545e-05,-5.528948865606009e-05
658633720.670698,-0.21061135422003133,-0.0192508412637493,-5.638003596741825e-05,-5.530693166309539e-05
658633770.6962991,-0.21061165044874045,-0.019250483684482886,-5.66174109980222e-05,-5.493872383154075e-05
658633820.7218981,-0.21061175327444373,-0.019250392606123427,-5.6661369124744176e-05,-5.483699571633832e-05
658633870.6610991,-0.21061168704436445,-0.019250847396497836,-5.653635931912593e-05,-5.5281133572324115e-05
658633920.686699,-0.21061195176687503,-0.01925058220976082,-5.674218661269603e-05,-5.500525467592651e-05
658633970.712298,-0.2106119165187798,-0.01925062878467974,-5.66480295381977e-05,-5.5041116187797695e-05
658634020.651499,-0.21061202585540678,-0.019250645556992088,-5.6698545243871745e-05,-5.5047172383485e-05
658634070.677098,-0.21061211792979068,-0.019250769741920172,-5.6731683282601475e-05,-5.5160601387417574e-05
658634169.6914991,-0.2106123623717777,-0.019250734400517406,-5.6859433920836144e-05,-5.51039082222933e-05
658634219.7170982,-0.2106123556614523,-0.01925077412246992,-5.6793746786160115e-05,-5.513281072125342e-05
658634269.6562982,-0.21061240146146593,-0.0192506598568909,-5.678065839295754e-05,-5.500772306854876e-05
658634319.6818982,-0.21061252888364174,-0.019250663680594672,-5.6849076843973334e-05,-5.500068461337243e-05
658634369.7074982,-0.2106127809091124,-0.019250646188093506,-5.704208518891862e-05,-5.4972308554151333e-05
658634419.6466982,-0.21061272163859554,-0.01925087679072953,-5.6923886154247594e-05,-5.519202506639592e-05
658634469.6722991,-0.21061271420466424,-0.019250748262371314,-5.6857408452293257e-05,-5.505257033193087e-05
658634519.6978992,-0.21061288373481585,-0.01925055510974504,-5.6967881568115164e-05,-5.484846987368133e-05
658634569.7234992,-0.21061300347380313,-0.019250614870871673,-5.7028550298765524e-05,-5.489726169374126e-05
658634669.6882982,-0.2106132184051553,-0.01925060259791734,-5.712540373312147e-05,-5.486300466551325e-05
658634769.6530993,-0.21061333629812082,-0.019250621003669394,-5.712516652237043e-05,-5.485934036822404e-05
658634819.6786983,-0.21061334218514652,-0.0192504868177178,-5.707191790416122e-05,-5.471407753011165e-05
658634869.7042984,-0.21061360733214737,-0.01925061124026373,-5.727791630705248e-05,-5.482740160212343e-05
658634919.6434994,-0.21061372415254198,-0.01925071964779561,-5.7335677384057204e-05,-5.4924708278433765e-05
658634969.6690993,-0.2106135634778523,-0.01925069307490464,-5.7115828346443465e-05,-5.488699372054387e-05
658635019.6946983,-0.210613762319226,-0.019250624426485268,-5.7255482553669745e-05,-5.480718199133913e-05
658635069.7202994,-0.21061383650745383,-0.01925061398741766,-5.7270470836950915e-05,-5.4785557951672614e-05
658635119.6594983,-0.21061385454315332,-0.019250637931961,-5.722939614136169e-05,-5.4798315216795374e-05
658635169.6850983,-0.21061390243846453,-0.019250380555991944,-5.721806611300173e-05,-5.452971093390657e-05
658635218.6738983,-0.2106141057453163,-0.019250525975490082,-5.736336284009602e-05,-5.466411378245162e-05
658635268.6994983,-0.21061402781520178,-0.019250490596954255,-5.722618240416866e-05,-5.461746392941211e-05
658635368.6642984,-0.21061430658227354,-0.019250388002993515,-5.7386513594603894e-05,-5.449228161370778e-05
658635418.6898985,-0.21061438820441625,-0.019250506092288292,-5.740884790042533e-05,-5.459903431037985e-05
658635468.7154984,-0.21061446798054426,-0.019250582826204763,-5.7429323766483575e-05,-5.466440981885881e-05
658635518.6546994,-0.21061463459212043,-0.01925043832000374,-5.7536725148632506e-05,-5.450854305490138e-05
658635568.6802994,-0.21061454872953536,-0.019250643344655566,-5.739153760350724e-05,-5.4702165661418833e-05
658635618.7058995,-0.2106147505892101,-0.019250452263546748,-5.753406002376171e-05,-5.449966064167283e-05
658635668.6450984,-0.21061481719395556,-0.01925042397559201,-5.7541417778889103e-05,-5.4459946679904364e-05
658635718.6706995,-0.21061494247096943,-0.019250607802873583,-5.760733309898014e-05,-5.46323063028778e-05
658635768.6962985,-0.21061508920083732,-0.019250397996756128,-5.769468911095976e-05,-5.441101060657885e-05
658635818.7218984,-0.21061506425538074,-0.019250561346780486,-5.761035767565259e-05,-5.456284911341952e-05
658635868.6610996,-0.2106151679043817,-0.019250564732452846,-5.765471121568777e-05,-5.45547212494335e-05
658635918.6866995,-0.21061528420061407,-0.019250357317072014,-5.771159737574805e-05,-5.433575045664038e-05
658635968.7122985,-0.21061533548882427,-0.0192504040107971,-5.770346352204636e-05,-5.437086677669359e-05
658636068.6770996,-0.21061570894968049,-0.01925059831435651,-5.7958147119813175e-05,-5.4541969561911624e-05
658636118.7026995,-0.2106155436599737,-0.019250468352991768,-5.773339964629254e-05,-5.4400364739637386e-05
658636168.6418985,-0.21061567380129753,-0.019250571102952477,-5.7804174103309736e-05,-5.449146934366836e-05
658636218.6674986,-0.21061577759987202,-0.01925046380916625,-5.7848491329365315e-05,-5.437248798741828e-05
658636317.6818995,-0.21061598776660473,-0.019250458827282855,-5.794089357163967e-05,-5.434430800880033e-05
658636367.7074995,-0.21061592243387983,-0.019250249540836786,-5.7816044653519194e-05,-5.412326808986942e-05
658636417.6466987,-0.21061604386927524,-0.019250461336837985,-5.787805506607402e-05,-5.432330881897929e-05
658636467.6722996,-0.21061615986635895,-0.019250475280394908,-5.793451279373363e-05,-5.432545461024965e-05
658636517.6978986,-0.21061617001941668,-0.019250702734975433,-5.7885114969374873e-05,-5.454108923331688e-05
658636567.7234987,-0.21061636342247353,-0.019250436234158955,-5.8018955656657933e-05,-5.42627462489266e-05
658636617.6626997,-0.21061623230829293,-0.019250349699655566,-5.78283705617022e-05,-5.416436785966525e-05
658636667.6882997,-0.21061658681043002,-0.01925049938100699,-5.8123287501571363e-05,-5.430216260716644e-05
658636717.7138987,-0.21061661088275818,-0.0192502784601434,-5.8087763272290927e-05,-5.406933287612978e-05
658636767.6530997,-0.21061675793731474,-0.019250532049593382,-5.817531290855382e-05,-5.4311011802209846e-05
658636817.6786987,-0.2106167123367193,-0.0192504987425338,-5.8070093176598725e-05,-5.4265751332365636e-05
658636867.7042987,-0.21061681885445027,-0.019250490374979296,-5.811698053215242e-05,-5.4245408050119376e-05
658636917.6434997,-0.21061700801702468,-0.019250546988117772,-5.824660455122643e-05,-5.429004386679412e-05
658636967.6690989,-0.21061715167872722,-0.01925049650788882,-5.8330613547208365e-05,-5.422754326092627e-05
658637017.6946998,-0.21061707394807405,-0.01925031355671479,-5.819321907107877e-05,-5.4032549339208535e-05
658637067.7202988,-0.21061739252839995,-0.019250304669530472,-5.84521245025893e-05,-5.401159701977701e-05
658637117.6594988,-0.21061731941276712,-0.019250225106800755,-5.8319426035374766e-05,-5.3919967644821404e-05
658637217.7106998,-0.21061738566847493,-0.019250455070942248,-5.826627698768405e-05,-5.4125689493696866e-05
658637266.6994998,-0.21061748542600467,-0.019250523318496728,-5.830755355823447e-05,-5.418203436489272e-05
658637366.6642988,-0.21061764348124673,-0.019250377178912863,-5.834624233752583e-05,-5.401153970795852e-05
658637416.6898998,-0.21061791758343282,-0.019250208089751898,-5.8560593508283354e-05,-5.383022874786564e-05
658637466.7154999,-0.21061776516592987,-0.01925040450915835,-5.8348414239739466e-05,-5.401440382743136e-05
658637516.654699,-0.21061805720407728,-0.019250333150858806,-5.858078315484905e-05,-5.393079986207305e-05
658637566.6802999,-0.21061797815152214,-0.019250424667224833,-5.844194746884579e-05,-5.4010026832820857e-05
658637616.7059,-0.21061801130430347,-0.01925052120271969,-5.841530648822979e-05,-5.4094250353128176e-05
658637666.6450999,-0.21061823371937502,-0.019250600565064106,-5.857802050424077e-05,-5.41612994484561e-05
658637766.696299,-0.2106184127787728,-0.01925039283049222,-5.863743961320722e-05,-5.3928827952506864e-05
658637816.7218999,-0.2106185123368369,-0.019250608650671644,-5.8677161800441135e-05,-5.4132245705509896e-05
658637916.6866989,-0.21061864774138342,-0.019250335178106724,-5.869296671948132e-05,-5.383392179338781e-05
658637966.7123,-0.2106186617858726,-0.019250497770826196,-5.86471441619274e-05,-5.398404407795307e-05
658638016.651499,-0.21061893384258942,-0.019250434898929157,-5.88594269404219e-05,-5.390870062690206e-05
658638066.677099,-0.21061904983965798,-0.019250448842516157,-5.891553638409652e-05,-5.3910128368653276e-05
658638116.7026991,-0.21061887584405412,-0.019250427927136445,-5.868164291458755e-05,-5.3876674393223134e-05
658712817.7107166,-0.21073577644306837,-0.019244440885178637,-6.753285091765093e-05,-8.651730532448915e-06
658713117.6915157,-0.2107363453015543,-0.019244299369984418,-6.75326439048829e-05,-8.321089277861515e-06
658713167.7171167,-0.21073634442885117,-0.019244241799168314,-6.743678136170161e-05,-8.231980274806677e-06
658713217.6563157,-0.21073651637742416,-0.0192443689334957,-6.751387839126766e-05,-8.327631144351005e-06
658713267.6819167,-0.21073669528731498,-0.01924427188032151,-6.759774688427922e-05,-8.199040291693993e-06
658713367.6467158,-0.21073672018380057,-0.019244145423801637,-6.743264778058533e-05,-8.009563602071057e-06
658713517.7235157,-0.21073704040814595,-0.01924432546789223,-6.746744078584e-05,-8.094997399732407e-06
658713567.6627169,-0.2107370747837757,-0.019244221322579046,-6.740678619995832e-05,-7.959370198783178e-06
658713617.6883168,-0.2107373096456842,-0.01924423745896042,-6.754642817646817e-05,-7.94397041692027e-06
658713667.7139158,-0.21073728854085366,-0.01924437283996018,-6.743007815063207e-05,-8.047815436187933e-06
658713716.7027159,-0.2107372271520692,-0.01924406179803881,-6.727539373813096e-05,-7.70589129758803e-06
658713766.6419158,-0.21073724795604015,-0.01924414777582098,-6.720106729907194e-05,-7.760387899208299e-06
658713866.6931169,-0.21073763022102365,-0.01924415925115512,-6.739266716612735e-05,-7.70879240034883e-06
658713916.7187158,-0.21073763391239275,-0.019244241961897682,-6.730098852406052e-05,-7.759967940015877e-06
658713966.6579169,-0.21073776061178826,-0.01924407753680519,-6.733245779722008e-05,-7.5640622376263456e-06
658714066.7091159,-0.21073789362064343,-0.01924416853490496,-6.727460253683204e-05,-7.591990543787119e-06
658714116.648317,-0.21073816747238872,-0.019244183914422508,-6.745315005360353e-05,-7.575889786504142e-06
658714166.673916,-0.21073796416745375,-0.019244038492786036,-6.715435139750814e-05,-7.39893350646878e-06
658714216.699517,-0.21073817054178673,-0.019244024588698224,-6.726520743738362e-05,-7.353494858804849e-06
658714266.725116,-0.21073825795046944,-0.01924408227927336,-6.725707332633224e-05,-7.379650951360589e-06
658714316.6643159,-0.21073814010824377,-0.019244026979099035,-6.70438289413211e-05,-7.29287082416874e-06
658714366.689917,-0.21073847283095376,-0.019244106901841543,-6.728096007843631e-05,-7.3412592073301974e-06
658714416.7155169,-0.21073834618170012,-0.01924423443379538,-6.705869494089134e-05,-7.437256850671703e-06
658714466.654716,-0.2107385773020869,-0.019244204752590505,-6.719434039867411e-05,-7.376095838812491e-06
658714516.6803169,-0.2107384737537948,-0.019244127579527207,-6.699512782823436e-05,-7.267388533852698e-06
658714566.705917,-0.2107388399292973,-0.01924408267928655,-6.726561493261562e-05,-7.1909540728491705e-06
658714616.645117,-0.21073873268964605,-0.019243922795477732,-6.706282815319153e-05,-6.9995905185547824e-06
658714666.6707171,-0.2107389464968456,-0.019244037419759354,-6.718089894516832e-05,-7.082680593375329e-06
658714766.721917,-0.21073896166346953,-0.019244073117689994,-6.700452103050591e-05,-7.0553100797697554e-06
658714816.6611161,-0.21073903216013762,-0.019243979968709093,-6.697937518915231e-05,-6.930681306097086e-06
658714866.6867161,-0.2107390665357808,-0.019243875823402784,-6.691791913304712e-05,-6.7950017074991376e-06
658714916.7123171,-0.21073923586624288,-0.01924383024532361,-6.699139422061684e-05,-6.717889290738105e-06
658715065.665917,-0.2107394941000185,-0.019244141965112163,-6.696407451919906e-05,-6.935713732017512e-06
658715115.6915171,-0.21073955865846164,-0.019244219895059863,-6.693268406479658e-05,-6.982109068572745e-06
658715165.7171172,-0.2107394235532013,-0.019244272007220207,-6.670160655372626e-05,-7.002686524735374e-06
658715265.6819162,-0.21073975780051601,-0.019243929890126365,-6.684400542175672e-05,-6.597554171216408e-06
658715315.7075162,-0.2107397577503667,-0.019243966783256166,-6.674791338787123e-05,-6.602912260882804e-06
658715365.6467162,-0.21073983997305734,-0.019243642155818787,-6.67342370329338e-05,-6.246804116351312e-06
658715415.6723162,-0.21073998754671294,-0.019244211569433255,-6.678572271603955e-05,-6.784682417569632e-06
658715515.7235162,-0.21074003282583692,-0.019243781481725238,-6.66387570569249e-05,-6.291523619424144e-06
658715565.6627172,-0.21074014488026538,-0.019243897181454344,-6.665482089537877e-05,-6.375742017433045e-06
658715615.6883172,-0.2107402379764182,-0.019243968258768736,-6.665173763195642e-05,-6.415283354439805e-06
658715715.6531173,-0.21074056972610722,-0.019244064397015703,-6.679122663449943e-05,-6.448403531311708e-06
658715765.6787163,-0.21074044512312415,-0.019244085711797372,-6.657037634039131e-05,-6.43818173429872e-06
658715815.7043164,-0.21074048072251964,-0.01924378088540323,-6.650970590657557e-05,-6.1018185400947555e-06
658715865.6435174,-0.21074090961076966,-0.019243772559812695,-6.684246820090611e-05,-6.062010386338745e-06
658715915.6691173,-0.21074077425474877,-0.0192440091376041,-6.661079755046484e-05,-6.267050906283433e-06
658715965.6947173,-0.21074080012425336,-0.019243866465652217,-6.6540330102699e-05,-6.092841432249474e-06
658716014.6835163,-0.2107411063053418,-0.019243883917089102,-6.675214928997253e-05,-6.079408721895718e-06
658716064.7091163,-0.21074093190932977,-0.0192441581448785,-6.648137233267182e-05,-6.322098462453046e-06
658716114.6483173,-0.21074109472976846,-0.019244004716157656,-6.65479562121929e-05,-6.137185881868734e-06
658716164.6739173,-0.2107411100468439,-0.019243929734701903,-6.646684818434334e-05,-6.0306658055120366e-06
658716214.6995164,-0.21074126046918193,-0.01924380264110699,-6.65208234192638e-05,-5.8720332891254445e-06
658716514.6803174,-0.21074163208137717,-0.019243955593330676,-6.63136282104404e-05,-5.835854025894316e-06
658716564.7059164,-0.21074183666017157,-0.019243863440808955,-6.642160777514672e-05,-5.712160186615439e-06
658716614.6451164,-0.210741674040342,-0.019243869297000758,-6.616253412278228e-05,-5.686529152702097e-06
658716664.6707175,-0.21074191114912463,-0.019243631643812764,-6.630300080362472e-05,-5.4173338686624994e-06
658716714.6963174,-0.21074222229547465,-0.019243494231801075,-6.65174836982918e-05,-5.248379357027794e-06
658716764.7219166,-0.21074235500335065,-0.019243806588728797,-6.655350682946426e-05,-5.529193370025498e-06
658716814.6611166,-0.21074201110635737,-0.019243552319904628,-6.611307090376162e-05,-5.243435684781916e-06
658716864.6867166,-0.2107423690966629,-0.019243932288365937,-6.637433411091354e-05,-5.591860370721818e-06
658716963.7011175,-0.21074246546286293,-0.01924369646746107,-6.627918867729843e-05,-5.29360434500456e-06
658717013.6403176,-0.21074268254008383,-0.019243504193574026,-6.63996433202807e-05,-5.069839804097698e-06
658717063.6659175,-0.21074259682662877,-0.019243598537724924,-6.621711923326945e-05,-5.132638341762835e-06
658717163.7171166,-0.21074289317746844,-0.01924385192990673,-6.631978635357472e-05,-5.322937822727775e-06
658717213.6563176,-0.21074289988809725,-0.019243812208059274,-6.622979134904283e-05,-5.2517233512065775e-06
658720905.7011174,-0.21074865766471795,-0.019243263133508,-6.478534794335244e-05,-2.3722152056107615e-06
658720955.6403174,-0.21074875664896645,-0.019243200025105163,-6.478626093339712e-05,-2.2775454858806055e-06
658721305.6467175,-0.21074934825726002,-0.019243112057490613,-6.469008071530169e-05,-1.9683377244610056e-06
658721405.6979185,-0.21074971889629013,-0.019243281225417363,-6.48639715948307e-05,-2.07425045501905e-06
658721555.6883186,-0.21074995902448976,-0.019242921139823975,-6.480903259606374e-05,-1.619325944467176e-06
658721605.7139176,-0.21074998060068142,-0.019243138474694436,-6.473216599439668e-05,-1.805026722472014e-06
658799166.6483351,-0.21086318258879516,-0.019236442610863717,-1.2776384232193738e-05,4.908234828931643e-05
658799316.7251353,-0.210863212503112,-0.019236124398272735,-1.2450397413349412e-05,4.944923222236636e-05
658799366.6643363,-0.21086328848585023,-0.019236192209329494,-1.2407941764547292e-05,4.939757261356384e-05
658799416.6899363,-0.2108634940881846,-0.019236046950543918,-1.2494896136860945e-05,4.955898862869443e-05
658799466.7155362,-0.21086344060265277,-0.019236217152127515,-1.2322758046412474e-05,4.9404922108382127e-05
658799566.6803362,-0.21086346796543032,-0.019236374087653073,-1.211300715839303e-05,4.9280162494981516e-05
658799616.7059352,-0.21086377669681583,-0.019235916394293708,-1.23030726493778e-05,4.975392454161648e-05
658799666.6451362,-0.21086374294046997,-0.01923626257546977,-1.2150851064762769e-05,4.942376224888537e-05
658799716.6707363,-0.21086374294046997,-0.01923626257546977,-1.203217664849654e-05,4.943978677081698e-05
658799766.6963353,-0.21086391374822816,-0.019235831852810883,-1.2084305840986964e-05,4.988651187085372e-05
658799816.7219354,-0.21086409594536218,-0.019236112657298313,-1.2147820329155845e-05,4.962168775955733e-05
658799866.6611354,-0.21086376132875706,-0.01923602826864174,-1.1694722063915197e-05,4.972200719815731e-05
658799916.6867363,-0.2108641436426546,-0.01923600285515171,-1.1958345388168867e-05,4.9763357015113197e-05
658800066.6771353,-0.21086434904321225,-0.019236005168804773,-1.180785641971549e-05,4.9808692879047683e-05
658800166.6419364,-0.21086466532195272,-0.019236286971199206,-1.188692555489923e-05,4.955853793993728e-05
658800215.7171364,-0.21086469201427674,-0.019236238763516576,-1.1797160675230955e-05,4.962225006318807e-05
658800265.6563354,-0.2108646586110371,-0.01923632669294916,-1.1645246563746214e-05,4.95500763682058e-05
658800315.6819364,-0.21086473981246381,-0.019236055175161818,-1.1607728746060308e-05,4.983735525375399e-05
658800465.6723355,-0.21086514375130758,-0.01923621020355981,-1.1655695666384913e-05,4.9729451704227934e-05
658800515.6979365,-0.21086511664078691,-0.019235868802503546,-1.150985331530019e-05,5.008652637601002e-05
658800565.7235355,-0.210864804420483,-0.019236096212671108,-1.1078898224659017e-05,4.9874767980993134e-05
658800615.6627365,-0.21086506597369134,-0.019236064144020664,-1.1221918831405553e-05,4.9922439601907814e-05
658802664.725137,-0.21086836288479305,-0.019236070365963226,-9.653744917320628e-06,5.0537862338856376e-05
658802714.664337,-0.21086854379149905,-0.019235903990997488,-9.716065659803874e-06,5.071894028009852e-05
658802764.689936,-0.21086854768397603,-0.01923583912930835,-9.60116735021499e-06,5.079850926461779e-05
658802814.715537,-0.2108684348091818,-0.019235628964487116,-9.36950218080601e-06,5.1023360263236645e-05
658802864.654736,-0.21086851837501727,-0.019235714624618722,-9.334483299872076e-06,5.095233989658651e-05
658802964.7059361,-0.21086877147286812,-0.019235607136226608,-9.350003158437037e-06,5.108909527420241e-05
658803064.6707361,-0.21086878182399027,-0.019235687018315472,-9.12298431218761e-06,5.10383708012159e-05
658803114.6963371,-0.21086871132681484,-0.01923578016642292,-8.933700831714741e-06,5.095978258639125e-05
658803163.6851372,-0.21086905916336776,-0.019235932684150733,-9.165213886108692e-06,5.082150263953367e-05
658803213.7107362,-0.21086887476782842,-0.019235868775959244,-8.862033982898199e-06,5.089992917421682e-05
658803263.6499361,-0.2108694158589072,-0.01923586547687942,-9.28454693710501e-06,5.091770061046649e-05
658803313.6755371,-0.21086909112495952,-0.019235508254529684,-8.84103087392396e-06,5.1289399424229304e-05
658803363.7011371,-0.21086922310894704,-0.019235652362644517,-8.85423398855334e-06,5.115974684083424e-05
658803463.6659362,-0.2108694162121104,-0.0192356072251467,-8.809984570451457e-06,5.123370779627073e-05
658803513.6915373,-0.21086947113936189,-0.019235773523799213,-8.746135114146014e-06,5.108180201709653e-05
658803563.7171363,-0.21086938839528052,-0.019235782327553422,-8.544615869521266e-06,5.108737027202659e-05
658803613.6563373,-0.21086951965843292,-0.019235758185569624,-8.557310603063417e-06,5.112583865078332e-05
658803663.6819363,-0.21086957426851927,-0.019235461089283572,-8.493148827615205e-06,5.143726530594875e-05
658803763.6467372,-0.21086999721554708,-0.01923562384735167,-8.678762618063995e-06,5.130308089751345e-05
658803813.6723362,-0.2108695225777939,-0.019235709539303217,-8.085358517539998e-06,5.123165696672982e-05
658803913.7235363,-0.21087013934880522,-0.019235995409982425,-8.464602870877913e-06,5.0974260066189575e-05
658803963.6627373,-0.21086980682991333,-0.019235767910991852,-8.013528928429992e-06,5.12159403324719e-05
658804013.6883364,-0.21087043004515899,-0.01923551377189959,-8.51798622653055e-06,5.148426454448102e-05
658804163.6787374,-0.21087013022310291,-0.019235714846949525,-7.862109437983822e-06,5.132559640652623e-05
658804213.7043364,-0.21087087045789973,-0.019235421545507125,-8.483595881625394e-06,5.163300034631904e-05
658804263.6435374,-0.21087081185438356,-0.01923585728968146,-8.306451679068738e-06,5.1211313745753995e-05
658804362.6579363,-0.21087077137259128,-0.019235558439007334,-8.030947309500824e-06,5.153797566096949e-05
658804462.7091373,-0.21087093414323052,-0.019235441905368054,-7.956245572732223e-06,5.168252991097008e-05
658804512.6483364,-0.21087106146342985,-0.019235519518195226,-7.965039046237132e-06,5.1618872453324666e-05
658804562.6739374,-0.21087121819348775,-0.019235647849509326,-8.003040338599998e-06,5.1504500154946065e-05
658805112.6963376,-0.2108719514650261,-0.019235578735406045,-7.431131732044127e-06,5.172574330647439e-05
658805162.7219366,-0.2108719781573683,-0.01923553052774235,-7.3391374529052644e-06,5.178766527585976e-05
658805262.6867375,-0.21087244269632718,-0.01923518048828329,-7.566520185714465e-06,5.216504890784637e-05
658805312.7123376,-0.21087190484173904,-0.019235598535885256,-6.909991169729013e-06,5.1760654841959824e-05
658805362.6515375,-0.21087237399398473,-0.019235351884835977,-7.26067815645659e-06,5.2020915665657724e-05
658805411.6403366,-0.210872307237893,-0.019235490850545104,-7.077715488940095e-06,5.189528114712613e-05
658805461.6659366,-0.21087222818445167,-0.019235582365008105,-6.880000387399221e-06,5.181736002879758e-05
658805511.6915376,-0.21087260578404277,-0.01923552734960205,-7.138942749868038e-06,5.1885948599887655e-05
658805561.7171377,-0.2108724042760317,-0.019235460174111724,-6.818782020218128e-06,5.1966677093378405e-05
658805611.6563377,-0.21087238075538525,-0.019235275269987823,-6.676818151502006e-06,5.2165090721017354e-05
658805661.6819367,-0.21087283655050643,-0.019235755922897956,-7.013969784225305e-06,5.169795057845608e-05
658805711.7075367,-0.2108726860629387,-0.019235235154199684,-6.744843453615479e-06,5.223221193638439e-05
658805761.6467377,-0.2108727304876494,-0.019235432250087586,-6.670839090450187e-06,5.2048565366585864e-05
658805861.6979377,-0.2108732886407081,-0.019235469111541337,-6.991738904255085e-06,5.203858892149915e-05
658805911.7235377,-0.21087335043024977,-0.019235485009154358,-6.934909317829474e-06,5.2036103748747536e-05
658805961.6627367,-0.210873054652082,-0.019235510543124848,-6.520721973518606e-06,5.202393908636249e-05
658806061.7139379,-0.2108733267582107,-0.019235410784342304,-6.555615584435959e-06,5.2150422796954504e-05
658806111.6531368,-0.2108732392494483,-0.01923542687896789,-6.349713327358231e-06,5.214763766887148e-05
658806161.6787379,-0.21087336482524757,-0.0192353893502469,-6.356696174464327e-06,5.2198478984889773e-05
658806211.7043369,-0.21087349998089017,-0.01923530034662399,-6.373264327313999e-06,5.2300775273211864e-05
658806261.6435368,-0.21087391190641927,-0.01923517807954234,-6.666812695010904e-06,5.243629220296961e-05
658806360.6579379,-0.21087373766014436,-0.01923534162577942,-6.257876722010058e-06,5.229895782412827e-05
658806810.715537,-0.2108746831440213,-0.019235161317733247,-6.136899948161467e-06,5.2597430257688566e-05
658806860.654738,-0.21087493676075542,-0.019235369651995772,-6.272211239388703e-06,5.240210923031924e-05
658806910.6803379,-0.21087478796716888,-0.01923500091794983,-6.00491399385672e-06,5.2783859364469166e-05
658807559.7171371,-0.21087550868896204,-0.019235068818349958,-5.18877692926023e-06,5.2883055226056463e-05
658807609.656337,-0.2108756532730415,-0.01923503901916351,-5.215159697591343e-06,5.292557540876111e-05
658807709.7075381,-0.2108756054242623,-0.01923525950056618,-4.930521952051237e-06,5.273052184126201e-05
658807759.6467372,-0.21087558636550835,-0.019235288664161323,-4.79328465044504e-06,5.2714021203690425e-05
658807809.6723372,-0.21087593163585386,-0.019235231576635488,-5.020179724091189e-06,5.278377425726316e-05
658807909.7235382,-0.21087610398635834,-0.01923506356817331,-4.955803200257236e-06,5.297705578219403e-05
658808159.6787373,-0.21087654671274614,-0.019235365412982465,-4.807261172745658e-06,5.2738012922014244e-05
658808508.6483372,-0.21087686968799893,-0.019234922740419658,-4.305098423335041e-06,5.326756332152405e-05
658808558.6739383,-0.21087667950423686,-0.019234919231525288,-3.996663717864557e-06,5.328345009572577e-05
658808608.6995373,-0.2108771319114139,-0.019235095815250708,-4.330828814597121e-06,5.311922518028145e-05
658808658.7251374,-0.21087730775062574,-0.019235158089950213,-4.3884348708556065e-06,5.306929023976906e-05
658808708.6643374,-0.21087707012188348,-0.01923507991761685,-4.032786148189249e-06,5.315976203524794e-05
658808758.6899384,-0.21087735616874007,-0.019235216537961442,-4.2006178920250825e-06,5.30354434329465e-05
658808858.6547375,-0.21087754829875052,-0.0192351876160256,-4.156549283901301e-06,5.3088890711212866e-05
658808908.6803384,-0.21087752098660786,-0.019234993787373103,-4.011049617697049e-06,5.3294964197522776e-05
658808958.7059374,-0.21087739750850298,-0.01923488820589504,-3.769393332075932e-06,5.341277156388838e-05
658809008.6451384,-0.21087774734162018,-0.019234971399940598,-4.0012617533169426e-06,5.334176341351138e-05
658809058.6707374,-0.21087754481005427,-0.019234957332883582,-3.6805708712728258e-06,5.336801855462467e-05
658809308.7123386,-0.21087820645971675,-0.01923510826196831,-3.7517724129632057e-06,5.32777259963646e-05
658809358.6515385,-0.2108781952869521,-0.019234933915986876,-3.6227025489443676e-06,5.346412616966459e-05
658809408.6771375,-0.21087807724380034,-0.019235026186801833,-3.386568265068002e-06,5.3383911631350867e-05
658809508.6419375,-0.21087837486723632,-0.019235042008328533,-3.448243458215039e-06,5.3392125628888565e-05
658809607.6563386,-0.2108785204244369,-0.01923499599375858,-3.360135603758252e-06,5.346187346819131e-05
658809707.7075386,-0.2108785356411565,-0.019234994798748153,-3.139281430891705e-06,5.348697585647391e-05
658810607.6499388,-0.210880307441005,-0.01923485334907027,-2.789602279340553e-06,5.384012893139278e-05
658810707.7011387,-0.21088003077212764,-0.01923481282616702,-2.277302545317106e-06,5.3903819289484456e-05
658810757.6403389,-0.21088028546284932,-0.019234931158918167,-2.4143988286151608e-06,5.3797022836477026e-05
658886903.6883564,-0.21098277349324884,-0.019228446146066627,5.593776154100283e-05,5.477776698785408e-05
658886953.7139554,-0.21098271836448831,-0.019228427419289793,5.608964224154689e-05,5.477353673418936e-05
658887003.6531554,-0.21098269494669053,-0.01922816872887527,5.620962167168786e-05,5.500928620001677e-05
658887053.6787565,-0.21098266548656672,-0.01922815490320986,5.6335787174732754e-05,5.500010764867419e-05
658887103.7043556,-0.21098286960877888,-0.019228394792922293,5.622834693277956e-05,5.4737190152781556e-05
658887153.6435566,-0.21098281657867488,-0.019228232956090528,5.637786861653615e-05,5.487601549516649e-05
658887203.6691566,-0.21098287257921483,-0.019228309253630633,5.6418503072641624e-05,5.477664316720296e-05
658887253.6947565,-0.21098277482157934,-0.019228171679084555,5.661287209307586e-05,5.4891119448646775e-05
658887303.7203566,-0.2109830753636925,-0.01922813885715963,5.640891768537992e-05,5.4900819662802997e-05
658887353.6595556,-0.2109831941774233,-0.019228177944422015,5.638650115288857e-05,5.483862726861008e-05
658887403.6851555,-0.21098313889647757,-0.019228269896890818,5.6538322279697795e-05,5.472350632844403e-05
658887453.7107565,-0.2109833110954086,-0.019228212569409094,5.6462639646037704e-05,5.475764198326419e-05
658887503.6499566,-0.2109833378894695,-0.019228090575871146,5.653217129378274e-05,5.4856460485766534e-05
658887553.6755565,-0.2109834738663518,-0.01922809603746284,5.6492662771356894e-05,5.482776049020588e-05
658887603.7011566,-0.2109836374076119,-0.019228110862447124,5.642556577983848e-05,5.478967383888353e-05
658887653.6403557,-0.2109837152345636,-0.019228220029634042,5.644399242688003e-05,5.46572619888816e-05
658887702.7155566,-0.2109836688142086,-0.01922809225730904,5.658497757524139e-05,5.4762169281571266e-05
658887752.6547567,-0.21098371733322852,-0.019228076919580554,5.663266421698787e-05,5.475421653339946e-05
658887802.6803557,-0.21098380376712197,-0.019228150827390007,5.664257808538076e-05,5.4656954832015686e-05
658887852.7059567,-0.2109839427144436,-0.019228070749696447,5.6599954096264726e-05,5.4713655523019183e-05
658887952.6707556,-0.21098395296347625,-0.01922822441800811,5.678211189236171e-05,5.451320447589364e-05
658888002.6963557,-0.21098407182793014,-0.019228226612197707,5.675949710004513e-05,5.448756417990655e-05
658888052.7219566,-0.21098431519333907,-0.019228281280492497,5.661235664616848e-05,5.4409426792002835e-05
658888102.6611567,-0.21098436581102842,-0.01922812283271377,5.6657773006424383e-05,5.454442311617416e-05
658888202.7123557,-0.21098453416773985,-0.019228093473779517,5.6681742129055523e-05,5.452672929340263e-05
658888252.6515567,-0.210984472378516,-0.019228077575565754,5.6839490835319806e-05,5.4519107531198624e-05
658888302.6771568,-0.21098451592988254,-0.019228217101019084,5.6892039940248385e-05,5.4355998599143335e-05
658888352.7027558,-0.2109845020415669,-0.019227943828905508,5.700200360572727e-05,5.460566443512074e-05
658888502.6931568,-0.2109847484281541,-0.01922787606483729,5.7043525892558344e-05,5.460251409077424e-05
658888552.7187557,-0.21098469125145713,-0.019227963555020523,5.719667681933216e-05,5.449132678305574e-05
658888602.6579558,-0.21098502022970617,-0.019227997667303792,5.6963481647492875e-05,5.4433535717740567e-05
658888652.6835569,-0.21098513704621438,-0.019228106078474,5.694258842439681e-05,5.430138220566261e-05
658888702.7091559,-0.21098502873518388,-0.01922803619409181,5.714679713675341e-05,5.434750166648933e-05
658888802.6739569,-0.21098510783976357,-0.01922790778739074,5.725924533919735e-05,5.442835204956531e-05
658888851.6627558,-0.21098522957319826,-0.019227898228466548,5.723134676705044e-05,5.441457270288427e-05
658888901.6883569,-0.2109854233956037,-0.019228021342992768,5.7133319546903705e-05,5.4267603750452614e-05
658888951.7139559,-0.2109853446968991,-0.01922785460503253,5.7307787492910656e-05,5.4410464861969626e-05
658889051.678757,-0.21098565830625696,-0.019228000591446533,5.718547323740886e-05,5.421669893828501e-05
658889101.7043569,-0.2109856356588119,-0.0192278732579557,5.7303811739711774e-05,5.432008853669193e-05
658889151.643556,-0.2109856979139214,-0.01922824187159568,5.7337056270728715e-05,5.3927550118775675e-05
658889201.6691561,-0.21098577742438426,-0.01922781832024237,5.735318441518755e-05,5.4327113054832704e-05
658889251.694756,-0.2109856692148304,-0.019227674649688897,5.755700622600557e-05,5.4446772957284645e-05
658889301.720356,-0.21098590259415326,-0.01922807593745536,5.741921274146633e-05,5.4021452337335574e-05
658889351.659557,-0.21098597211855039,-0.019227999005539516,5.744508267871429e-05,5.407437079373717e-05
658889501.6499571,-0.21098606172582499,-0.019227839801747377,5.764182911263682e-05,5.416131860312354e-05
658889551.6755561,-0.21098617746761014,-0.019228038214494796,5.762154014002374e-05,5.393876254479804e-05
658889601.701157,-0.21098642744272772,-0.019228126947346328,5.7466991011168034e-05,5.382586436996836e-05
658889651.6403562,-0.21098628141979822,-0.019227820245078533,5.770824828826848e-05,5.4108421129059336e-05
658889701.6659561,-0.210986548558076,-0.019227875352264,5.753648218440044e-05,5.40291047318453e-05
658889801.7171562,-0.21098669104319961,-0.019227988664570223,5.75846602453578e-05,5.386730828691941e-05
658889851.6563572,-0.21098660814712775,-0.019228108146704267,5.7762682638767826e-05,5.372359323409237e-05
658889901.6819571,-0.21098684817766214,-0.01922782185276082,5.761791579020348e-05,5.398559053306634e-05
658889951.7075561,-0.2109866766982856,-0.01922804743019574,5.7884631547072685e-05,5.373569466665326e-05
658890001.6467562,-0.2109868080119029,-0.019227986396510705,5.784836252731296e-05,5.3772430221071116e-05
658890101.6979561,-0.21098695833368258,-0.019227933092519616,5.7888376478271164e-05,5.377698877425188e-05
658890150.6867571,-0.21098692246678946,-0.019227737630003496,5.801739865615718e-05,5.394855209352872e-05
658890200.7123573,-0.21098724381130535,-0.019227790786323636,5.7791153608599544e-05,5.3870969370265614e-05
658890250.6515563,-0.21098733864916538,-0.01922797700711245,5.7791223329689556e-05,5.366034282670157e-05
658890350.7027563,-0.21098735104759908,-0.01922795067229296,5.7968885113002244e-05,5.363771706637724e-05
658890450.6675563,-0.21098737696992687,-0.019227771108005335,5.8132747372124927e-05,5.3768277170181816e-05
658890550.7187562,-0.21098755490682267,-0.019227690274339886,5.8144646956442836e-05,5.379997859713062e-05
658890600.6579562,-0.21098775062493774,-0.01922781785118263,5.80436410055063e-05,5.364784606668241e-05
658890650.6835573,-0.2109877656893964,-0.019227927335565914,5.812342435021489e-05,5.351374219206284e-05
658890750.6483563,-0.21098792267164368,-0.019227871203017964,5.8155888997463157e-05,5.352061448857942e-05
658890800.6739564,-0.21098781850730447,-0.019227551991591155,5.835481603722048e-05,5.381514264307316e-05
658890850.6995564,-0.21098781558758012,-0.019227600637797715,5.845246994407027e-05,5.374179195605233e-05
658890900.7251564,-0.2109879940410492,-0.019227835626474576,5.836872207282129e-05,5.3482077623002305e-05
658890950.6643574,-0.21098806366693598,-0.019227684908408555,5.839360964043916e-05,5.360809164820998e-05
658891050.7155564,-0.21098809779029437,-0.019227765229404208,5.8548754046705564e-05,5.3478213827468785e-05
658891100.6547574,-0.21098830216609585,-0.019227820653799677,5.843880554051717e-05,5.3398022301431175e-05
658891150.6803564,-0.21098833177843354,-0.019227723800234495,5.850375496854743e-05,5.347004489222526e-05
658891250.6451565,-0.21098851729829693,-0.019227660815694925,5.850710842070228e-05,5.348334754763304e-05
658891350.6963565,-0.21098862027727425,-0.019227459061704037,5.859304957331335e-05,5.3635293086714414e-05
658891449.7107565,-0.21098887850411377,-0.019227770786809015,5.8521669943661925e-05,5.327419356695659e-05
658891499.6499575,-0.21098889212950894,-0.019227543771180498,5.8602239730393135e-05,5.347627565823951e-05
658891549.6755565,-0.21098894561622925,-0.019227373570300885,5.864308172989774e-05,5.362147912815404e-05
658891599.7011565,-0.21098910296279738,-0.019227743939348396,5.858003436562398e-05,5.322609194907679e-05
658891649.6403565,-0.21098917069295048,-0.01922758875901272,5.8606411043660156e-05,5.33562767273503e-05
658891699.6659576,-0.21098919795286,-0.019227819480906308,5.867339115708803e-05,5.3100495392574554e-05
658891749.6915576,-0.21098921834021503,-0.01922751585054648,5.874721410684125e-05,5.337904568815388e-05
658891799.7171576,-0.210989407397839,-0.019227646255985956,5.865233700499961e-05,5.322353959356929e-05
658891849.6563566,-0.2109893703040163,-0.01922765147427396,5.878341891601968e-05,5.3193243497735854e-05
658891899.6819576,-0.21098941508229554,-0.019227590318933205,5.883276144938443e-05,5.322925713443713e-05
658891949.7075566,-0.21098951668207866,-0.01922769992500702,5.8825252494676405e-05,5.3094488864740413e-05
658891999.6467566,-0.21098959860492578,-0.019227596658297708,5.8837228003594255e-05,5.31726164281765e-05
658892049.6723576,-0.21098971454963292,-0.019227647498751794,5.881531402199269e-05,5.309657292466505e-05
658892099.6979566,-0.21098964041273174,-0.019227621042244868,5.8983451467264914e-05,5.309780598803521e-05
658892149.7235576,-0.21098973939725338,-0.01922755793603687,5.89784372500568e-05,5.313566838898928e-05
658892199.6627566,-0.21098988966828772,-0.01922754152516717,5.892194398809947e-05,5.312685877476367e-05
658892249.6883577,-0.21098982280988177,-0.01922775427625916,5.908271206733762e-05,5.288882328442074e-05
658892299.7139578,-0.2109899542249899,-0.01922761945644942,5.9045176190375415e-05,5.299833843201707e-05
658892349.6531568,-0.21099006350922586,-0.01922767312547564,5.902957861675384e-05,5.291938826905776e-05
658892399.6787567,-0.21099023611412226,-0.019227320653449825,5.8950791927969703e-05,5.3246515237265896e-05
658892449.7043568,-0.21099017893740085,-0.019227408143603256,5.9101756221036084e-05,5.313365986013563e-05
658892498.6931578,-0.2109902973958642,-0.019227705482509645,5.9075111794426594e-05,5.281146192158068e-05
658892548.7187577,-0.21099025563880686,-0.019227644205478584,5.9210595593939264e-05,5.2847333911237165e-05
658892598.6579567,-0.21099033960963964,-0.019227434721808212,5.9220158874523365e-05,5.303143640134067e-05
658892648.6835577,-0.21099042435073048,-0.01922735659506302,5.922908285629913e-05,5.3084118034736616e-05
658892748.6483579,-0.21099043372794307,-0.01922745269261519,5.940678120444631e-05,5.2937114315951966e-05
658892798.6739569,-0.21099067529903984,-0.019227429112606307,5.925878215629066e-05,5.2935189337157545e-05
658892848.6995579,-0.21099079114224353,-0.01922755373923446,5.9236479851149104e-05,5.278503781547261e-05
658892898.7251569,-0.21099086737787429,-0.019227437085700863,5.9253753896509886e-05,5.287614658432138e-05
658892948.6643568,-0.21099089668573986,-0.01922756159063119,5.931776300471814e-05,5.272612121933959e-05
658892998.6899569,-0.21099092158411425,-0.019227435134838176,5.938631173202369e-05,5.2826992635070236e-05
658893048.7155569,-0.21099076495710373,-0.019227233015773247,5.963635443223536e-05,5.3003507548977924e-05
658893098.6547579,-0.21099118313661266,-0.019227403069136628,5.9311397880734695e-05,5.2807874564953644e-05
658893248.645157,-0.21099133714837662,-0.019227432475923165,5.9437188328098634e-05,5.270152245852311e-05
658893298.670758,-0.21099135697753313,-0.019227534669464322,5.9510616951558015e-05,5.257362645498531e-05
658893348.696357,-0.21099132669642587,-0.01922742637993501,5.96341240390319e-05,5.265619394535445e-05
658893448.661158,-0.2109914190204832,-0.019227366102309455,5.9727995430469694e-05,5.2665013399406935e-05
658893498.6867579,-0.21099157502948582,-0.01922732618521505,5.966511669497354e-05,5.267914995233172e-05
658893548.7123569,-0.21099150094334101,-0.019227262835614795,5.9832301054663084e-05,5.271669956488645e-05
658893697.6659579,-0.2109920067329127,-0.019227343009148135,5.9603525432189164e-05,5.2559590506706666e-05
658893747.691557,-0.21099199151623613,-0.019227344204004265,5.9711712214832735e-05,5.253251863759911e-05
658893797.7171581,-0.21099198603201852,-0.0192271832448449,5.9810134176718766e-05,5.266758149941389e-05
658893847.656357,-0.21099221761689269,-0.0192275062842899,5.967129418457673e-05,5.23186712828895e-05
658893897.6819581,-0.21099221874239155,-0.019227379389645353,5.9763041566796016e-05,5.241963119418519e-05
658893947.7075571,-0.2109922958497725,-0.01922732030688344,5.977877450946689e-05,5.245276003841559e-05
658893997.6467571,-0.21099234144905138,-0.01922735361539701,5.982582267816117e-05,5.2393523328812114e-05
658894047.6723571,-0.21099235307725347,-0.019227195923660713,5.990696956245656e-05,5.252522290735001e-05
658894147.7235571,-0.21099251733795182,-0.01922737899877696,5.992816075023333e-05,5.229010624602931e-05
658894247.6883581,-0.21099254315883414,-0.019227273220667685,6.008750031319399e-05,5.234381176151201e-05
658894297.7139572,-0.21099273318965778,-0.0192273874107595,5.999008030105335e-05,5.220353443532305e-05
658894347.6531582,-0.21099288924940973,-0.019227310600602326,5.992643844782153e-05,5.225428353762898e-05
658894397.6787572,-0.21099291501954104,-0.019227241715575282,5.999321301833338e-05,5.229704354763401e-05
658894447.7043582,-0.2109929928971578,-0.019227313989740782,6.000784693122041e-05,5.219862550529322e-05
658894547.6691573,-0.21099301195606768,-0.01922728482636172,6.017355166579308e-05,5.217548992141746e-05
658894666.6419582,-0.21099321371660407,-0.019227167538563853,6.019151336197903e-05,5.223043665408475e-05
658894716.6675582,-0.2109932725860619,-0.019227232083029153,6.02249760054685e-05,5.213964747771346e-05
658894766.6931584,-0.21099350073469836,-0.019227287946375786,6.008912590307891e-05,5.205752076915121e-05
658894866.6579584,-0.21099335999313132,-0.019227289775507764,6.041420432525979e-05,5.200315453184057e-05
658894916.6835573,-0.21099356826187177,-0.019227280338392765,6.029813310587384e-05,5.19862725610401e-05
658894966.7091573,-0.21099361667937946,-0.01922733878686908,6.034187931014401e-05,5.190148647751802e-05
658895066.6739573,-0.21099372816385983,-0.019227175559723513,6.0414461546809406e-05,5.2012028545229266e-05
658895116.6995573,-0.21099385266474688,-0.019227228033931953,6.0382022633698185e-05,5.1933161395179006e-05
658895166.7251574,-0.21099399622454468,-0.01922725134476408,6.0330490757154465e-05,5.1883439230598905e-05
658895266.6899583,-0.21099411406496163,-0.019227306647541104,6.03964449897576e-05,5.177530444147593e-05
658895316.7155584,-0.21099419209483805,-0.019227268242471916,6.04103405746903e-05,5.178724323304934e-05
658895366.6547575,-0.21099407168996906,-0.019227003334332294,6.0622477933536256e-05,5.202571259261754e-05
658895416.6803584,-0.21099417318819366,-0.01922718672660701,6.0612836586010355e-05,5.1815817582116785e-05
658895516.6451584,-0.21099426750950806,-0.01922705712512246,6.070196722832155e-05,5.189240489250624e-05
658895566.6707585,-0.2109944414011421,-0.019227151832415912,6.0619829115399204e-05,5.177114040438857e-05
658895616.6963575,-0.21099443561240883,-0.019227212231741946,6.07173367777325e-05,5.1684165785277625e-05
658895715.7107575,-0.21099467795370333,-0.01922732000874062,6.065643021813116e-05,5.152373574601049e-05
658895765.6499574,-0.21099471806878214,-0.019227192358105643,6.070777246638959e-05,5.162480336430922e-05
658895865.7011576,-0.21099470971560466,-0.019227043152069762,6.089925228772164e-05,5.172069753615546e-05
658895915.6403576,-0.21099490389318765,-0.019226908015189045,6.0796427623271976e-05,5.182919770958805e-05
658896015.6915586,-0.21099495123592235,-0.019227056465233452,6.09320018297721e-05,5.1627328523626975e-05
658896065.7171586,-0.21099501666432077,-0.01922719196730355,6.09579792553161e-05,5.146509015324305e-05
658896165.6819586,-0.21099534471995796,-0.01922720540220701,6.0812471967902626e-05,5.1398175602849344e-05
658973663.7171758,-0.2110907978486787,-0.019220411472308296,6.543986283000236e-05,2.466445536863926e-06
658973713.6563768,-0.21109098357235861,-0.01922020091724095,6.530047427580343e-05,2.6327775396670083e-06
658973813.7075768,-0.2110910947516247,-0.019220259049513518,6.528204321645803e-05,2.4860364679114844e-06
658973912.7219758,-0.21109139437065985,-0.01922020555282142,6.50741027385382e-05,2.4518301644758933e-06
658974012.6867769,-0.21109132207887088,-0.019220220451013355,6.523884314227346e-05,2.3483749188521474e-06
658974062.712377,-0.21109147311895757,-0.01922033539837174,6.513402571761695e-05,2.1891062471808553e-06
658974112.6515769,-0.21109148536456446,-0.019220419742867135,6.516789519669941e-05,2.0605140331857175e-06
658974162.6771759,-0.21109153388353932,-0.01922040440561135,6.516554324739743e-05,2.0315240983857785e-06
658974212.702776,-0.21109162046960755,-0.019220367635022915,6.512509628683882e-05,2.023964612098833e-06
658974262.641977,-0.21109192567377513,-0.019220401311346683,6.486592364210453e-05,1.9460319390790515e-06
658974312.6675769,-0.21109183724299016,-0.01922039672657849,6.500043759011254e-05,1.906280987732517e-06
658974362.6931759,-0.21109163753096422,-0.019220407795656685,6.524620470463316e-05,1.8508734246532044e-06
658974412.718777,-0.21109196968294178,-0.019220208799582025,6.496007969244988e-05,2.005528285279473e-06
658974462.657976,-0.21109197050331796,-0.019220303263383615,6.500517868190947e-05,1.8667971725394583e-06
658974512.6835771,-0.21109192280472086,-0.01922041306443862,6.509884788807874e-05,1.7126495708771894e-06
658974562.709177,-0.21109208065823726,-0.019220414504112184,6.49869366999567e-05,1.6668607414095649e-06
658974612.648376,-0.21109203029454837,-0.0192203884860103,6.508313511049968e-05,1.6486037201710046e-06
658974662.673977,-0.2110922196566749,-0.01922029753473631,6.493965864845519e-05,1.6952007394453739e-06
658974712.699576,-0.21109238411966627,-0.019220333038969684,6.482105288546647e-05,1.615339760240725e-06
658974762.725177,-0.21109225695438716,-0.019220144744541548,6.499404690901711e-05,1.7592749873979185e-06
658974812.664376,-0.21109228820804035,-0.019220236818903155,6.50085143840684e-05,1.6229156325625604e-06
658974862.689977,-0.21109232647910364,-0.01922006781332362,6.501601498914988e-05,1.7475572262788674e-06
658974962.6547762,-0.21109253659201554,-0.019220099733399665,6.489728051140009e-05,1.6269788457590195e-06
658975012.6803762,-0.2110924756744643,-0.019220141405340455,6.500388370617172e-05,1.540936035545476e-06
658975062.7059772,-0.21109269992868018,-0.019220262132207844,6.482528634071949e-05,1.375836079842152e-06
658975111.6947771,-0.21109271821834455,-0.019220101612149106,6.485167931538638e-05,1.4929005894212533e-06
658975161.7203772,-0.21109282079043237,-0.01922019500371361,6.47947069346011e-05,1.3551316644620781e-06
658975211.6595762,-0.21109299765199846,-0.01922020417326593,6.466333744672981e-05,1.3016593025001744e-06
658975261.6851761,-0.21109301573769293,-0.019220191225455353,6.469079356441476e-05,1.2702255950611252e-06
658975311.7107772,-0.21109301486633042,-0.019220133654715928,6.473717769064913e-05,1.2834127940883344e-06
658975361.6499772,-0.21109304904002757,-0.01922017708292553,6.47484091252093e-05,1.195675723684314e-06
658975411.6755762,-0.2110931508937308,-0.019220102224567825,6.469200998179825e-05,1.2261466216800798e-06
658975461.7011772,-0.21109316693073873,-0.0192201954936502,6.472139833263446e-05,1.0884881748995934e-06
658975511.6403763,-0.21109335998229142,-0.019220187253105033,6.457366450360325e-05,1.052414164263299e-06
658975561.6659763,-0.2110933485060692,-0.01922023426547134,6.463050757488098e-05,9.610087502755216e-07
658975611.6915773,-0.2110933848304413,-0.019220097690665634,6.463952069646339e-05,1.0531887228368286e-06
658975661.7171773,-0.21109344661935564,-0.01922011358946861,6.462303986753959e-05,9.928933430020104e-07
658975761.6819763,-0.2110935587719541,-0.01922015550638031,6.460133688765413e-05,8.622548874140379e-07
658975911.6723772,-0.21109376924182038,-0.019219929175046547,6.452635898959724e-05,9.55453481454177e-07
658975961.6979774,-0.21109384122763433,-0.019220135635241196,6.449950384843084e-05,7.045870783171926e-07
658976011.7235774,-0.21109394979280194,-0.01922002105532363,6.44360395892496e-05,7.747593201226644e-07
658976060.7123764,-0.21109406184340568,-0.019220136758363777,6.436812626509081e-05,6.155675877743405e-07
658976110.6515774,-0.2110942074003268,-0.019220090746631693,6.426753342553271e-05,6.172455589738279e-07
658976160.6771774,-0.21109404483305313,-0.019220059704664828,6.447511268289907e-05,6.038757160535535e-07
658976210.7027774,-0.21109424362271348,-0.019220027957952728,6.432130504005484e-05,5.912093091926807e-07
658976260.6419764,-0.21109423793559742,-0.01922001457107364,6.437186654451033e-05,5.602585105290991e-07
658976310.6675764,-0.21109426170840853,-0.019220015010144226,6.439301571889433e-05,5.154038236476755e-07
658976360.6931764,-0.2110942987511578,-0.019220046685265817,6.440086483686103e-05,4.393118956010078e-07
658976410.7187774,-0.21109434532343066,-0.019220063778790878,6.439915426387222e-05,3.7780041322807434e-07
658976460.6579776,-0.2110944783287819,-0.019220154780934973,6.431090298947284e-05,2.424559197855558e-07
658976510.6835765,-0.21109455359161586,-0.01922005434354948,6.428044141684741e-05,2.9847317059572553e-07
658976560.7091765,-0.2110947143141777,-0.01922004403016904,6.416448979751355e-05,2.643653845141314e-07
658976610.6483765,-0.21109480479365333,-0.019219942398068294,6.411867364791712e-05,3.2165205082410053e-07
658976660.6739775,-0.21109482083065098,-0.019220035667151983,6.414734685489254e-05,1.8395985927621705e-07
658976710.6995776,-0.21109482200799343,-0.019219871879521587,6.419084924513818e-05,3.033234714303057e-07
658976760.7251775,-0.21109480182260199,-0.01922002793728227,6.425568384807456e-05,1.0284082120268212e-07
658976810.6643765,-0.21109498647096878,-0.019219907383792548,6.411557708482785e-05,1.790453195565922e-07
658976860.6899766,-0.21109493994969702,-0.019219853397202665,6.420668642764804e-05,1.886053980805491e-07
658976910.7155765,-0.21109515016458563,-0.01921981153120385,6.40410289379778e-05,1.8604413369247008e-07
658976960.6547776,-0.21109520406468188,-0.01922003093921318,6.403157864362519e-05,-7.771511875698245e-08
658977060.7059777,-0.21109531949431898,-0.019219765958559044,6.400511010112853e-05,9.840761169138679e-08
658977110.6451766,-0.21109516061646252,-0.019219817627285612,6.420834550455168e-05,2.385751957101334e-09
658977160.6707766,-0.21109549318081833,-0.01922000823961077,6.392018454459691e-05,-2.326569943193746e-07
658977210.6963776,-0.2110954325692597,-0.01921982855316658,6.40251685285198e-05,-9.740148461737097e-08
658977260.7219776,-0.21109536094483236,-0.019220048594316957,6.414113435881941e-05,-3.6187404066009843e-07
658977310.6611767,-0.21109546951000532,-0.019219934014415293,6.407680301462326e-05,-2.9164923703514645e-07
658977360.6867766,-0.2110956000542869,-0.01921974162517141,6.39905379977157e-05,-1.4369222304730367e-07
658977410.7123766,-0.21109581949269654,-0.019219906535958436,6.381534768234998e-05,-3.530355923535289e-07
658977460.6515777,-0.21109579648923846,-0.019220037453746192,6.388249167496585e-05,-5.283095350812339e-07
658977510.6771778,-0.211095675882481,-0.01921992011690124,6.404728409137306e-05,-4.554058568306818e-07
658977560.7027777,-0.2110959602848546,-0.01921986781504692,6.380703605757265e-05,-4.475374019152767e-07
658977610.6419767,-0.21109590720512167,-0.01921974287083484,6.390416258275633e-05,-3.669500386951907e-07
658977660.6675768,-0.21109588794206988,-0.019219919606270786,6.396751724274674e-05,-5.881192188805784e-07
658977710.6931767,-0.21109600993018313,-0.019219725583242947,6.388958927056043e-05,-4.3853004808025453e-07
658977809.7075777,-0.21109625406374724,-0.01921991161078964,6.373256985633957e-05,-7.12504576026729e-07
658977859.6467768,-0.21109628085861837,-0.019219789617590008,6.374966517816438e-05,-6.348685880758209e-07
658977959.6979768,-0.2110963857343936,-0.01921959232698791,6.373262667758173e-05,-5.264457169293357e-07
658978009.7235779,-0.21109628659673432,-0.019219766111408448,6.387563535897867e-05,-7.446638339674017e-07
658978209.6531769,-0.21109682676189895,-0.019219742145583113,6.351048465322306e-05,-8.982772435051078e-07
658978259.6787769,-0.21109671742737424,-0.019219725368610337,6.366353077622011e-05,-9.259327342150958e-07
658978359.6435769,-0.21109702252948376,-0.01921983283119423,6.344568030075548e-05,-1.1221823675994225e-06
658978409.6691779,-0.21109706454099947,-0.019219709643283032,6.344728413693046e-05,-1.0434257021949e-06
658978459.694777,-0.21109694547293906,-0.01921985502014653,6.360993535023396e-05,-1.2332333229891912e-06
658978509.720377,-0.21109712468921774,-0.019219536614506625,6.347426997915795e-05,-9.592579147989222e-07
658978609.685178,-0.21109709307857114,-0.019219702791562748,6.359281043402665e-05,-1.2142169622357535e-06
658978659.710777,-0.21109717864028432,-0.019219719129462614,6.355070265715024e-05,-1.2749832743845502e-06
658978709.649977,-0.2110972395068369,-0.019219714350609287,6.353318263785379e-05,-1.314555416600388e-06
658978759.675577,-0.21109719493228413,-0.01921962793324305,6.362114626010107e-05,-1.2725650519948561e-06
658978859.640378,-0.2110974868154606,-0.019219667266724583,6.341586877711691e-05,-1.4006734709304247e-06
658978909.665977,-0.21109753651180788,-0.019219488141866827,6.340946381055979e-05,-1.265973196298148e-06
658979009.7171772,-0.21109754870637323,-0.019219609379427464,6.348375393105954e-05,-1.4760572260054394e-06
658979109.6819781,-0.211097781720708,-0.01921958416793976,6.333701868196928e-05,-1.5396116242773206e-06
658979208.6963781,-0.21109797538855607,-0.019219817963517807,6.322868026295558e-05,-1.8613250431093187e-06
658979308.6611772,-0.21109791190797228,-0.019219650030152562,6.337817833274029e-05,-1.7821489336315721e-06
658979358.6867781,-0.21109812263715533,-0.019219923986374312,6.321044553861399e-05,-2.1005203548994655e-06
658979408.7123781,-0.2110982637863484,-0.019219627014066144,6.311225963351319e-05,-1.8479620005791564e-06
658979458.6515781,-0.21109828858351878,-0.01921957434470044,6.31303184871479e-05,-1.8396285993323158e-06
658979508.6771772,-0.21109845975794317,-0.019219570127458094,6.300204106657326e-05,-1.879822702919448e-06
658979558.7027782,-0.21109838352173402,-0.01921968678019959,6.312114104106703e-05,-2.0408854276600386e-06
658979608.6419772,-0.2110984500243909,-0.019219732281294144,6.309739491644484e-05,-2.1307184019381253e-06
658979658.6675782,-0.21109848824450853,-0.019219600168801837,6.31019720017667e-05,-2.043013047153819e-06
658979758.7187783,-0.21109849183188895,-0.01921975666563297,6.318387884135523e-05,-2.2883196595935296e-06
658979858.6835772,-0.21109870798891103,-0.019219543721277765,6.305300849535067e-05,-2.1641021460405696e-06
658979908.7091782,-0.21109883628046483,-0.01921960512120687,6.296734684380079e-05,-2.269901397365659e-06
658980008.6739783,-0.21109892394190624,-0.01921947834917061,6.296477084916097e-05,-2.231846239392904e-06
658980058.6995773,-0.21109895437518197,-0.01921947595974848,6.297686656606127e-05,-2.273850972501351e-06
691117385.6789168,-0.1726190764772064,-0.020123467839777556,-4.944230321207721e-05,-5.839616987199023e-05
691117409.6981157,-0.172619145115941,-0.020123591402736906,-4.9507259477304943e-05,-5.851766450538573e-05
691119846.1781163,-0.1726210089595412,-0.020123268731584053,-5.098403096462367e-05,-5.795797833825153e-05
691119924.1973174,-0.17262103762555203,-0.020123409392904777,-5.0999888668273874e-05,-5.8090146112441815e-05
691119953.1413174,-0.17262099950516804,-0.020123357147133702,-5.095701050503165e-05,-5.80347348770327e-05
691119983.2085164,-0.17262111660349969,-0.0201233545171758,-5.1069162955441616e-05,-5.8028808310146146e-05
691120012.1525164,-0.17262100030741906,-0.02012315642181197,-5.094810241962344e-05,-5.78275314872187e-05
691120042.2197163,-0.17262111652089207,-0.02012324381500301,-5.1059363093686194e-05,-5.791161144523549e-05
691120072.2005174,-0.17262107560825565,-0.02012327713505454,-5.101350839403773e-05,-5.79416193444357e-05
691120101.1445163,-0.17262115840099534,-0.02012323117397574,-5.109152667437389e-05,-5.789245265496942e-05
691120131.2117165,-0.17262121462787183,-0.020123307313970853,-5.1142790385427794e-05,-5.7965254315808096e-05
691120160.1557175,-0.17262124119373692,-0.020123185212896716,-5.116457519879769e-05,-5.783993159538814e-05
691120190.2229174,-0.17262129266589019,-0.020123268659942604,-5.121107735608921e-05,-5.792002364099838e-05
691120220.2037165,-0.17262128307384025,-0.020123172571869852,-5.119652614021808e-05,-5.782058174724769e-05
691120249.1477175,-0.17262131079991985,-0.02012332945489007,-5.121946129002519e-05,-5.7974218908771885e-05
691120279.2149174,-0.17262141556901528,-0.020123390104134328,-5.1319250154391316e-05,-5.8031487987771774e-05
691120308.1589165,-0.172621443157416,-0.020123362483534146,-5.134204111728602e-05,-5.8000605453089465e-05
691120338.2261164,-0.1726213011252631,-0.02012312266464486,-5.119502198980275e-05,-5.775738969057698e-05
691120368.2069175,-0.17262146687595573,-0.02012325214683547,-5.135579662970957e-05,-5.7883476286269e-05
691120397.1509165,-0.1726214336479724,-0.020123377097634076,-5.131776145617106e-05,-5.8005140876903755e-05
691120427.2181175,-0.17262139740745086,-0.02012329240846239,-5.127652385486514e-05,-5.7917029603948844e-05
691120456.1621175,-0.17262141639880443,-0.020123226279537613,-5.129070159282101e-05,-5.784759835497991e-05
691120486.1429175,-0.17262156691786468,-0.020123357003854574,-5.143623129943986e-05,-5.7974893715045245e-05
691120516.2101165,-0.17262151923296892,-0.02012324557073351,-5.1383539297317204e-05,-5.7860013226922885e-05
691120545.1541165,-0.17262152683501691,-0.0201232264993088,-5.138631810241989e-05,-5.783761514415245e-05
691120575.2213166,-0.17262157720203017,-0.02012310476370948,-5.143167140331251e-05,-5.771241540274835e-05
691120605.2021176,-0.17262146201109435,-0.020123111850988164,-5.131147782372336e-05,-5.771603997730898e-05
691120634.1461166,-0.17262157626209887,-0.020123120985409484,-5.142089603274447e-05,-5.772182337028531e-05
691120664.2133166,-0.17262157626209887,-0.020123120985409484,-5.141587242279977e-05,-5.771833389979497e-05
691120693.1573176,-0.17262165524004963,-0.020123066109683327,-5.149001128418318e-05,-5.7660090964681276e-05
691120723.2245176,-0.17262170577226896,-0.02012316577843068,-5.153551337280793e-05,-5.7756253425217396e-05
691120753.2053165,-0.17262162292445904,-0.02012313793805785,-5.144764659173462e-05,-5.772490830367391e-05
691120782.1493176,-0.1726216944104983,-0.020123249736654077,-5.1514284112458286e-05,-5.783331526071009e-05
691120812.2165176,-0.17262175149469833,-0.020123198952779083,-5.156632841246678e-05,-5.7778999707876894e-05
691120841.1605166,-0.17262172385122734,-0.02012315277193046,-5.1533830211725196e-05,-5.772941100014653e-05
691120871.1413167,-0.17262173242074083,-0.020123154379530342,-5.153736789489938e-05,-5.7727480273953025e-05
691120900.1717166,-0.17262179423212912,-0.020123059387881483,-5.159430386841857e-05,-5.7629054320919304e-05
691120930.1525166,-0.17262192562216044,-0.020123071737505212,-5.172065568559425e-05,-5.763784879292064e-05
691120960.2197176,-0.1726218752826808,-0.020123230373826777,-5.166526022767903e-05,-5.779291112582505e-05
691120989.1637176,-0.1726218781024725,-0.02012318170872804,-5.166320985300343e-05,-5.774079741791005e-05
691121019.1445175,-0.1726218637557038,-0.02012309292770489,-5.164381530611828e-05,-5.764843583846643e-05
691121048.1749177,-0.17262200946496845,-0.020123157157628406,-5.178463375438147e-05,-5.770919054653295e-05
691121078.1557167,-0.17262197612684546,-0.02012313450552867,-5.1746241553185524e-05,-5.768294102443533e-05
691121108.2229167,-0.17262198566382386,-0.020123156792153173,-5.1750706686504166e-05,-5.77016112466508e-05
691121137.1669177,-0.1726219779791736,-0.020123065161405045,-5.1738136635365306e-05,-5.76064910402449e-05
691121167.1477168,-0.17262194273365405,-0.020123038051980784,-5.169782759961716e-05,-5.7575758727328175e-05
691121196.1781167,-0.17262199138601092,-0.02012317016412789,-5.174157394127743e-05,-5.770435464868065e-05
691121226.1589167,-0.17262199995552435,-0.02012317177172792,-5.174507372127102e-05,-5.77023224526893e-05
691121256.1397177,-0.17262211896124868,-0.020123173599103886,-5.185900656640152e-05,-5.770050143684424e-05
691121285.1701177,-0.17262203605837292,-0.020123071957280202,-5.177118863317065e-05,-5.759531868094678e-05
691121315.1509178,-0.1726219931006701,-0.020122916316383386,-5.1723151883897867e-05,-5.743601246075217e-05
691121344.1813167,-0.17262216377128026,-0.0201232598958771,-5.188890148127845e-05,-5.777603462003844e-05
691121374.1621168,-0.17262221228596647,-0.020123207504404335,-5.19323309865205e-05,-5.7719960876341514e-05
691121404.1429167,-0.1726222083885752,-0.020123087887581725,-5.1923345310483926e-05,-5.759665316635784e-05
691121433.1733167,-0.17262230074582738,-0.020123101113858705,-5.2010772627730795e-05,-5.760629734316569e-05
691121492.1845177,-0.1726222551610679,-0.020123252443128854,-5.1955157687133546e-05,-5.775032021227561e-05
691121522.1653178,-0.17262221317083032,-0.020123117481256437,-5.190806702706774e-05,-5.7611633492982844e-05
691121552.1461178,-0.17262233212148878,-0.020123045507185532,-5.202191420075608e-05,-5.753592593788978e-05
691121581.1765169,-0.17262232543183678,-0.020123011456186522,-5.2010279935593706e-05,-5.749825157327221e-05
691121611.1573168,-0.17262217499538532,-0.020122991434033354,-5.185473399579865e-05,-5.74744789241903e-05
691121640.1877168,-0.17262233306141903,-0.020123029285486326,-5.200784961850724e-05,-5.7508690530960055e-05
691121670.1685178,-0.17262241977908527,-0.02012313984196093,-5.208945182522129e-05,-5.761547948149315e-05
691121700.1493168,-0.172622373116726,-0.020123122889310296,-5.203767098560519e-05,-5.759475064993566e-05
691121729.1797168,-0.17262248446533546,-0.020123069986664938,-5.21440605004142e-05,-5.753818327583482e-05
691121759.1605169,-0.17262256548834656,-0.020123204071889726,-5.221995910828503e-05,-5.766847526756172e-05
691121788.1909178,-0.17262238530830026,-0.02012287510649111,-5.203481424781442e-05,-5.73358286211946e-05
691121818.1717179,-0.17262249306238198,-0.020123108494989283,-5.2137438036004013e-05,-5.75654068186264e-05
691121848.1525178,-0.17262245582686944,-0.020122966226066432,-5.2095069249635806e-05,-5.74193189175308e-05
691121877.1829169,-0.17262263581418402,-0.020123036886397563,-5.227008318428594e-05,-5.748627306041698e-05
691121907.1637168,-0.1726225749702576,-0.020123152557066704,-5.2204100141645116e-05,-5.7598107659873055e-05
691121936.1941168,-0.17262253010516332,-0.02012299245884387,-5.2154256025810364e-05,-5.7434286691148556e-05
691121966.174917,-0.17262261397550044,-0.020123114779694515,-5.223298143627875e-05,-5.7552754364906256e-05
691121996.1557169,-0.17262268916619264,-0.020123087890048894,-5.230302426217914e-05,-5.7522002844687115e-05
691122025.186118,-0.17262254060960594,-0.02012303542449288,-5.2149480204016774e-05,-5.7465789544557805e-05
691122055.1669179,-0.17262257955978444,-0.02012292384567215,-5.2183276753881014e-05,-5.735033171804654e-05
691122084.197318,-0.17262264236617267,-0.020122886433776275,-5.224109010612543e-05,-5.730915548266338e-05
691122144.158917,-0.17262269956050466,-0.020122983252801787,-5.228796281922521e-05,-5.739817348634699e-05
691122173.189317,-0.17262274998258845,-0.020122935318655926,-5.2333383533248456e-05,-5.7346449945244043e-05
691122203.170118,-0.17262270340282743,-0.0201230290681761,-5.228163582929324e-05,-5.743627742517063e-05
691122232.2005169,-0.17262274901512456,-0.020122914639631412,-5.2322241268748515e-05,-5.731804285187894e-05
691122262.181317,-0.17262280620945591,-0.020123011458657268,-5.237426200502271e-05,-5.741092265190012e-05
691122292.162117,-0.1726227548199076,-0.020123038713778726,-5.231769600211322e-05,-5.743422981029089e-05
691125985.1573179,-0.17262544097879984,-0.02012239066349184,-5.434677029983459e-05,-5.623183173040017e-05
691126014.1877179,-0.17262544288619447,-0.020122395120817177,-5.434337715720661e-05,-5.623138754498602e-05
691126044.168518,-0.1726254485257993,-0.020122297790621975,-5.434354074768111e-05,-5.6128986329291586e-05
691126074.1493179,-0.1726255210343206,-0.020122504069709085,-5.4410571280805176e-05,-5.633018520326272e-05
691126104.2165189,-0.17262545239564106,-0.02012238050672019,-5.4336436850016545e-05,-5.620151812521512e-05
691126164.1781191,-0.17262578099455256,-0.020122577434126723,-5.465406995899813e-05,-5.638823906141399e-05
691126194.158918,-0.17262552860884686,-0.02012244809756279,-5.4396198424067066e-05,-5.625378545646639e-05
691126223.1893181,-0.17262558572058004,-0.02012243421442843,-5.444799637721598e-05,-5.623493871769261e-05
691126253.170119,-0.17262573239727988,-0.020122519123415446,-5.4589183425796106e-05,-5.631471253597295e-05
691126283.150918,-0.17262561035155458,-0.0201222707553152,-5.4461646116554796e-05,-5.606120005302931e-05
691126313.2181181,-0.17262578757409364,-0.02012246388223221,-5.463335931016333e-05,-5.62491585043845e-05
691126343.198918,-0.17262578948148816,-0.0201224683395576,-5.462977126621804e-05,-5.6248452982288893e-05
691126372.1429191,-0.17262569991652119,-0.020122369547436396,-5.453489908682774e-05,-5.614466780533983e-05
691126402.210119,-0.17262572189284753,-0.02012247615776371,-5.4551360364057944e-05,-5.624608221007146e-05
691126431.154119,-0.17262569986147114,-0.020122295745988256,-5.4524018150620135e-05,-5.60606598433433e-05
691126579.157318,-0.17262575879802347,-0.02012217561800844,-5.4555770534397974e-05,-5.591477598454117e-05
691126609.2245182,-0.17262588172862878,-0.02012233396296372,-5.4673173015218346e-05,-5.6067861041970285e-05
691126638.1685191,-0.17262592261374715,-0.020122263742202693,-5.4708734746333754e-05,-5.5992568084504285e-05
691126668.1493192,-0.17262594069270742,-0.020122250735708225,-5.4721297801957336e-05,-5.597429860976222e-05
691126698.2165182,-0.17262597416844888,-0.020122457891436,-5.474923987991431e-05,-5.6176166893722596e-05
691126727.1605182,-0.17262600742398884,-0.02012236984137368,-5.477716671550836e-05,-5.608301810951233e-05
691126757.1413182,-0.17262586356709386,-0.0201222362672865,-5.4627788424438384e-05,-5.594415355782145e-05
691126786.1717192,-0.17262595971160236,-0.020122221507514616,-5.471858481378988e-05,-5.592426220100283e-05
691126816.1525182,-0.17262596546131087,-0.020122271780214578,-5.4718809511161703e-05,-5.59692261970432e-05
691126846.2197192,-0.17262620936007317,-0.020122510211355398,-5.495716550321661e-05,-5.62023240236291e-05
691126905.1445191,-0.17262615874530982,-0.020122299840421777,-5.489568287092572e-05,-5.598147396599501e-05
691126934.1749191,-0.1726261073557584,-0.020122327095530676,-5.483893648394744e-05,-5.6003553160086095e-05
691126994.2229191,-0.17262614625090952,-0.020122141715273555,-5.4866745902437675e-05,-5.580743914730332e-05
691127023.1669182,-0.172626284440667,-0.020122335718834938,-5.499958959961915e-05,-5.599625557729457e-05
691127082.1781182,-0.17262624239541796,-0.0201221269555037,-5.494663960134427e-05,-5.577688986308643e-05
691207155.19254,-0.17267522261745147,-0.020114400955002363,-6.626191666295189e-05,-9.820473505370991e-06
691207188.197339,-0.17267523016471062,-0.02011430808217496,-6.623918698442366e-05,-9.707529754598987e-06
691207219.21494,-0.17267539207263077,-0.020114391749615726,-6.637263517877967e-05,-9.772332560400998e-06
691207439.18934,-0.17267532058702081,-0.020114279950758058,-6.60991569117475e-05,-9.526686657285871e-06
691207529.2181392,-0.17267537095435576,-0.020114158215379034,-6.606677541215467e-05,-9.35014104923998e-06
691207620.1973392,-0.1726753587346155,-0.02011436909738967,-6.597088692195108e-05,-9.505616002488532e-06
691207710.2261401,-0.17267548716742134,-0.02011424560901644,-6.60164794549778e-05,-9.327281287791617e-06
691207801.2053391,-0.17267570906183033,-0.02011434052989429,-6.615461337494688e-05,-9.366758498427497e-06
691207891.1477392,-0.17267565092788037,-0.02011425993235642,-6.601362863326021e-05,-9.231330954467126e-06
691207981.1765393,-0.17267574419754939,-0.020114220036581282,-6.602392360050002e-05,-9.136534348780367e-06
691208072.1557403,-0.17267577756298375,-0.020114279589525663,-6.597339367842014e-05,-9.140588385914139e-06
691208162.1845392,-0.17267596517939504,-0.02011436807987345,-6.607794720245308e-05,-9.174141215831377e-06
691208253.1637403,-0.1726759726444024,-0.02011416450489337,-6.600142838675271e-05,-8.915030138476748e-06
691208343.1925392,-0.1726759555876603,-0.02011427199177955,-6.59012218573174e-05,-8.967542592316913e-06
691208433.2213393,-0.17267587359775805,-0.020114117227236123,-6.573603942097717e-05,-8.75778517219275e-06
691208524.2005404,-0.17267608299823367,-0.020114054022952056,-6.586132602562356e-05,-8.638988678845438e-06
691208614.1429393,-0.1726761955062062,-0.020114280104803227,-6.589063641543325e-05,-8.810093226861715e-06
691208705.2085394,-0.17267622682716918,-0.02011415069682832,-6.583767831921938e-05,-8.625002469793419e-06
691208795.1509404,-0.17267628955135084,-0.020114002583031827,-6.581712126921269e-05,-8.421873937198426e-06
691208885.1797395,-0.1726763790885138,-0.020114064474751153,-6.582325604440054e-05,-8.428679366772468e-06
691208976.1589395,-0.17267617068285454,-0.020114185258773717,-6.553052603353038e-05,-8.493776506010575e-06
691209066.1877404,-0.17267644297201523,-0.020114195345004797,-6.571933095150806e-05,-8.448738655790489e-06
691209157.1669395,-0.172676469565658,-0.020114110144777663,-6.566151815368126e-05,-8.30781324929683e-06
691209247.1957395,-0.17267656087311456,-0.020113991990240804,-6.566926075454727e-05,-8.134496629980115e-06
691209337.2245396,-0.17267653322982257,-0.020113945809289425,-6.555801297003505e-05,-8.033134616881182e-06
691209428.2037406,-0.1726767142937752,-0.020114184752216536,-6.565454989057584e-05,-8.216294623709236e-06
691209609.2117406,-0.17267679421178955,-0.02011411365512614,-6.55661786117534e-05,-8.034156418788158e-06
691209699.1541396,-0.17267671418410854,-0.020114037149345468,-6.540247050371151e-05,-7.902445788313117e-06
691209790.2197407,-0.17267691888467582,-0.02011405505353895,-6.552240687116018e-05,-7.864436176875655e-06
691209880.1621407,-0.17267678749483756,-0.02011404270338823,-6.530726031972467e-05,-7.796842496850948e-06
691209970.1909397,-0.17267693400662945,-0.020113906208604475,-6.536989742544908e-05,-7.605031796358019e-06
691210061.1701407,-0.17267713599691537,-0.020114120380750562,-6.54870897590365e-05,-7.763284389013247e-06
691210332.2069409,-0.17267722534216298,-0.020113923967451583,-6.532359036179325e-05,-7.400162968060342e-06
691210422.1493398,-0.1726774252331578,-0.02011387537724647,-6.543950331058812e-05,-7.296212260764906e-06
691210513.2149398,-0.17267743090046547,-0.02011381494780651,-6.53601074667165e-05,-7.1797110329265e-06
691210603.1573409,-0.17267739863951112,-0.020113960577471213,-6.524379687505855e-05,-7.26994075366319e-06
691210694.2229409,-0.17267745674603602,-0.02011400427429822,-6.52167683474758e-05,-7.257525767918882e-06
691210784.1653409,-0.17267745677345162,-0.020114041175015696,-6.513267568517e-05,-7.238986920676815e-06
691210875.1445409,-0.1726773767457746,-0.02011396466923137,-6.496752306836551e-05,-7.10638240202649e-06
691210965.17334,-0.17267761373470808,-0.020113873844488164,-6.5120241762473e-05,-6.960025011229498e-06
691211055.2021409,-0.17267772624265673,-0.020114099926350933,-6.514844538585418e-05,-7.130554346975598e-06
691211146.1813401,-0.1726776573576953,-0.020113644256662493,-6.499433178874803e-05,-6.618725447920387e-06
691379260.1909847,-0.1727523689686794,-0.02009674184362233,5.427419122847055e-05,5.5987690918173766e-05
691379285.1605858,-0.17275237552183073,-0.02009659139111789,5.429159725189869e-05,5.6127269599661606e-05
691379315.1413848,-0.17275238605315157,-0.020096671257563144,5.430982314738597e-05,5.603434052032022e-05
691379421.1541848,-0.1727524441593944,-0.020096714954702735,5.435331212938488e-05,5.594439661942008e-05
691379481.2021858,-0.17275248883241778,-0.020096616748318603,5.4366121821913804e-05,5.601636847722344e-05
691379541.1637849,-0.17275244894140465,-0.020096744548412388,5.446336719081013e-05,5.5862343284678734e-05
691379601.211785,-0.17275251078063017,-0.020096686458102007,5.4458919143768325e-05,5.589414239850696e-05
691379706.1877859,-0.1727525641048616,-0.020096700561532736,5.450581578389513e-05,5.583400876213104e-05
691379776.1717849,-0.1727524497180041,-0.020096506922461108,5.4686938238956984e-05,5.599691315584521e-05
691379846.1557848,-0.17275263827379153,-0.02009657919216623,5.4565055203015245e-05,5.5893870568701765e-05
691379916.2261848,-0.17275251548091247,-0.020096605349678286,5.475454001513391e-05,5.583686399112178e-05
691379986.210185,-0.17275264880511207,-0.02009665905861125,5.4687762295890785e-05,5.575230596798625e-05
691380056.194185,-0.17275277723833135,-0.02009653557099179,5.4625812211189784e-05,5.584490654052601e-05
691380126.178185,-0.17275273157076526,-0.020096576197637467,5.4737899401025025e-05,5.577335497267133e-05
691380196.162186,-0.17275274870972346,-0.020096579413000908,5.478711639211875e-05,5.5739176893727926e-05
691380266.146186,-0.17275276294678538,-0.020096520591285267,5.483917143858652e-05,5.5766998183364586e-05
691380336.216586,-0.17275282682957782,-0.02009665146187335,5.484159847438108e-05,5.560505119804951e-05
691380476.1845862,-0.17275288283776966,-0.02009643239669596,5.491785366912305e-05,5.576192761152024e-05
691380546.1685861,-0.1727528105489496,-0.020096521322692205,5.505617752449288e-05,5.56418511162074e-05
691380616.1525851,-0.1727526477016018,-0.020096453876029336,5.5284995251925206e-05,5.5678109978068296e-05
691380686.2229861,-0.1727530295134563,-0.020096517307023998,5.496917028749437e-05,5.5583415387916446e-05
691380756.2069862,-0.1727527934917172,-0.020096628809462044,5.527103253330501e-05,5.544065074149229e-05
691380826.1909863,-0.17275302290581607,-0.020096593958105795,5.510739380312768e-05,5.544420283100718e-05
691380896.1749853,-0.17275295999032347,-0.02009648376654341,5.5236019365162425e-05,5.552305814957026e-05
691380966.1589853,-0.17275307045349592,-0.020096520888091954,5.5191200805299045e-05,5.545456346049693e-05
691381036.1429863,-0.17275310948618156,-0.020096520011817644,5.52177471162818e-05,5.5424029778615436e-05
691381106.2133852,-0.17275305806930658,-0.02009651036572639,5.533475805002963e-05,5.540219033435545e-05
691381176.1973853,-0.17275323136624451,-0.020096546976706372,5.5226908317052015e-05,5.5334095965146185e-05
691381246.1813853,-0.17275313903657144,-0.020096570650257627,5.5384619103371335e-05,5.527890245169559e-05
691381316.1653854,-0.172753121815889,-0.020096456732760806,5.5467154650684636e-05,5.536126349395612e-05
691381386.1493853,-0.1727530741592426,-0.020096382199930613,5.558005975647706e-05,5.540420345738137e-05
691381456.2197853,-0.17275325027635333,-0.020096370145856798,5.546920497406793e-05,5.538458926230075e-05
691381526.2037864,-0.17275308270148015,-0.02009634690690164,5.570189494674693e-05,5.5376162722785977e-05
691381596.1877863,-0.17275326843709143,-0.020096467841669245,5.558120756182783e-05,5.522352628966817e-05
691381666.1717864,-0.17275335415912318,-0.020096520819200454,5.556046672977599e-05,5.5138811002036076e-05
691381736.1557854,-0.172753137905825,-0.02009632856696543,5.5841634045705746e-05,5.5299289469665225e-05
691381806.1397865,-0.1727533377967774,-0.02009627997788581,5.570658977868681e-05,5.5316068849523004e-05
691381876.2101855,-0.17275327407743485,-0.020096370511561282,5.583516824983481e-05,5.519365028598677e-05
691381946.1941855,-0.17275333030356008,-0.02009644665207385,5.5843653598258713e-05,5.508562840587233e-05
691382016.1781855,-0.17275338454060604,-0.02009640763311237,5.585406023403405e-05,5.509273030746692e-05
691382086.1621855,-0.17275326924094442,-0.02009626711642949,5.6033935634303145e-05,5.520129431673196e-05
691382156.1461856,-0.17275348635257598,-0.020096332444849246,5.5881331647328336e-05,5.510397768933653e-05
691382226.2165856,-0.1727537157666745,-0.020096297593505195,5.571643646143376e-05,5.510676581330781e-05
691382436.1685866,-0.172753604254488,-0.020096129090791705,5.6020855634331124e-05,5.517898546527483e-05
691382506.1525866,-0.17275364618906514,-0.020096190251598638,5.604308590306806e-05,5.5085659919691665e-05
691382576.2229856,-0.1727537146631786,-0.02009609241092378,5.603878673501872e-05,5.5151261020427306e-05
691382646.2069868,-0.1727537900718124,-0.020096360727699655,5.602740474056067e-05,5.4850709417079285e-05
691554018.1878328,-0.1727904882726608,-0.02007855420636543,6.608445640904348e-06,-5.1311434977309445e-05
691554047.2182338,-0.1727904006163255,-0.02007845987053533,6.67595737993687e-06,-5.123307986662495e-05
691554077.1990339,-0.17279017308238329,-0.020078462277884623,6.8826817038181165e-06,-5.125198317051938e-05
691554107.1798338,-0.17279040056205824,-0.02007838606911117,6.634386787884861e-06,-5.119226227523824e-05
691554136.2102329,-0.17279045764665243,-0.020078335285964036,6.557141438628955e-06,-5.115743663186914e-05
691554166.1910328,-0.1727902224562066,-0.020078282963211957,6.771505558611501e-06,-5.112158584091864e-05
691554195.2214328,-0.17279027597032293,-0.02007855537177802,6.6978199411149575e-06,-5.1409936486637026e-05
691554225.2022328,-0.1727903568831263,-0.020078541855112566,6.596069702269336e-06,-5.141287583973128e-05
691554255.1830329,-0.1727904044581439,-0.02007850568594139,6.52765159597779e-06,-5.139315457736854e-05
691554284.2134328,-0.1727904216784909,-0.020078619603489143,6.490243498774584e-06,-5.152299089631121e-05
691554314.1942339,-0.17279052150191193,-0.0200784292560237,6.369565842739844e-06,-5.1349075359131274e-05
691554343.2246339,-0.1727903644039595,-0.02007841208165264,6.506465241001846e-06,-5.134780427231561e-05
691554373.205434,-0.17279041391345296,-0.0200784172705408,6.4360903437032935e-06,-5.136940908131993e-05
691554402.1494329,-0.17279049573922714,-0.020078350631481858,6.334115344175384e-06,-5.131861052040318e-05
691554432.216633,-0.1727903376740361,-0.02007831277808148,6.471243783084946e-06,-5.129720428210041e-05
691554462.197433,-0.17279048064329233,-0.02007853637697709,6.307392233617648e-06,-5.1537194911015216e-05
691554491.141434,-0.17279038621629184,-0.020078297287940052,6.381653685022526e-06,-5.131392300358403e-05
691554521.2086339,-0.172790549976376,-0.02007831161267009,6.196939875330321e-06,-5.1344670600021736e-05
691554550.152633,-0.1727905327831643,-0.020078234595834122,6.1939566873836505e-06,-5.1283455365414704e-05
691554580.219834,-0.17279035945923557,-0.0200781610836567,6.346315604838226e-06,-5.122634991241645e-05
691554609.163834,-0.17279040053492437,-0.020078349168399238,6.285052641274991e-06,-5.143022070497674e-05
691554639.1446339,-0.1727903453034045,-0.020078330607469823,6.319368127533087e-06,-5.1428003243696174e-05
691554669.211834,-0.17279049761943552,-0.020078318188117044,6.146070023943517e-06,-5.1431966222852815e-05
691554698.155834,-0.172790410017368,-0.020078297653710466,6.213468375010356e-06,-5.142719436709506e-05
691554728.2230331,-0.17279040913152988,-0.020078387676817456,6.193360797795977e-06,-5.153358359898455e-05
691554757.1670331,-0.1727904719652856,-0.02007838716642291,6.11031239519666e-06,-5.1548820142192225e-05
691554787.1478331,-0.17279036915874693,-0.020078404774664715,6.192174518721005e-06,-5.15827313074535e-05
691554816.178233,-0.17279053673351547,-0.020078428014088306,6.004313783503079e-06,-5.162174900173386e-05
691554846.1590331,-0.17279048241496633,-0.020078356330764068,6.037676561182481e-06,-5.1566352390806924e-05
691554876.139834,-0.17279048252350038,-0.020078503933612317,6.016606476949571e-06,-5.1730233707407425e-05
691554905.1702341,-0.17279048241496633,-0.020078356330764068,5.9964124362044124e-06,-5.159838543169343e-05
691554935.151033,-0.17279055763287698,-0.020078366342770795,5.900221586058185e-06,-5.1624659657769495e-05
691554964.181434,-0.1727906270473628,-0.020078252280600124,5.810493484775803e-06,-5.1526336314895727e-05
691554994.1622341,-0.17279039578013525,-0.02007835647538783,6.020776359111357e-06,-5.164677704940987e-05
691555023.1926341,-0.17279052813690843,-0.02007838950567074,5.868094908906274e-06,-5.169553039028815e-05
691555053.1734331,-0.1727904823335656,-0.02007824562862824,5.892902463916494e-06,-5.156788299585935e-05
691555083.1542331,-0.1727903576604273,-0.02007830422915797,5.9965739953593555e-06,-5.1642704884287405e-05
691555112.184633,-0.17279045377770183,-0.02007825256984557,5.88011532107191e-06,-5.160674480291644e-05
691555142.1654341,-0.17279067088909655,-0.020078317898871732,5.641990850013823e-06,-5.1688278852844716e-05
691555171.1958342,-0.17279054610742517,-0.02007822889655196,5.7464200057533166e-06,-5.161495993409593e-05
691555201.1766342,-0.17279060125754608,-0.020078136755345952,5.670245318278866e-06,-5.153900739049769e-05
691555231.1574342,-0.1727905308215566,-0.020078156337062676,5.719650895130712e-06,-5.157476944806644e-05
691555260.1878341,-0.1727904880555917,-0.020078259000669573,5.742047541057449e-06,-5.169309253822904e-05
691555290.1686332,-0.1727906708076978,-0.020078207196735608,5.538253499332013e-06,-5.1657452546448324e-05
691555319.1990331,-0.17279047475846449,-0.020078301600663723,5.713922244882097e-06,-5.176750006742961e-05
691555349.1798332,-0.172790440317775,-0.020078073765567386,5.7273094526133494e-06,-5.155581249107963e-05
691555408.1910342,-0.17279060330055343,-0.02007832571625321,5.5228699473997e-06,-5.183952192853308e-05
691555437.2214342,-0.17279050127132106,-0.02007810569853866,5.6044962917778385e-06,-5.163511595454931e-05
691555467.2022341,-0.17279060988128472,-0.020078212164476007,5.474809691485838e-06,-5.175769649199552e-05
691555497.1830342,-0.1727906117886267,-0.020078216621823124,5.451819817620107e-06,-5.177826006102365e-05
691555526.2134342,-0.17279054519445342,-0.020078282018946684,5.497994157804831e-06,-5.1859244844857516e-05
691555556.1942332,-0.17279048327367072,-0.020078229406945446,5.538820789269261e-06,-5.182272255562642e-05
691555585.2246333,-0.17279066027661752,-0.02007812733025841,5.3413867473761645e-06,-5.173621753099336e-05
691555615.2054332,-0.17279058602594313,-0.020078137997280924,5.394531628594157e-06,-5.176295773251863e-05
691555645.1862333,-0.17279045103878882,-0.02007841193702934,5.508407067617016e-06,-5.205296225044981e-05
691555674.2166343,-0.1727905678926285,-0.020078077202126832,5.371105110646424e-06,-5.1733774840346386e-05
691555704.1974343,-0.17279061842362406,-0.020078176871470118,5.29945072710869e-06,-5.184949238240186e-05
691555733.1414343,-0.172790620249568,-0.020078070626680888,5.277226253652678e-06,-5.175873281516516e-05
691555763.2086343,-0.17279065850493933,-0.020078307376471732,5.217774901922212e-06,-5.201156042264343e-05
691555792.1526333,-0.17279048217076792,-0.020078024224355395,5.373699245914132e-06,-5.174387749490306e-05
691555822.2198333,-0.17279064993546692,-0.020078305768765636,5.184726819346119e-06,-5.2041483054442866e-05
691555852.2006333,-0.17279057272881448,-0.02007818059727536,5.240780718396287e-06,-5.193231809582158e-05
691555881.1446333,-0.17279047459566596,-0.020078080196391047,5.318486962641034e-06,-5.184736217770519e-05
691555911.2118334,-0.17279053654358262,-0.02007816970910405,5.235313564583288e-06,-5.195291085903844e-05
691555940.1558343,-0.17279050898208811,-0.020078234230063503,5.242436806551787e-06,-5.20328606937806e-05
691555970.2230343,-0.17279059846436506,-0.020078222321105555,5.131717249889922e-06,-5.20369709757669e-05
691555999.1670334,-0.17279059080786469,-0.020078167591004736,5.118924131936042e-06,-5.1997653634238555e-05
691556029.1478344,-0.17279065347882439,-0.020077945676338905,5.035065143099704e-06,-5.179169548473819e-05
691556059.2150344,-0.17279071943135127,-0.02007830240873188,4.947857506876208e-06,-5.2164421844975994e-05
691556118.2262334,-0.17279062599872685,-0.020078120899434313,4.999556377227599e-06,-5.201427813886564e-05
691556147.1702334,-0.17279070586289738,-0.020077976001605043,4.899213994519203e-06,-5.18847525501874e-05
691556177.1510334,-0.17279051263397494,-0.020078021740484918,5.071225246539024e-06,-5.194640594487904e-05
691556207.2182344,-0.17279076114868183,-0.020078068363960082,4.8014256768258434e-06,-5.2008981235245055e-05
691556236.1622335,-0.1727905393910282,-0.020078157944769068,5.002687869459788e-06,-5.211390985036812e-05
691556266.1430345,-0.17279068120311347,-0.020078102559652946,4.839640230652753e-06,-5.2074413922655743e-05
691556295.1734344,-0.17279069364153565,-0.020078186883477324,4.80663367877221e-06,-5.2174115100202256e-05
691556355.2214334,-0.1727905860530762,-0.020078174897992906,4.871659967903286e-06,-5.219391149002828e-05
691556385.2022334,-0.17279068023587693,-0.020078081880623037,4.756217622192693e-06,-5.211674933929683e-05
691556415.1830335,-0.17279059650275846,-0.020078144062333776,4.818685142154999e-06,-5.219477770002784e-05
691556474.1942345,-0.17279071445950236,-0.020078014510023223,4.658853622913073e-06,-5.2096391290445965e-05
691556504.1750345,-0.17279060789254447,-0.020078097004992572,4.744136984397018e-06,-5.219470743816207e-05
691556534.1558335,-0.17279055749721156,-0.020078181839210375,4.773242648942189e-06,-5.229535424031845e-05
691556564.2230335,-0.17279076684357514,-0.02007804483528954,4.542539158769454e-06,-5.217419983740215e-05
691556594.2038336,-0.17279078881870552,-0.020078151445850106,4.499262181545394e-06,-5.229660575343728e-05
691556624.1846335,-0.17279063362809483,-0.02007813872882284,4.633144858351423e-06,-5.229967547008482e-05
691556654.1654345,-0.17279058602594313,-0.020078137997280924,4.659432983750156e-06,-5.2314722054750545e-05
691556684.1462336,-0.172790828682961,-0.02007798674515544,4.395455844269369e-06,-5.2179239431415086e-05
691556743.1574346,-0.17279074777015582,-0.02007800026181798,4.434386430662851e-06,-5.2223769986519536e-05
691556773.2246345,-0.17279072866960504,-0.02007791878763401,4.432087233274817e-06,-5.2158085030697826e-05
691556803.2054335,-0.17279069146287088,-0.020077813419008682,4.447949589536648e-06,-5.2068451601626486e-05
691556833.1862346,-0.17279061845075716,-0.020078213772182094,4.499611204328291e-06,-5.24845313188832e-05
691556863.1670346,-0.1727908060119159,-0.020078228462686386,4.290693423336656e-06,-5.251493970661464e-05
691556893.1478337,-0.1727905688869982,-0.020078134781868786,4.506455590830294e-06,-5.24369681064972e-05
691556923.2150337,-0.17279078202091414,-0.020077969791930377,4.271891200363642e-06,-5.228772394810094e-05
691556953.1958337,-0.17279089906468864,-0.02007789336201553,4.133472386369519e-06,-5.2226985876858284e-05
691556982.2262336,-0.17279064590372167,-0.020078001648374467,4.365930055594269e-06,-5.2350458368367186e-05
720409584.1584764,-0.12831896718370106,-0.02126559158445155,6.331311054447175e-05,4.798447763763869e-06
720409643.1696763,-0.1283188563416815,-0.02126621465652466,6.361968118676065e-05,4.123597379460109e-06
720409673.1504774,-0.12831908685148322,-0.021265429219680925,6.348859821511676e-05,4.882726169237045e-06
720409702.1808773,-0.12831899556607795,-0.021265510745619647,6.367614982125125e-05,4.775724914436036e-06
720409732.1616764,-0.1283193895774509,-0.02126602204976263,6.338154715485045e-05,4.238110174640403e-06
720409761.1920763,-0.12831982563323655,-0.021266209101754658,6.304174000687501e-05,4.025580418714342e-06
720409791.1728773,-0.12831937969975815,-0.02126588906144256,6.358706403808423e-05,4.319307620678087e-06
720409820.2032764,-0.12831940649787768,-0.021265566094279542,6.365649694803355e-05,4.61679460417308e-06
720409850.1840774,-0.12831989960704362,-0.021265702192564375,6.32627601317437e-05,4.4543807307430294e-06
720409879.2144773,-0.12831995311341374,-0.02126575305706015,6.3305467147029e-05,4.378033670687093e-06
720409909.1952764,-0.12832005964512042,-0.021265670246132434,6.329828953735572e-05,4.434526565760821e-06
720409939.1760764,-0.128320102414264,-0.021265989657256498,6.335486520731015e-05,4.088796178261522e-06
720410057.1984774,-0.12832055256186176,-0.02126573252846654,6.32957078983698e-05,4.242304785562895e-06
720410086.1424774,-0.12832049867066908,-0.021265534032034027,6.344546408837415e-05,4.41538641048414e-06
720410175.2208763,-0.12832104816605586,-0.02126609452755642,6.319094922058177e-05,3.7766671106345684e-06
720410205.2016773,-0.12832129598747483,-0.021265734474002818,6.304238972817955e-05,4.110390862344104e-06
720410234.1456764,-0.12832144236348572,-0.02126594594090653,6.299183403368769e-05,3.873503612358137e-06
720410264.2128763,-0.12832139197435383,-0.02126599402567656,6.314175260008215e-05,3.7990109118188342e-06
720410293.1568775,-0.12832148100837248,-0.021266145722332996,6.31485210181304e-05,3.6218917548354324e-06
720410323.2240775,-0.128321803188456,-0.02126542639154044,6.292585176642662e-05,4.314812397546858e-06
720410352.1680775,-0.12832163308657338,-0.021265985240468327,6.319173815330648e-05,3.7305388496944314e-06
720410382.1488775,-0.12832192463288733,-0.02126557997108797,6.299939814224942e-05,4.109471793242031e-06
720410411.1792765,-0.1283219529253461,-0.021266195931074088,6.306715809745178e-05,3.4680092006536545e-06
720410441.1600765,-0.1283220858254119,-0.021265990920475788,6.303344569905112e-05,3.646681215638964e-06
720410471.1408765,-0.12832192429930958,-0.02126581764654411,6.32941499844053e-05,3.7936154859766202e-06
720410500.1712765,-0.12832220204238956,-0.02126596728191344,6.311243206164052e-05,3.6184744115416723e-06
720410530.1520765,-0.12832232535339338,-0.02126574000694738,6.308828054030213e-05,3.81940761993993e-06
720410559.1824775,-0.12832255625435077,-0.021265835908886935,6.295338661505001e-05,3.697997960447341e-06
720410589.1632775,-0.12832253151518538,-0.021265851837493518,6.307726651919032e-05,3.6557255331838567e-06
720492501.2016878,-0.12861347371268073,-0.02125956010493781,7.419821301452023e-06,-5.047251304981029e-05
720492531.1824878,-0.1286138314716283,-0.021259326919599312,7.1441630633273245e-06,-5.025600605335426e-05
720492560.2128878,-0.12861409003379118,-0.021259432030165573,6.965098877459441e-06,-5.0377260797832e-05
720492590.1936888,-0.12861406040384735,-0.021259766771130433,7.076829285856956e-06,-5.072866883064006e-05
720492620.1744878,-0.1286140718630289,-0.021259408181598854,7.1474704251284216e-06,-5.038674062804449e-05
720492650.1552888,-0.12861410801289172,-0.02125938206285157,7.193420741402612e-06,-5.0377277465894765e-05
720492679.1856878,-0.12861398796093923,-0.021259396793761372,7.392970120118081e-06,-5.040813049222645e-05
720492709.1664878,-0.12861402483010187,-0.02125928063161263,7.438200819581686e-06,-5.0308612601010494e-05
720492769.2144887,-0.12861465280091797,-0.021259601489114568,6.974665802100821e-06,-5.066278924239706e-05
720492799.1952888,-0.12861504795551829,-0.021259821988276282,6.6616105204031495e-06,-5.089991533061347e-05
720492828.1392878,-0.12861530215567057,-0.021259348346439118,6.486670326211197e-06,-5.044231993651255e-05
720492858.2064878,-0.12861472984711525,-0.02125954192989951,7.1413143980791904e-06,-5.065256682221242e-05
720492888.1872878,-0.12861510635180323,-0.02125955404079468,6.8469084149314074e-06,-5.068128745274597e-05
720492918.1680888,-0.12861479787951993,-0.021259681553831632,7.2374791818818895e-06,-5.0825404420595105e-05
720492947.1984888,-0.12861547868616127,-0.02125906121515759,6.636168254636754e-06,-5.022113778913734e-05
720492977.1792887,-0.12861571476171746,-0.021259682737583416,6.4821907132806e-06,-5.085925269946237e-05
720493007.1600878,-0.12861560856587193,-0.021259527871553573,6.6704843218468035e-06,-5.07209733285538e-05
720493036.1904877,-0.12861536031180573,-0.021259354982059348,6.998233384597485e-06,-5.0564139134529756e-05
720493066.1712888,-0.1286156961118107,-0.021259474349315167,6.744530631791479e-06,-5.0700081565137334e-05
720493126.2192878,-0.12861605770626933,-0.02125925006981923,6.547366423664824e-06,-5.050898259930173e-05
720493185.1440878,-0.12861599993344924,-0.021259391065956923,6.7664926827748495e-06,-5.068251577738936e-05
720493215.2112888,-0.12861593511308722,-0.021259387299158605,6.91364543040085e-06,-5.0695342720785685e-05
720493245.1920888,-0.12861650042141343,-0.021259434259720853,6.430432581083778e-06,-5.075884345337803e-05
720493275.1728888,-0.1286164825381377,-0.02125952113497216,6.530411006122616e-06,-5.086225298929145e-05
720493304.2032878,-0.1286166496715109,-0.02125928555508957,6.4427700199043425e-06,-5.064267763396288e-05
720493334.1840879,-0.12861690995974726,-0.021259321302712766,6.264576263820265e-06,-5.069494793682669e-05
720493364.1648879,-0.12861631621990416,-0.02125970357939545,6.940410233968741e-06,-5.109374139323705e-05
720493393.195288,-0.12861708979809963,-0.021259206936526796,6.246323413505728e-06,-5.061308607697684e-05
720493423.176088,-0.12861698988197673,-0.021259635275804847,6.428332942870485e-06,-5.105793048384641e-05
720493453.156889,-0.12861710724954803,-0.02125932082849661,6.393058401638063e-06,-5.075998237850238e-05
720493483.2240889,-0.12861734970302613,-0.02125909505239706,6.232934140482094e-06,-5.0550747070800955e-05
720493542.148889,-0.1286173340722895,-0.02125968241128412,6.4099100517411856e-06,-5.11705047737121e-05
720493572.2160879,-0.12861741739940893,-0.021259472351497277,6.408910940197687e-06,-5.0976968075544526e-05
720493602.196888,-0.1286175087808565,-0.02125942773506593,6.399620505692649e-06,-5.094882128407058e-05
720493631.140888,-0.12861748039783985,-0.02125950857334177,6.507255243565213e-06,-5.10455539834663e-05
720493661.2080879,-0.12861846382644665,-0.02125944416105263,5.606153363230115e-06,-5.099764702031981e-05
722824655.1893646,-0.13371710836176978,-0.021038755156808718,3.1687277815439785e-05,6.099691347597608e-05
722824683.1829646,-0.13371711723386348,-0.0210384821658087,3.172275299126448e-05,6.126661455832169e-05
722824711.1765646,-0.13371718989079479,-0.02103857757855658,3.169443792477855e-05,6.116790437367403e-05
722824739.1701635,-0.13371723972512375,-0.02103869336557563,3.168894004149103e-05,6.104881240386745e-05
722824795.1573646,-0.1337171289119511,-0.021038582700323494,3.1888409807806495e-05,6.115284522739683e-05
722824823.1509646,-0.1337171543872896,-0.021038476738030415,3.190725458845911e-05,6.125548005173065e-05
722824851.1445636,-0.13371722082486068,-0.021038759553757096,3.1885131666825606e-05,6.0969329359412267e-05
722824878.1877636,-0.13371722884739742,-0.021038924996011395,3.1919914066674826e-05,6.08006582479316e-05
722824906.1813645,-0.13371723223616133,-0.021038749366621753,3.1960829167815286e-05,6.0972937944606814e-05
722824934.1749645,-0.13371725862538705,-0.021038627177394128,3.1978738299937026e-05,6.109176999502877e-05
722824962.1685646,-0.1337173062762248,-0.02103862778941605,3.197538030177971e-05,6.108779331588654e-05
722824990.1621646,-0.13371723361929397,-0.02103853237666782,3.209232454112754e-05,6.117983393154336e-05
722825018.1557635,-0.13371734387429385,-0.02103880689772204,3.2026351304337286e-05,6.090193327361673e-05
722825046.1493636,-0.13371731002070583,-0.02103859978889316,3.210448110110842e-05,6.110565503164925e-05
722825074.1429647,-0.13371736159388217,-0.021038646214825697,3.2097178566059537e-05,6.10558345657923e-05
722825101.1861647,-0.13371741207531276,-0.021038635053259928,3.208945945901154e-05,6.106370976216233e-05
722825129.1797637,-0.13371743289228155,-0.021038573318425527,3.211290214238938e-05,6.112203540452332e-05
722825157.1733637,-0.13371744840377825,-0.021038682759634112,3.214164469297898e-05,6.100917755430188e-05
722825185.1669637,-0.13371745406496421,-0.02103865921245817,3.218023193532482e-05,6.10293006432297e-05
722825213.1605647,-0.13371749057128657,-0.021038780733265983,3.218796841100713e-05,6.0904348307466716e-05
722825241.1541647,-0.133717488121011,-0.02103855483661855,3.223465583876428e-05,6.112680599067513e-05
722825269.1477637,-0.13371753612756127,-0.021038703077508384,3.2230880782191385e-05,6.0975118704561376e-05
722825297.1413637,-0.13371754709422193,-0.021038508354288936,3.226413994714128e-05,6.116638809989389e-05
722825325.2213637,-0.13371759008668896,-0.021038553193769703,3.226550409646256e-05,6.111807667705943e-05
722825352.1781636,-0.1337175366857368,-0.021038539221706235,3.236148200960742e-05,6.112870865343165e-05
722825380.1717637,-0.13371762322884848,-0.021038465044865187,3.231914783291545e-05,6.119940966485549e-05
722825408.1653637,-0.13371766675488403,-0.021038731327646606,3.23198250128387e-05,6.092964364351819e-05
722825436.1589637,-0.13371769296625496,-0.021038535323986553,3.233781112504941e-05,6.112215665735402e-05
722825464.1525646,-0.13371768630225292,-0.021038538190880255,3.238866686688935e-05,6.111579171580103e-05
722825492.1461638,-0.13371769615256138,-0.021038671179265136,3.242300253797348e-05,6.0979297886096934e-05
722825520.1397648,-0.13371766978794158,-0.02103840806938961,3.2493547370171516e-05,6.123889492338011e-05
722825548.2197638,-0.1337176941469281,-0.021038629818701606,3.251349914212831e-05,6.101361450864054e-05
722825576.2133648,-0.13371776299505803,-0.021038331025654812,3.2488819629056254e-05,6.130887992169404e-05
722825603.1701648,-0.1337177602533916,-0.021038379706459807,3.253408854700379e-05,6.125679516135948e-05
722825631.1637638,-0.1337178587413703,-0.021038516785785652,3.2479757769349193e-05,6.111617372002442e-05
722825659.1573638,-0.1337179495625288,-0.02103863605172426,3.243308798112077e-05,6.099335829449007e-05
722825687.1509638,-0.1337179590571248,-0.02103862141124244,3.2467738910274546e-05,6.100444192283158e-05
722825715.1445647,-0.1337179621545023,-0.02103872035930427,3.250878120186762e-05,6.090192964474522e-05
722825743.2245648,-0.13371787371929825,-0.021038404783694314,3.264148640971798e-05,6.121392264582526e-05
722825785.2149647,-0.13371810840685663,-0.021038509658769872,3.2472988485993115e-05,6.110367638810163e-05
722825813.2085648,-0.13371802268870656,-0.021038530701456632,3.260282568487427e-05,6.107904372857839e-05
722910065.2181863,-0.13377497207720115,-0.021029368467684096,6.925009613070743e-05,3.2078985206417804e-05
722910095.1989862,-0.13377508690103113,-0.021029561854408175,6.915753101449651e-05,3.1861872714988165e-05
722910124.1429874,-0.1337750387172323,-0.0210293397989639,6.92271932981603e-05,3.206101837075273e-05
722910228.1685873,-0.13377516887459398,-0.021029568812508316,6.917414510923536e-05,3.1749629919218536e-05
722910257.1989874,-0.13377510680420368,-0.021029516346581515,6.925771051427554e-05,3.1779097353353686e-05
722910287.1797863,-0.13377521608120144,-0.02102938488863122,6.917062130179508e-05,3.188679925185747e-05
722910317.1605864,-0.13377523442302552,-0.02102948255629595,6.917445614035289e-05,3.176537083509484e-05
722910346.1909873,-0.13377525176208535,-0.021029559543679268,6.917858012564504e-05,3.1665371450582264e-05
722910376.1717863,-0.1337751875084973,-0.02102939190276661,6.926498844500584e-05,3.180924238525493e-05
722910405.2021873,-0.13377523616204579,-0.021029413195226554,6.923777668257913e-05,3.176492900547334e-05
722910435.1829873,-0.1337752820738102,-0.02102948316847431,6.921399767079173e-05,3.167117658375504e-05
722910464.2133863,-0.1337753419610023,-0.02102942045941621,6.91755309568387e-05,3.171085583468167e-05
722910492.2069874,-0.13377534523579857,-0.021029593221894585,6.919290168019843e-05,3.15158819100686e-05
722910520.2005874,-0.1337753838617122,-0.021029407711537454,6.917491151275934e-05,3.167917677286691e-05
722910548.1941874,-0.13377532087739458,-0.021029371472539058,6.925852179354153e-05,3.1693196234385684e-05
722910575.1509875,-0.1337753065466244,-0.021029356526001356,6.929270534680732e-05,3.168674236641786e-05
722910603.1445864,-0.1337754191872537,-0.02102943473774185,6.920067144677855e-05,3.158630317404501e-05
722910631.2245874,-0.1337754097814658,-0.021029486285401612,6.923073770764843e-05,3.1512455415848295e-05
722910659.2181865,-0.1337754048564844,-0.021029419791203756,6.925624975137601e-05,3.1556714110266004e-05
722910687.2117875,-0.1337753716253046,-0.02102947103277402,6.93100581610484e-05,3.148323302532702e-05
722910715.2053864,-0.1337754410959548,-0.02102943059047862,6.926115489544471e-05,3.1501431804588365e-05
722910742.1621865,-0.13377554114483511,-0.021029424494612352,6.918090233218321e-05,3.1486104210515925e-05
722910770.1557875,-0.13377555364774804,-0.02102947189500894,6.918894745205906e-05,3.1416452457393856e-05
722910798.1493875,-0.13377559554845764,-0.021029459147130693,6.916758490047026e-05,3.1406944996734826e-05
722910826.1429864,-0.1337755279944984,-0.021029504042778292,6.925566713245068e-05,3.133979003385606e-05
722910854.2229865,-0.13377550655555262,-0.021029307427056325,6.929768777017009e-05,3.151407374957921e-05
722910881.1797874,-0.1337754832887501,-0.02102914326519317,6.934070362155098e-05,3.165679313383088e-05
722910909.1733865,-0.13377559820140794,-0.021029373559131898,6.924628985874315e-05,3.140422812322741e-05
722910937.1669874,-0.13377557959308223,-0.021029165169833584,6.928538715589294e-05,3.159034239749378e-05
722910965.1605865,-0.13377575557336502,-0.021029427249419537,6.912988590809799e-05,3.130598384486899e-05
722910993.1541866,-0.13377567781410635,-0.021029191527826663,6.92281142571638e-05,3.151942253266579e-05
722911021.1477866,-0.13377561117407585,-0.02102922019654405,6.931521342243285e-05,3.146846697956937e-05
722911048.1909876,-0.13377572847318014,-0.021029254180851442,6.921766938947083e-05,3.1412948760856096e-05
722911076.1845876,-0.1337757235481995,-0.02102918768665377,6.924303390229425e-05,3.1457148413873565e-05
722911104.1781865,-0.13377584512485877,-0.02102941511372168,6.914188678838751e-05,3.1207422891102454e-05
722911132.1717876,-0.13377575914024428,-0.021029325434491604,6.924829095400487e-05,3.127479975988806e-05
722911160.1653875,-0.1337757199813196,-0.021029289501581876,6.930785942296791e-05,3.128842641121968e-05
722911187.2085875,-0.1337757512069752,-0.02102919689944847,6.929634088326253e-05,3.135947590206592e-05
722911215.2021866,-0.13377581445779468,-0.021029343860081467,6.925347990527353e-05,3.11902013672323e-05
722911243.1957866,-0.13377585845286455,-0.021029409379978433,6.922986464133474e-05,3.110236368908739e-05
722999022.1398112,-0.1338252997415364,-0.021019666646350032,3.381104516347877e-05,-3.20269699782931e-05
722999051.1702112,-0.1338254266238625,-0.021019722897771074,3.367952763949633e-05,-3.2106244672178846e-05
722999080.2006112,-0.1338254883390741,-0.02101962773504215,3.361317037600675e-05,-3.20341009377445e-05
722999109.1446111,-0.13382542718282162,-0.02101955904201983,3.3669691561155624e-05,-3.198835413412496e-05
722999137.2246102,-0.13382541066916764,-0.02101942892046457,3.368170198173037e-05,-3.188048975696564e-05
722999166.1686113,-0.13382536089778874,-0.021019735339372216,3.372682483057665e-05,-3.220984646982311e-05
722999195.1990103,-0.13382547200292041,-0.02101957142790102,3.3611050417464705e-05,-3.206893697206559e-05
722999224.1430113,-0.13382551682301827,-0.0210195838137827,3.3561568071022174e-05,-3.210425207470988e-05
722999252.2230103,-0.13382538719879947,-0.02101957624313483,3.368666265615716e-05,-3.211892208615508e-05
722999281.1670103,-0.13382538699484495,-0.021019887727713498,3.3682190836825665e-05,-3.245332741345572e-05
722999339.1414113,-0.1338253920348746,-0.021019605830131623,3.366776461094512e-05,-3.22173267778246e-05
722999425.1958113,-0.1338254405108298,-0.0210195533083145,3.360530522894534e-05,-3.223290015596028e-05
722999453.1894103,-0.1338256815064348,-0.021019507689112885,3.335974762880278e-05,-3.220942412897332e-05
722999482.2198113,-0.13382544334147475,-0.021019541534746885,3.3593174788321134e-05,-3.2266228754570386e-05
722999511.1638103,-0.1338255636485461,-0.021019637560228815,3.346813707444385e-05,-3.238514052825159e-05
722999540.1942112,-0.13382554465924978,-0.021019666841068527,3.348237463435266e-05,-3.243737159057403e-05
722999568.1878103,-0.13382558411076886,-0.021019428196712833,3.3438334464092057e-05,-3.222085363603633e-05
722999597.2182113,-0.13382568195018668,-0.02101969222514705,3.333572957120445e-05,-3.250782363867569e-05
722999626.1622114,-0.13382548951929135,-0.02101972222973778,3.352340219975325e-05,-3.256069712218382e-05
722999655.1926115,-0.13382563338548076,-0.02101970783975683,3.337475653608646e-05,-3.256923988182933e-05
722999683.1862115,-0.13382555032053878,-0.021019643293933698,3.3453206049027795e-05,-3.252680357624868e-05
722999712.2166114,-0.1338255139036231,-0.02101955868014326,3.348482968926203e-05,-3.2465113815372676e-05
722999741.1606104,-0.13382553041727904,-0.02101968880169768,3.346353001718039e-05,-3.26180867468058e-05
722999770.1910104,-0.13382566042295785,-0.021019458702181353,3.3328716999986296e-05,-3.241090237492833e-05
722999798.1846104,-0.13382556939858542,-0.021019650920301013,3.3415099044364904e-05,-3.2625213017067195e-05
722999827.2150104,-0.13382568351186444,-0.02101954904967728,3.329616456340667e-05,-3.25462487699088e-05
722999856.1590104,-0.13382566343110264,-0.021019520743027834,3.331143143406323e-05,-3.254077586868631e-05
722999885.1894114,-0.1338257423964335,-0.021019465660516434,3.3227630775289896e-05,-3.250859079168e-05
722999913.1830105,-0.13382589392934316,-0.021019469083967054,3.307142851766143e-05,-3.2534089658239895e-05
722999971.1574115,-0.13382589062848457,-0.021019681620492878,3.306503823236051e-05,-3.2792330798156466e-05
723000000.1878104,-0.13382578995842495,-0.02101942936562494,3.3160844849694504e-05,-3.256295553731581e-05
723000029.2182105,-0.13382588525990866,-0.021019430590255652,3.3060672806811686e-05,-3.2587055257850966e-05
723000057.2118106,-0.1338259208516083,-0.021019568338178043,3.302037774874367e-05,-3.27468570169992e-05
723000086.1558105,-0.13382577014391397,-0.021019511780595683,3.316621542903686e-05,-3.271309758089841e-05
723000115.1862105,-0.13382581387254586,-0.02101946657898941,3.3117595115983445e-05,-3.269075764207249e-05
723000144.2166115,-0.13382599807775913,-0.021019582616723983,3.2928491073030974e-05,-3.282965249817513e-05
723084661.2150344,-0.1338633875232238,-0.021010079285246664,-3.599415404567652e-05,-6.1034241172309295e-05
723084690.1590344,-0.13386334131860428,-0.021010283889133324,-3.595532985356531e-05,-6.124230642371928e-05
723084720.1398345,-0.13386343479204302,-0.021010317567811198,-3.605644562065802e-05,-6.127956212515981e-05
723084779.1510335,-0.13386345552068524,-0.02101021892596759,-3.60922093403937e-05,-6.11879361521045e-05
723084808.1814336,-0.1338633533778874,-0.021010146753561974,-3.599745946530897e-05,-6.111920311283395e-05
723084838.1622336,-0.13386350853951529,-0.021010470568616206,-3.6160253605477255e-05,-6.144656176870072e-05
723084867.1926335,-0.1338632742351361,-0.021010128021491006,-3.5933337431015566e-05,-6.110743780880779e-05
723084897.1734335,-0.1338634974213866,-0.021010206178301644,-3.616415133900208e-05,-6.118912147891689e-05
723084926.2038345,-0.13386345369269734,-0.021010251379810916,-3.612780617107125e-05,-6.123772993247081e-05
723084956.1846346,-0.13386349851274693,-0.02101026376578849,-3.618024905890915e-05,-6.125362600692408e-05
723084985.2150345,-0.13386369020695665,-0.021010323802947695,-3.637932214051176e-05,-6.131705386918165e-05
723085014.1590345,-0.13386367269087462,-0.02101017300108346,-3.636916070470786e-05,-6.116962465510523e-05
723085044.1398345,-0.13386361106420647,-0.02101030507087536,-3.6315149757409904e-05,-6.130517952145781e-05
723085073.1702335,-0.13386368006434382,-0.021010465391879618,-3.6391521900047685e-05,-6.146886698460419e-05
723085103.1510335,-0.13386374926900926,-0.021010314228329018,-3.6468337555384256e-05,-6.13211716947934e-05
723085132.1814336,-0.133863644295548,-0.02101025382948248,-3.637073153561765e-05,-6.126412301639753e-05
723085162.1622337,-0.13386363963689682,-0.021010298056885597,-3.6373679178219875e-05,-6.131180184599377e-05
723085191.1926347,-0.1338636597175951,-0.021010326363576484,-3.640112278829877e-05,-6.134344239451528e-05
723085221.1734346,-0.13386360130348754,-0.021010208989660925,-3.6350310314181566e-05,-6.12295030506943e-05
723085250.2038347,-0.13386371211564277,-0.02101031965579543,-3.646848088514898e-05,-6.134348671212042e-05
723085280.1846347,-0.13386363606960539,-0.021010399871775793,-3.6400031855843284e-05,-6.142712038883016e-05
723085309.2150346,-0.13386362138418575,-0.021010237296351812,-3.6392700390186494e-05,-6.126784614151476e-05
723085338.1590346,-0.1338637845943877,-0.021010341254705883,-3.65632404867311e-05,-6.137508783252144e-05
723085368.2262336,-0.13386372343829897,-0.021010272561554664,-3.6509696447306617e-05,-6.130979695132335e-05
723085397.1702336,-0.133863837817745,-0.021010281412800036,-3.663140139001375e-05,-6.132191520247243e-05
723085427.1510336,-0.13386376424764113,-0.021010202226402163,-3.65654169275087e-05,-6.124610438397113e-05
723085456.1814346,-0.13386374133627899,-0.02101018569327134,-3.654984855572252e-05,-6.123283162356649e-05
723085486.1622337,-0.1338639865198936,-0.021010296610140044,-3.6802613308406507e-05,-6.134710712453126e-05
723085515.1926347,-0.13386394453051056,-0.0210102724506004,-3.676796257245929e-05,-6.132619153577379e-05
723085545.1734346,-0.1338636509867223,-0.021009865663679433,-3.648199545480679e-05,-6.0922746279973294e-05
725238431.1708928,-0.13157889104193227,-0.020769937972406383,-5.969243068959518e-05,-1.033061384370787e-06
725238462.1884929,-0.13157876551678038,-0.020770050047019453,-5.9629463720872744e-05,-1.126545247611549e-06
725238493.206093,-0.13157869540622716,-0.02076983214459346,-5.962190497990627e-05,-8.900519050357436e-07
725238554.204492,-0.13157861315236077,-0.02077009977716501,-5.966264534226773e-05,-1.1211235702822397e-06
725238585.222093,-0.1315785048823258,-0.02076986662653179,-5.9616908311410644e-05,-8.693815095536794e-07
725238616.153292,-0.13157865405072683,-0.020770066343648582,-5.982842924154297e-05,-1.0505588104413321e-06
725238647.1708919,-0.131578477312427,-0.02076989432462362,-5.9714211355282876e-05,-8.599480024774897e-07
725238708.1692929,-0.13157840163163118,-0.020770122181824117,-5.9761463265112225e-05,-1.0512425553978189e-06
725238770.204492,-0.1315781296769615,-0.02076998585760255,-5.9614506013244695e-05,-8.77733483520271e-07
725238801.2220931,-0.1315780717982785,-0.020770089935512413,-5.961911670493425e-05,-9.632186802367715e-07
725238831.202893,-0.13157814017537758,-0.020769991896242183,-5.974788849757995e-05,-8.472079960943069e-07
725238892.201292,-0.13157779071398706,-0.020770115883711582,-5.952128723138439e-05,-9.346305770430163e-07
725238923.2188921,-0.1315777050843661,-0.020769788540558654,-5.9498122666118425e-05,-5.886939311479378e-07
725238953.1996931,-0.13157769860246446,-0.020769865223591154,-5.955201201282567e-05,-6.474047852360332e-07
725238984.217293,-0.13157775182387887,-0.02077019067806607,-5.966768641210707e-05,-9.542653621741337e-07
725239076.146893,-0.13157738994826998,-0.02076991886988954,-5.9490872366285696e-05,-6.273475674431483e-07
725239106.214092,-0.13157733882499076,-0.02077005698774836,-5.950026514750517e-05,-7.474404416472902e-07
725239168.1628932,-0.13157705701006867,-0.020770172978520275,-5.9343116259102935e-05,-8.262928742688858e-07
725239229.1612922,-0.13157699009422316,-0.02077009093267261,-5.93989303677156e-05,-7.076775782460798e-07
725239260.1788932,-0.13157680048456138,-0.02076972388354786,-5.9271719815789936e-05,-3.2203260041593906e-07
725239291.1964931,-0.13157684987180224,-0.02077004043166991,-5.93835001831966e-05,-6.199846377952234e-07
725239322.2140932,-0.1315767545642663,-0.020770039218818377,-5.935057980813174e-05,-6.001754666654091e-07
725239352.1948922,-0.13157667358932712,-0.020770052950959197,-5.932990100707136e-05,-5.959326670607057e-07
725239383.2124922,-0.1315765260632156,-0.02077013226789297,-5.9244750367948296e-05,-6.566528125001581e-07
725239414.1436921,-0.13157656705275017,-0.020770135742031084,-5.934793573031394e-05,-6.415817223742737e-07
725239444.2108922,-0.1315764269214955,-0.02077012214869156,-5.926825736041197e-05,-6.099609446419407e-07
725239475.1420932,-0.13157639213908112,-0.020770316572380022,-5.929565920767543e-05,-7.858389219142503e-07
725239505.2092922,-0.1315762005211452,-0.020769908162426083,-5.916448293724619e-05,-3.594010565891037e-07
725239567.1580923,-0.13157615168090855,-0.020769813060264323,-5.92401560271516e-05,-2.271544299915773e-07
725239628.1564922,-0.1315760797431375,-0.020770012916169926,-5.9290798604588746e-05,-3.904347277185194e-07
725239659.1740923,-0.1315762407800569,-0.020770001679125058,-5.951415884378197e-05,-3.6059865031468075e-07
725239689.1548933,-0.13157615524031196,-0.020770096547477388,-5.948885368883827e-05,-4.3748941278357045e-07
725239720.1724923,-0.13157608102077575,-0.020770144319567186,-5.947694610258791e-05,-4.666619477962375e-07
725239811.1516933,-0.13157570837194674,-0.02077014105364428,-5.92870342719376e-05,-4.08839217595075e-07
725239842.1692923,-0.1315756512238916,-0.020770155089000944,-5.9292175605574204e-05,-4.042739445569987e-07
725239872.1500924,-0.13157550004719745,-0.02076991401107052,-5.9201200788838726e-05,-1.4521686618473861e-07
725239933.1484934,-0.13157533864559628,-0.02076977761748173,-5.9162268472329194e-05,2.775759182921389e-08
725239964.1660924,-0.1315752396862122,-0.020769841313606385,-5.9125576147123216e-05,-1.733678934787153e-08
725239995.1836925,-0.13157528523929207,-0.020770148955373522,-5.923339064728417e-05,-3.0637652279411065e-07
725240025.1644924,-0.13157508713944427,-0.020769817228462086,-5.909546571108981e-05,4.333090438540799e-08
725240056.1820934,-0.13157496198023277,-0.020769691629901377,-5.90325568726735e-05,1.875320756565546e-07
725240087.1996934,-0.13157497247739297,-0.020770082972381847,-5.910529880789883e-05,-1.852074982648666e-07
725240117.1804934,-0.13157503811560425,-0.020770033614825028,-5.923109588365505e-05,-1.1786857460546751e-07
725240148.1980934,-0.1315748152746524,-0.02077010311579008,-5.907048874442822e-05,-1.6876604202673007e-07
725240179.2156934,-0.13157474552874654,-0.02077003284401537,-5.9062971098838846e-05,-7.989046570469616e-08
725240209.1964924,-0.13157464666053476,-0.020770133447803627,-5.902424582937549e-05,-1.6251201537600957e-07
725240240.2140925,-0.1315746802564702,-0.02076984452837101,-5.912005914968099e-05,1.4501182436787996e-07
725240271.1452925,-0.13157449219792436,-0.020769719605645245,-5.8994039196069714e-05,2.884874449084196e-07
725240301.2124926,-0.13157465323359815,-0.02077009367242942,-5.9215375304427775e-05,-6.754438285072606e-08
725240332.1436936,-0.13157427145640077,-0.0207698673751135,-5.889562594219022e-05,1.773064464624663e-07
725240363.1612935,-0.13157420508757248,-0.02077000677523533,-5.889145275253527e-05,5.651198142428426e-08
725240393.1420935,-0.13157412621330988,-0.02076971347204005,-5.887268998649997e-05,3.677992227342497e-07
725240424.1596925,-0.13157411324952592,-0.020769866838109403,-5.892191113660017e-05,2.330394438913863e-07
725240454.1404926,-0.13157398827264977,-0.020769815054875563,-5.885703543989651e-05,3.028073417114807e-07
725240485.1580925,-0.1315740326392685,-0.020770028200903012,-5.896357634924132e-05,1.0826824914378363e-07
725240515.2252926,-0.1315737710917956,-0.02076986100772108,-5.876229295917468e-05,2.934985533151191e-07
725240545.2060925,-0.13157378067725314,-0.020769883273600763,-5.883196429593007e-05,2.8921827708444647e-07
725240576.2236925,-0.13157387662424222,-0.020769757536213646,-5.899006978954402e-05,4.3356357852172844e-07
725240607.1548936,-0.13157374808669758,-0.02076980756960986,-5.892351228226067e-05,4.0208660159746223e-07
725240637.2220937,-0.13157351757737398,-0.020769859257887057,-5.875324662460435e-05,3.6843673227940354e-07
725240668.1532927,-0.1315734629858501,-0.02076975079620393,-5.8760624689013774e-05,4.954555041618292e-07
725240699.1708926,-0.13157354332135138,-0.020769864014271694,-5.890309758302403e-05,4.008467065219623e-07
725240729.1516926,-0.13157334184315456,-0.02076970791932575,-5.876167473570226e-05,5.74929216571457e-07
725240760.1692927,-0.13157330487014404,-0.02076978716686702,-5.878682872981211e-05,5.14291632208036e-07
725240790.1500937,-0.13157328442034336,-0.020769996535554537,-5.882642426693896e-05,3.229111780397864e-07
725240820.2172927,-0.1315733491455954,-0.020769963405233384,-5.895136297129344e-05,3.740819039185772e-07
725240851.1484927,-0.13157318089739603,-0.020769756064056528,-5.884505336772872e-05,5.999822392070697e-07
725240882.1660936,-0.1315730678789288,-0.020769915538185645,-5.8794141300416713e-05,4.591194700982737e-07
725325130.2013218,-0.13135680459443677,-0.020760481746131647,2.5010108362089056e-07,5.245575047475165e-05
725325163.2061218,-0.13135694189804062,-0.02076089241616091,5.6974433143563985e-08,5.205238587907904e-05
725325193.1869208,-0.13135685818419798,-0.020760954831101946,8.997729217252726e-08,5.199659957190808e-05
725325224.2045218,-0.1313566667451644,-0.020760620238415215,2.28949006975121e-07,5.233804266110628e-05
725325254.1853209,-0.13135673302341028,-0.020760829233906108,1.1195466229074746e-07,5.21356613789499e-05
725325284.1661218,-0.13135662739968146,-0.020760895799080605,1.668597515713799e-07,5.2075703329521744e-05
725325345.1645209,-0.13135651465454287,-0.020760780693562804,1.7640576016608733e-07,5.2204229732615015e-05
725325375.1453218,-0.13135656732999343,-0.02076088470155292,7.300387561137711e-08,5.210680739407836e-05
725325405.2125219,-0.1313564394306512,-0.020760807786169212,1.500279887822753e-07,5.2190320308752314e-05
725325435.193322,-0.13135639268946311,-0.02076079095304901,1.4603752204744858e-07,5.2213724926745975e-05
725325466.2109209,-0.13135621585750387,-0.020760582028293985,2.703806509518625e-07,5.24294410046075e-05
725325496.1917219,-0.1313561699392055,-0.020760897364455987,2.65561924839286e-07,5.212066197877313e-05
725325526.1725209,-0.13135608357824471,-0.020761045368909027,3.011832028221306e-07,5.19792076086531e-05
725325556.1533219,-0.13135622087891696,-0.020760685430433544,1.1314016726271525e-07,5.234568911847287e-05
725325587.1709208,-0.1313560424041179,-0.020760582775616633,2.391149932501335e-07,5.2455105826430815e-05
725325617.151721,-0.13135594536177128,-0.020760650926156254,2.8540948357469453e-07,5.239348399105337e-05
725325647.218922,-0.13135580176110262,-0.020760776058973203,3.7811331152215466e-07,5.227489162517446e-05
725325677.199722,-0.1313557001530292,-0.02076054004161381,4.289680580749078e-07,5.251742359741601e-05
725325708.217322,-0.13135560658069648,-0.020760854771929512,4.7002900666059944e-07,5.220942578515811e-05
725325738.1981211,-0.13135569805450675,-0.020760847077311104,3.277962508652088e-07,5.222362071807471e-05
725325768.178922,-0.13135543586438153,-0.020760421533195662,5.392246416324742e-07,5.265565812630907e-05
725325799.196522,-0.13135555910804508,-0.020760542677225984,3.634608483904511e-07,5.254122455439908e-05
725325829.177322,-0.13135530221511024,-0.020760716562598442,5.695863355414943e-07,5.2373818200151384e-05
725325859.158121,-0.13135502167654028,-0.020760578656195187,7.993546276008345e-07,5.251819661100318e-05
725325889.225321,-0.13135509480043447,-0.020760473295028434,6.753112817559082e-07,5.263004140072802e-05
725325920.156522,-0.1313549271898776,-0.02076052430953286,7.905361781579412e-07,5.2585689481007836e-05
725325950.223721,-0.13135488446434038,-0.020760204893874097,7.823364084058593e-07,5.291157447839118e-05
725325980.2045221,-0.13135479226054186,-0.02076030263116363,8.237583354608891e-07,5.282028093306357e-05
725326071.1837212,-0.13135462036003343,-0.02076054550511778,8.415392201144289e-07,5.2596918271273496e-05
725326101.1645222,-0.13135471347816755,-0.020760816844810424,6.976273846659442e-07,5.2331994142042204e-05
725326139.1805211,-0.13135451692773834,-0.020760727246557725,8.297665456680203e-07,5.242971737343116e-05
725326171.1485212,-0.13135443996957977,-0.020760823701411673,8.525569621109508e-07,5.2340086213093634e-05
725326201.2157221,-0.1313542451534125,-0.020760664740923016,9.964230518189066e-07,5.250545743458457e-05
725326232.1469221,-0.13135439039691366,-0.020760433338154975,7.987622208938117e-07,5.274344784461302e-05
725326292.1949221,-0.13135417029525795,-0.020760839464332183,9.170947327108436e-07,5.2350089383399606e-05
725326322.1757222,-0.13135392417215136,-0.020760359502829378,1.112401884495462e-06,5.283641512090001e-05
725326353.1933212,-0.13135383945552132,-0.020760786541611828,1.1445419931810363e-06,5.2415953350717914e-05
725326383.1741213,-0.1313538125242119,-0.02076068728970778,1.1206510604488962e-06,5.252155535987596e-05
725326413.1549213,-0.13135391896935714,-0.02076056758954742,9.633805596875877e-07,5.264759868622848e-05
725326444.1725212,-0.13135371420177847,-0.020760238732481073,1.1155618410696455e-06,5.2983010980046236e-05
747981996.6864647,-0.06861521382385824,-0.022260412861971512,-5.0552211741355935e-05,-6.0487238153172224e-05
747982023.6432648,-0.06861514272472741,-0.02226076061316968,-5.034430431202774e-05,-6.082972005212045e-05
747982050.6864647,-0.06861561641602952,-0.022260391818400733,-5.068074238660791e-05,-6.0455632882878974e-05
747982076.6928637,-0.0686155140731232,-0.022261033089846474,-5.0446402283285674e-05,-6.109180896004748e-05
747982102.6992648,-0.06861573645193589,-0.02226057759813409,-5.05367779353727e-05,-6.0631216118590264e-05
747982156.6992648,-0.06861600506936638,-0.022260228884708126,-5.053128345060276e-05,-6.027189223700019e-05
747982183.6560647,-0.06861669469170109,-0.022260395304107092,-5.108405954233619e-05,-6.043300559014156e-05
747982210.6992648,-0.06861647067072195,-0.022260682451574747,-5.072274731324211e-05,-6.071482377322662e-05
747982236.7056637,-0.0686168467256675,-0.02226047214102958,-5.096676854021709e-05,-6.049938237098762e-05
747982263.6624647,-0.06861650149646176,-0.022260753637098424,-5.048467421246705e-05,-6.077555397651646e-05
747982290.7056648,-0.06861674094757403,-0.02226073980850832,-5.058681516330321e-05,-6.0756377615742846e-05
747982317.6624647,-0.06861687756867074,-0.0222607810526687,-5.058655844229765e-05,-6.0792284865652385e-05
747982344.7056637,-0.0686172423656745,-0.022260617878529804,-5.081403256285144e-05,-6.0623750462746734e-05
747982371.6624647,-0.0686172677133007,-0.02226074954774106,-5.070248969493707e-05,-6.0750070302834774e-05
747982452.7056637,-0.06861816446968493,-0.022260699524307172,-5.1187659118226425e-05,-6.0683926960205387e-05
747982479.6624637,-0.06861790397673871,-0.022260701328325992,-5.07902504312957e-05,-6.068035664671262e-05
747982506.7056646,-0.06861803124924085,-0.022260556431873062,-5.0780162041241805e-05,-6.0530062366930676e-05
748064682.6960552,-0.06907595765258484,-0.02226383589736125,-6.667524908389455e-05,-1.8197932376784465e-05
748064707.6656542,-0.06907589824598002,-0.02226400953147606,-6.64687365445199e-05,-1.8352968501333944e-05
748064733.6720542,-0.06907621918220955,-0.022263854779024234,-6.663645013194053e-05,-1.8178844942789985e-05
748064783.6976552,-0.06907685485450954,-0.022263896632041383,-6.697736083663419e-05,-1.8183433398280546e-05
748149692.1744449,-0.06955057638092497,-0.02226667879613218,-1.7149990060777442e-05,4.3208884599098274e-05
748149753.1728458,-0.06955100890353025,-0.022266745182673152,-1.7186410903466398e-05,4.317693864250988e-05
748149813.2208449,-0.0695510974953488,-0.022266474391964577,-1.6885051990309097e-05,4.3481603324933144e-05
748149904.2000449,-0.06955158263537828,-0.022266808566674564,-1.6779336011935042e-05,4.319869467101292e-05
748149965.1984459,-0.06955192519895605,-0.02226657578002706,-1.672572527579297e-05,4.346581522578913e-05
748149995.1792458,-0.06955212701837614,-0.0222666944675176,-1.6732816907644166e-05,4.3363991664390616e-05
748150086.1584449,-0.06955261422123458,-0.022266832281322993,-1.6629072003976342e-05,4.3277307538822085e-05
748150116.2256448,-0.06955267778233508,-0.02226674137731331,-1.649732415730243e-05,4.338509413361405e-05
748150147.1568459,-0.06955273568618187,-0.022266198590411082,-1.635430158131168e-05,4.394524099553265e-05
748150207.2048459,-0.06955300583586935,-0.02226669448991507,-1.62343697963363e-05,4.348302063413023e-05
750570779.1503639,-0.08258296035346561,-0.022255846472316113,-6.848607085217784e-05,-3.997058940559406e-05
750570849.2207639,-0.08258315553891923,-0.02225624275039044,-6.833984755888478e-05,-4.033086764081151e-05
750570919.2047639,-0.08258330313865213,-0.02225592537979812,-6.814641597725768e-05,-3.997751142356676e-05
750570990.2255628,-0.08258398945833298,-0.022256030048764038,-6.848660770647497e-05,-4.004563077370654e-05
750571061.1599629,-0.08258409566223221,-0.022256110896881863,-6.824706031766103e-05,-4.008994265704974e-05
750571131.1439629,-0.08258475229082803,-0.022255689620574125,-6.856252676407104e-05,-3.963258915607934e-05
750571202.1647638,-0.08258506366708114,-0.022255787392110846,-6.852764275960821e-05,-3.96937180287861e-05
750571272.1487628,-0.08258514801055106,-0.022256384784210537,-6.827073782167403e-05,-4.025497181413609e-05
750571695.1631628,-0.08258751657473971,-0.022255841250651946,-6.857574385621401e-05,-3.9492353691720355e-05
750571766.1839639,-0.08258759710649731,-0.02225619202765508,-6.830967025175938e-05,-3.9806238624789936e-05
750571907.1887639,-0.08258836763940061,-0.022255869398538557,-6.839192586582943e-05,-3.941027028446162e-05
750571977.1727629,-0.08258897203223052,-0.02225600421216437,-6.8654648314459e-05,-3.950863759319759e-05
750572048.1935629,-0.08258905249891332,-0.022255842644028828,-6.838834087116719e-05,-3.9310051716784367e-05
750572118.1775628,-0.08258938711860205,-0.02225603072645556,-6.838120763981437e-05,-3.946162574942902e-05
750572330.203164,-0.08259085516032355,-0.02225624106835365,-6.881361656314866e-05,-3.95611721480775e-05
750738296.2223719,-0.08339549943987822,-0.02224913450626952,2.435618504945114e-05,6.13185048995539e-05
750738336.225573,-0.0833956860667738,-0.02224929150666469,2.4397096013317743e-05,6.116428929167292e-05
750738418.2191719,-0.083396091238587,-0.02224922195587388,2.4458287492923336e-05,6.123949623647318e-05
750738458.2223719,-0.08339615983115696,-0.02224919757902304,2.4617217492250987e-05,6.12666073938721e-05
750738499.175972,-0.08339632072501335,-0.02224911216307602,2.468924643779513e-05,6.135480548496303e-05
750738539.1791719,-0.08339667373764725,-0.02224912326923484,2.4563746036349032e-05,6.134640019034299e-05
750738580.219173,-0.08339686303969236,-0.02224923157357554,2.4607847508170688e-05,6.124084955934708e-05
750738620.2223729,-0.08339688543196774,-0.022249100401870597,2.4812956963507493e-05,6.137468869567633e-05
750738661.1759729,-0.08339729769525413,-0.022249138709913026,2.4633594987985563e-05,6.133909437982393e-05
750738701.1791719,-0.08339736079593373,-0.022249174811361565,2.4797985388569366e-05,6.130562701112813e-05
750738742.2191719,-0.08339758774877405,-0.022249150628462007,2.4804414205395475e-05,6.13324951516045e-05
750738782.2223719,-0.08339770361720542,-0.022249016013298307,2.491602604912102e-05,6.146971105337393e-05
750738823.175972,-0.08339801912060174,-0.022249196520545217,2.4833401839202685e-05,6.129184930228626e-05
750738904.219173,-0.08339838950061326,-0.02224900995981737,2.492385032208666e-05,6.14835944674555e-05
750738944.2223729,-0.08339858251109884,-0.022249090249914505,2.4958298035324122e-05,6.140583859803872e-05
750738985.1759729,-0.08339873951264744,-0.02224923364938849,2.50341529144521e-05,6.12650165760821e-05
750739025.1791719,-0.08339892763981521,-0.022249284358109727,2.50734726757601e-05,6.121680891376172e-05
750739106.2223719,-0.08339930539444046,-0.02224927948386312,2.5156489597735754e-05,6.122669992848079e-05
750739147.1759721,-0.08339968821623717,-0.022249103389847695,2.5006500835617063e-05,6.140530354065837e-05
750739187.179172,-0.08339965666589953,-0.022249085339120983,2.526547510174615e-05,6.142578909215657e-05
750739228.2191731,-0.08339984568478323,-0.022249119815828076,2.5309768506037722e-05,6.139379334827583e-05
750739268.222373,-0.08340015855528879,-0.022249111304179805,2.5224310186727772e-05,6.140470675600543e-05
750739309.1759721,-0.083400397482906,-0.02224922456149605,2.5218191568338044e-05,6.129389137064095e-05
750739349.179173,-0.08340061687725993,-0.022249219493303173,2.5226197520947236e-05,6.130132833935889e-05
750739390.2191731,-0.0834008423720828,-0.022249063887144913,2.5233990581408072e-05,6.145934774766382e-05
750739430.222372,-0.08340091880626735,-0.02224909422327562,2.5384944639175733e-05,6.143134742050624e-05
750739471.1759721,-0.08340113745047052,-0.022249142300933146,2.5399084774002656e-05,6.138564421872411e-05
750739512.215973,-0.08340147107138526,-0.022249071995465424,2.529873295177565e-05,6.14583120702901e-05
750739552.2191731,-0.08340157403101936,-0.022249053887122405,2.54231431281865e-05,6.147870667071523e-05
750739593.172772,-0.08340179666681384,-0.022249147778182553,2.543327266961437e-05,6.138713937907728e-05
750739674.215973,-0.08340229353129792,-0.022249107248074405,2.53970091396577e-05,6.143221793129122e-05
750739714.219172,-0.08340235043222334,-0.02224901925869729,2.5567452988900508e-05,6.152242793764154e-05
750739755.172772,-0.08340269781135329,-0.022249053929398063,2.5452813417203846e-05,6.149001386641928e-05
750739795.175973,-0.0834027044781085,-0.022249051046736072,2.5673478706453312e-05,6.149508443160229e-05
750739836.215973,-0.08340302908254034,-0.022248868432685504,2.558209168523895e-05,6.1679926304542e-05
750739876.219172,-0.08340296251425501,-0.02224917188810628,2.5875979092204737e-05,6.137862607312472e-05
750739917.172773,-0.0834033103603913,-0.022249079585316908,2.576084609763607e-05,6.147311854582185e-05
750739957.175973,-0.08340347820413507,-0.022249065114401063,2.582030842827876e-05,6.14897120193511e-05
750739998.2159721,-0.08340378426629651,-0.022249022571628467,2.5747436874390406e-05,6.153441562368328e-05
750740038.219172,-0.0834038885423559,-0.022249098972751333,2.58704536653942e-05,6.146010443948413e-05
750740079.172773,-0.08340410690340742,-0.022249073222779008,2.5884778694945654e-05,6.148797734275083e-05
750740119.175973,-0.08340432408959815,-0.022248989877177293,2.5894871990089774e-05,6.157338034627063e-05
750740160.2159721,-0.08340454672537675,-0.022249083768257905,2.5905399381229155e-05,6.148158330149256e-05
750740200.2191731,-0.083404737527683,-0.022249085780957044,2.594186303066237e-05,6.148159548017423e-05
750740241.172773,-0.08340504908173571,-0.02224898275990488,2.5862967353407207e-05,6.15866729051888e-05
750740281.175973,-0.08340526894309017,-0.02224885071825106,2.58703582720482e-05,6.172070699500196e-05
750740322.2159721,-0.08340543453636795,-0.022248995684883078,2.5937900085593046e-05,6.157776779831467e-05
750740362.219172,-0.08340552904579834,-0.02224901292325512,2.6070629079666396e-05,6.156248943398404e-05
750740403.172773,-0.08340575332344553,-0.022249037436479595,2.6078981475094465e-05,6.153996621988816e-05
750740443.1759721,-0.08340593670883846,-0.022249095477693315,2.6122820512494704e-05,6.148385266775344e-05
750740484.215973,-0.08340626647970836,-0.022249016272710354,2.6026156025690805e-05,6.156501868160788e-05
750740524.2191731,-0.08340640648156658,-0.022248955736825515,2.611336444281742e-05,6.162744989545235e-05
750740565.172773,-0.0834065498664261,-0.022249031074010064,2.6202580641315754e-05,6.155403655487557e-05
750740606.212772,-0.08340663075921005,-0.022248980250056782,2.6354772179229546e-05,6.160677166205941e-05
750740646.2159721,-0.08340685086137581,-0.022249159751039093,2.6361858677603767e-05,6.14291174280586e-05
750740727.172772,-0.08340721739133888,-0.022248964290857855,2.6455081655107904e-05,6.162826632596236e-05
750740768.2127731,-0.08340753232838224,-0.022248997142901777,2.6373199102272538e-05,6.159725937767216e-05
750740808.215973,-0.08340762312935328,-0.022249042395533335,2.650955754945894e-05,6.155378915278023e-05
750740849.169572,-0.08340795717493701,-0.022249082831618458,2.6408060673513423e-05,6.151516139314694e-05
750740889.172772,-0.08340814473579981,-0.02224898588509758,2.6447644380700464e-05,6.161385823946416e-05
750740970.215973,-0.08340852709054451,-0.02224893676469996,2.6525443190608677e-05,6.166647613093518e-05
750741011.1695731,-0.08340871817596941,-0.0222490126050757,2.6566875739902907e-05,6.159237845806617e-05
750741051.172772,-0.08340900127954246,-0.022248953578749307,2.6510886548231083e-05,6.165309105869016e-05
750741132.2159731,-0.08340921400710975,-0.022248951393282687,2.6758250916011916e-05,6.165864440328683e-05
750741173.1695721,-0.08340944865995145,-0.022248945009622864,2.6756084663043245e-05,6.166670534209218e-05
750741213.1727722,-0.08340975810507933,-0.02224903833998184,2.6673723115253067e-05,6.157499740020583e-05
750741254.2127732,-0.08340992256581192,-0.022248887996037046,2.674222349791089e-05,6.172698945642457e-05
750741294.2159731,-0.08341023097764873,-0.022248960644595427,2.6660879594131437e-05,6.165593144285067e-05
750741335.1695721,-0.08341017571859925,-0.022248979256090883,2.6948593213282912e-05,6.163893200188467e-05
750741376.2095722,-0.08341056488165137,-0.02224896416688533,2.67923669258624e-05,6.165562015352302e-05
750741416.2127732,-0.08341069244171681,-0.02224889316432348,2.6891850951879515e-05,6.172816537381928e-05
750741457.1663722,-0.0834107559670655,-0.022249040007274384,2.7060755638227962e-05,6.158288549081362e-05
750741497.1695721,-0.08341093165239499,-0.022249080249373037,2.7112098373346938e-05,6.154415433442043e-05
750741538.2095731,-0.08341121949770293,-0.022249013890622442,2.7057156945994865e-05,6.161204692007455e-05
750741578.2127732,-0.08341148452601334,-0.02224896796208682,2.7019140506734374e-05,6.165945469709111e-05
750741659.1695721,-0.0834117239205907,-0.022248954245998896,2.723913836230607e-05,6.167611660216205e-05
750741700.2095731,-0.08341203026584075,-0.022248985530964882,2.7165663462780376e-05,6.164630056160192e-05
750741740.2127721,-0.0834121517677485,-0.02224882735140034,2.7271140581056064e-05,6.180589614633233e-05
750741781.1663722,-0.08341246313786636,-0.022248925131574542,2.7192133585554612e-05,6.170954949365551e-05
750741821.1695732,-0.08341261807276443,-0.022249027167506295,2.7264161080467475e-05,6.160889806219524e-05
750741862.2095731,-0.08341280830879168,-0.022248881524960084,2.730676122755793e-05,6.175594482514882e-05
750741902.2127721,-0.0834129477020436,-0.02224891104877665,2.7394313538695036e-05,6.17277740045212e-05
750741943.1663722,-0.08341323151341343,-0.022249036591615846,2.734283087381384e-05,6.160360021553041e-05
750741983.1695732,-0.08341337137369871,-0.022248939141942065,2.7429899206912745e-05,6.170237146349566e-05
750742024.2095722,-0.08341362086035742,-0.0222488207013097,2.7413213907270806e-05,6.182215180642464e-05
750742064.2127721,-0.08341397786446235,-0.02224887762107778,2.7283121284540912e-05,6.176652220698381e-05
750742105.1663731,-0.08341402631519389,-0.02224882497842426,2.746696420768968e-05,6.182046964101073e-05
750742145.1695732,-0.08341419016732568,-0.022248764694174528,2.7530006291201503e-05,6.188201273643612e-05
750742186.2095722,-0.08341444360320906,-0.022248929781913968,2.7509336317732558e-05,6.171820040366469e-05
750742227.1631732,-0.08341455825444646,-0.02224897528616205,2.7626951914980213e-05,6.167395267069747e-05
750742267.1663731,-0.08341477544061475,-0.022248891940641672,2.7636633646452302e-05,6.175850992823015e-05
750742308.2063721,-0.0834150626773075,-0.022248915641598015,2.7582135746564984e-05,6.173603608762915e-05
753240529.2147074,-0.09270155853590208,-0.022062111881293974,-7.088245662201231e-06,4.916975207220134e-05
753240590.2131084,-0.09270179623751058,-0.022062167622489092,-7.1210584874914495e-06,4.913380742615006e-05
753240650.1747074,-0.09270198714148124,-0.02206220661302132,-7.110558130865585e-06,4.911424873583689e-05
753240711.1731083,-0.09270201662492972,-0.022062183310925253,-6.935156836918033e-06,4.9157289992430436e-05
753240771.2211074,-0.09270232801296083,-0.022062043486685598,-7.0448545739926205e-06,4.931651761787281e-05
753240831.1827084,-0.09270229302646071,-0.022062127263341474,-6.8084702694315435e-06,4.925208851710994e-05
753240892.1811074,-0.09270232778900804,-0.022062244281604068,-6.638355121699191e-06,4.9154723758451646e-05
753240952.1427084,-0.09270263765575411,-0.022062210745282546,-6.7468290800704045e-06,4.920755145491548e-05
753241013.1411084,-0.09270260700914826,-0.022062176453114105,-6.511310145562721e-06,4.926144003540578e-05
753241073.1891075,-0.09270298098771612,-0.022062199720223753,-6.683611290525526e-06,4.925743593361259e-05
753241134.1875085,-0.09270301776384363,-0.022062083481135687,-6.515520991956514e-06,4.939321442066699e-05
753241194.1491075,-0.09270329837109899,-0.02206187245199834,-6.594747073151996e-06,4.9623422883473406e-05
753241255.1475075,-0.09270341675178814,-0.022062164602240936,-6.508267772500909e-06,4.935075518578899e-05
753241315.1955075,-0.09270368008923731,-0.022062188140744916,-6.569940466605306e-06,4.934636771479137e-05
753241375.1571085,-0.0927036196908429,-0.022062103325188837,-6.3081709393147944e-06,4.945027909756747e-05
753241436.1555085,-0.09270374312769167,-0.02206194964225278,-6.226758417687828e-06,4.9623359724634136e-05
753241496.2035085,-0.09270390199793406,-0.02206209754128331,-6.183974749898735e-06,4.949452828338988e-05
753241557.2019075,-0.09270405415758701,-0.022061973700212584,-6.131292799985144e-06,4.963771044995055e-05
753241617.1635085,-0.09270426300220677,-0.022061962686826513,-6.138781546011218e-06,4.9667708435913865e-05
753241677.2115077,-0.09270442428854787,-0.022061988066729838,-6.098425993542045e-06,4.966131294241102e-05
753241738.2099086,-0.09270469299487778,-0.022061914217944553,-6.162303314932727e-06,4.975441841816031e-05
753241798.1715076,-0.09270475580937193,-0.022061876514372945,-6.023774718103003e-06,4.9811023705961105e-05
753241859.1699076,-0.09270493481240424,-0.02206205268526233,-5.9979578263813504e-06,4.965405325159378e-05
753241919.2179086,-0.09270507493696312,-0.02206202911179275,-5.936458371186282e-06,4.969650033518139e-05
753241986.1779076,-0.09270525058470269,-0.02206206941263333,-5.887279204433438e-06,4.9677213277535964e-05
753242046.1395077,-0.09270543352512703,-0.022062016776482552,-5.868895926491868e-06,4.9748638030765874e-05
753242106.1875076,-0.0927053873539712,-0.02206190996911487,-5.621116004689286e-06,4.9874233737333407e-05
753242167.1859087,-0.09270569198598574,-0.02206201073286959,-5.720953602753043e-06,4.979252771200593e-05
753242227.1475087,-0.09270575609779978,-0.022062067536304443,-5.583757247379362e-06,4.975443062451429e-05
753242288.1459087,-0.09270599966058043,-0.022061898920802146,-5.622536568994363e-06,4.994204802775265e-05
753242348.1939077,-0.09270612851068599,-0.022061922470976374,-5.549799485748963e-06,4.993717623636568e-05
753242408.1555077,-0.0927061390244909,-0.022061928491295107,-5.359021814324572e-06,4.99497802750222e-05
753242469.1539087,-0.09270638298977735,-0.022061870614016512,-5.398221013211413e-06,5.002657613764963e-05
755832426.2265934,-0.09470136005516949,-0.021768920203510664,3.548052118218514e-05,6.060185192298395e-05
755832496.2105935,-0.09470137451865289,-0.02176869741897994,3.5454217904754004e-05,6.081360093121088e-05
755832567.1449944,-0.09470092042728506,-0.02176867176688945,3.589625757494108e-05,6.082802683283345e-05
755832637.2153945,-0.09470093014808992,-0.021768456312550668,3.587458116903475e-05,6.103235145580102e-05
755832708.1497946,-0.09470098874828543,-0.02176857359461927,3.5803826458569166e-05,6.09037617401581e-05
755832778.2201946,-0.09470091223380347,-0.02176878093393589,3.5868283431411685e-05,6.068521236887725e-05
755832849.1545945,-0.09470082580913473,-0.02176861757680592,3.594245007433605e-05,6.0837180650759326e-05
755832919.2249936,-0.09470102966963789,-0.021768814704121845,3.572642947081983e-05,6.0628763195121754e-05
755833131.1641947,-0.09470075980778153,-0.021768830937243456,3.595919861619501e-05,6.057813982730462e-05
755833201.1481937,-0.09470090122112408,-0.021768901881614188,3.5805433237862117e-05,6.049576004662008e-05
755833272.1689937,-0.09470069901999395,-0.021768635379584265,3.599504640532103e-05,6.075061701851445e-05
755833623.2121938,-0.09470018506521143,-0.021768672557883288,3.6445992143682715e-05,6.065528617249169e-05
755833693.1961938,-0.09470022469469186,-0.021768819160724505,3.639364312005289e-05,6.049697251762215e-05
755833764.2169948,-0.09470012159027888,-0.021768525693433016,3.6483785445504124e-05,6.0778515707182734e-05
755833834.200995,-0.09469987494226623,-0.02176863224439471,3.671760711861094e-05,6.0660175566301655e-05
755833905.221795,-0.09469983700082939,-0.021768690885943614,3.674247775820039e-05,6.0589530514316287e-05
755833975.2057949,-0.09470000505015531,-0.02176847569218164,3.656149464455194e-05,6.079285697714598e-05
755834116.2105939,-0.09469983789654234,-0.021768674654874656,3.6702426207513295e-05,6.0569866453960564e-05
755834187.144994,-0.09469979276072366,-0.02176858852587272,3.67342880373267e-05,6.064384871361933e-05
755834257.215394,-0.09469987278334477,-0.02176882858790908,3.6641098591333465e-05,6.039174905191763e-05
755834328.149795,-0.09469968159488296,-0.021768441138206442,3.681890252414666e-05,6.0766973448676126e-05
755834398.220194,-0.09469963764755746,-0.021768687222395177,3.6849573512021117e-05,6.050877414924896e-05
755834469.154595,-0.0946994435365129,-0.02176854925985497,3.7030188842032685e-05,6.06344330651154e-05
755834539.2249942,-0.09469964650131299,-0.021768762618230568,3.6813837556173845e-05,6.0408882334613e-05
755834610.1593951,-0.09469968381114689,-0.021768794032903608,3.6762920181607206e-05,6.0365085961907455e-05
755834680.1433941,-0.09469928713146719,-0.02176855344971866,3.714611927346789e-05,6.0593414939871804e-05
755919504.2074219,-0.09461305158280099,-0.021758596761207213,6.768860256463338e-05,2.826875965562803e-05
755919575.1418209,-0.09461278696247936,-0.021758478696198128,6.787856252743474e-05,2.8328915705973928e-05
755919645.2122219,-0.09461281027952725,-0.021758331307362523,6.77814179235181e-05,2.8419085846019543e-05
755919715.196221,-0.09461270567640108,-0.021758418746859687,6.781220843589397e-05,2.827448334208338e-05
755919786.217021,-0.09461272988914031,-0.02175825512694472,6.771301169149202e-05,2.8380078299101302e-05
755919856.201021,-0.09461284556297275,-0.021758595978112635,6.752337165392974e-05,2.7982034479016177e-05
755919927.221821,-0.09461250234364281,-0.02175836927053054,6.779145086138749e-05,2.8150687214626574e-05
755919997.2058209,-0.09461242248170666,-0.021758440740477187,6.779719250739336e-05,2.8021995355880652e-05
755920068.226622,-0.09461214748033478,-0.02175835356697882,6.799689713878065e-05,2.8051084508914914e-05
755920138.2106221,-0.0946123733956666,-0.021758583417353556,6.769670694167784e-05,2.7763983345845816e-05
755920209.145022,-0.09461231877427115,-0.02175851194889719,6.767596632713258e-05,2.7777409054713376e-05
755920279.2154211,-0.09461224146729202,-0.02175849781301711,6.767875154017888e-05,2.77341949475908e-05
755920350.149821,-0.09461214339822373,-0.021758545460146286,6.770130118766149e-05,2.762847638364263e-05
755920420.2202221,-0.09461186916042708,-0.02175840514298094,6.790086148264485e-05,2.7711415413189666e-05
755920491.1546222,-0.09461195131309498,-0.021758174242022293,6.774303149779948e-05,2.788421663548271e-05
755920561.2250222,-0.09461174903723941,-0.02175842006642674,6.787047364190113e-05,2.75809863292259e-05
755920632.1594222,-0.09461178761012054,-0.021758271368462707,6.775606506717602e-05,2.767155663967874e-05
755920773.1642212,-0.09461173657148428,-0.02175813497569142,6.765611876320687e-05,2.769236093417768e-05
755920843.1482214,-0.09461166340482194,-0.02175847818507719,6.76542305876604e-05,2.729176210742798e-05
755920913.2186214,-0.09461139006271099,-0.021758321636837698,6.785234698221398e-05,2.7390836780348538e-05
755920984.1530213,-0.09461145725287512,-0.02175844048940221,6.770892369770132e-05,2.7213788539558192e-05
755921054.2234213,-0.09461124261427,-0.021758163516450244,6.784817874362636e-05,2.743326147677458e-05
755921125.1578224,-0.09461145598995108,-0.021758620601924208,6.755840992071771e-05,2.6917953740688422e-05
755921195.1418223,-0.0946111927646551,-0.02175835933699972,6.774618655375209e-05,2.7121763515870062e-05
755921266.1626225,-0.09461124801751628,-0.021758340749192535,6.761428687690474e-05,2.7082031913976123e-05
755921336.1466215,-0.09461107264146514,-0.021758374260449107,6.771405571218136e-05,2.6991039838410863e-05
755921407.1674224,-0.09461101404096497,-0.021758256978538042,6.769584826576969e-05,2.7049976476862386e-05
755921477.1514214,-0.09461101659592097,-0.021758171372709644,6.761752709374957e-05,2.7078076185838712e-05
755921548.1722214,-0.09461087083584997,-0.021758218496792305,6.768631763932886e-05,2.6972581343619184e-05
783396025.1760828,-0.04855473574656137,-0.023061383424281105,4.705542043585004e-05,-1.4181353099499555e-05
783396066.2160838,-0.04855499462823884,-0.023061213141174642,4.6943353882909766e-05,-1.4046412302338301e-05
783396106.2192827,-0.04855508453449314,-0.02306147536673391,4.699654195076952e-05,-1.4343084880619889e-05
783396146.2224828,-0.04855540230936461,-0.023061459217843406,4.682184974964809e-05,-1.4361380590622447e-05
783396187.1760838,-0.04855579705577206,-0.023061584086866073,4.657357328921585e-05,-1.4521510025435058e-05
783396227.1792837,-0.048555732377688024,-0.023061416607513128,4.678131038203526e-05,-1.4388470314517093e-05
783396268.2192838,-0.04855596715340163,-0.023061409999114078,4.669328928262606e-05,-1.441719158376889e-05
783396308.2224828,-0.04855606766753855,-0.023061477411316086,4.673581036609281e-05,-1.4519038380508137e-05
783396349.1760828,-0.0485562205708176,-0.0230613002054211,4.6729328356198696e-05,-1.4377082569707461e-05
783396429.182483,-0.04855639371895185,-0.023061388986958187,4.684219112835453e-05,-1.4534720488280223e-05
783396470.2224839,-0.04855666095506974,-0.023061384166470505,4.6721648491170054e-05,-1.4565216500988382e-05
783396510.2256839,-0.04855681578664526,-0.02306121140895716,4.670979242488854e-05,-1.4426880644059087e-05
783396551.1792839,-0.048556981381907116,-0.023061319314250536,4.669055717235193e-05,-1.4570022668743826e-05
783396591.182483,-0.04855735122076971,-0.02306142327162215,4.646366971122057e-05,-1.4708396365258752e-05
783396632.2224829,-0.04855742441812568,-0.023061354571967296,4.6537116348346896e-05,-1.4675002266661269e-05
783396672.1392839,-0.048557528225491434,-0.023061520949922747,4.657592747697725e-05,-1.4875716810795747e-05
783396713.1792829,-0.048557653248632135,-0.023061297701164187,4.659752344493562e-05,-1.4687768011192176e-05
783396753.182483,-0.04855809933534757,-0.023061595828173107,4.6294339604111e-05,-1.5020300429966632e-05
783396794.2224839,-0.04855814505561205,-0.023061354099386977,4.639521344634162e-05,-1.4813865916674107e-05
783396834.2256839,-0.048558519635050694,-0.02306145071907983,4.6163512455628386e-05,-1.4944885433850613e-05
783396875.1792829,-0.04855841349634581,-0.023061406879006274,4.6415911596812964e-05,-1.4936259569841431e-05
783396915.182483,-0.04855853249186496,-0.02306133418864798,4.6439770026406035e-05,-1.4897963372843132e-05
783396956.2224829,-0.0485587924957352,-0.023061422326469877,4.6326309963991286e-05,-1.5021383841545832e-05
783396996.1392839,-0.0485586604051905,-0.023061336891906283,4.6600921362847936e-05,-1.4970263417925928e-05
783397036.142484,-0.048559052018661626,-0.023061399712475544,4.6352125051267457e-05,-1.506746953248636e-05
783397077.182483,-0.048559272975663904,-0.02306128813088942,4.627767403488081e-05,-1.4991161689178328e-05
783397118.2224839,-0.048559422178139994,-0.023061577504406825,4.62749646686772e-05,-1.5315805886959716e-05
783397158.2256829,-0.048559708216264194,-0.023061506415915343,4.613170634566732e-05,-1.5279094055440506e-05
783397199.1792829,-0.048560061424122364,-0.023061517186170364,4.592465773863713e-05,-1.5325054637114338e-05
783397239.1824839,-0.0485598767062237,-0.02306140171434297,4.6252130550816783e-05,-1.5243953475810312e-05
783397279.1856829,-0.04856031170861266,-0.023061345344021093,4.595987073029162e-05,-1.5221950824644004e-05
783397320.1392839,-0.048560330267895635,-0.023061442979536974,4.6087432509146764e-05,-1.5354767401255798e-05
783397360.1424841,-0.048560608432520865,-0.023061317180259142,4.5951985414259544e-05,-1.5263329674806286e-05
783397401.1824831,-0.0485606175930593,-0.023061228670341032,4.608922844685087e-05,-1.5210068712228492e-05
783397442.222483,-0.04856091062068794,-0.023061228527093986,4.594259130411005e-05,-1.5245171183970313e-05
783397482.225683,-0.048560976585801656,-0.02306125278574193,4.60193057687866e-05,-1.530378199591717e-05
783397523.179284,-0.04856099121060065,-0.023061103786418912,4.6150737414499265e-05,-1.5189947750637173e-05
783397563.1824831,-0.048561400980290687,-0.02306139122878477,4.588362200935725e-05,-1.55117359500051e-05
783397603.1856841,-0.04856145738634654,-0.023061192424727768,4.59698577118528e-05,-1.5347274569928182e-05
783398423.2080841,-0.04856469619896213,-0.023061025615389686,4.565224544060553e-05,-1.5883723330046423e-05
783399354.1680833,-0.048568657412253614,-0.023061264423822992,4.5000771650115234e-05,-1.691908909233833e-05
783400286.1648843,-0.04857258231290279,-0.02306105398901139,4.438191414409681e-05,-1.7503889187996113e-05
783400596.1680844,-0.04857371071367393,-0.023061098772655306,4.435148935536676e-05,-1.7812651504609672e-05
783401218.1616845,-0.04857623997730918,-0.023060848374892803,4.4022607645778644e-05,-1.809104135313752e-05
783476576.1552933,-0.04888199628404113,-0.023055497598742345,-1.6195666472831882e-05,-5.8553542584636326e-05
783476636.2032944,-0.048881948961197685,-0.023055370154597365,-1.5951091018921726e-05,-5.84481222273385e-05
783476697.2016944,-0.04888198985838087,-0.023055336584599167,-1.579159577762973e-05,-5.843689773192204e-05
783476757.1632934,-0.04888265457275411,-0.023055207113440637,-1.625930637602635e-05,-5.8329365833578034e-05
783476818.1616944,-0.04888304047673497,-0.023055494329233584,-1.644478247458253e-05,-5.863887330591691e-05
783476878.2096934,-0.048883133360128096,-0.02305534312783777,-1.634034343609564e-05,-5.850958968880646e-05
783476939.2080945,-0.048883528021447166,-0.023055668820005263,-1.6534541647288126e-05,-5.8857519489367155e-05
783476999.1696935,-0.048883508981897326,-0.02305546043271366,-1.6318429093983844e-05,-5.8670965240471135e-05
783477060.1680936,-0.048884091979105246,-0.023055635839461564,-1.670092825217795e-05,-5.8868555428571306e-05
783477120.2160935,-0.048884083945588366,-0.023055544211418703,-1.6495503475363882e-05,-5.879873843023589e-05
783477181.2144945,-0.04888438219315311,-0.023055647484155423,-1.6593218274921218e-05,-5.8924140190680374e-05
783477241.1760945,-0.04888464468752558,-0.023055650003080047,-1.665857142031657e-05,-5.8948385212448384e-05
783477301.2240945,-0.04888492092302364,-0.023055519757323468,-1.67373648448238e-05,-5.883987019019224e-05
783477362.2224945,-0.04888519185431861,-0.023055486918134978,-1.6807711954822113e-05,-5.882907830413037e-05
783477422.1840935,-0.04888544093376043,-0.023055257477694862,-1.6859599815739756e-05,-5.8621283491305104e-05
783477483.1824945,-0.04888559126198861,-0.02305536671412732,-1.6809309817664153e-05,-5.875251238228463e-05
783477543.1440945,-0.04888568864276114,-0.023055372078490993,-1.6709465676424673e-05,-5.8779468369112714e-05
783477604.1424935,-0.04888639923228808,-0.023055476354873476,-1.7219403209700612e-05,-5.8905682176806085e-05
783477664.1904935,-0.048886663898133814,-0.023055319418794355,-1.7286526826684745e-05,-5.877031454537898e-05
783477725.1888945,-0.04888655574874891,-0.02305547195031597,-1.6977691908462433e-05,-5.8944728232184634e-05
783477785.1504936,-0.048886971543854504,-0.02305560883689325,-1.7196196201420266e-05,-5.9103097827941514e-05
783477846.1488936,-0.048887302257450554,-0.02305527533923194,-1.7326191026130477e-05,-5.8791426920369594e-05
783477906.1968946,-0.04888730466634614,-0.02305539053935232,-1.7130992218415686e-05,-5.892808635440602e-05
783477967.1952937,-0.048887845561888826,-0.0230555419160761,-1.7471135995941744e-05,-5.9101234190655355e-05
783478027.1568947,-0.04888766783440701,-0.02305549738835316,-1.7096052846929388e-05,-5.9078080134996463e-05
783478088.1552947,-0.04888811231621091,-0.023055426345638466,-1.7339750179874713e-05,-5.902875274073349e-05
783478148.2032937,-0.04888839506035302,-0.023055256293397434,-1.7424822215714175e-05,-5.888004992726098e-05
783478209.2016937,-0.04888871403829646,-0.023055297746706258,-1.7542983234003495e-05,-5.894316253266321e-05
783478269.1632936,-0.04888891096551996,-0.023055587578967793,-1.7542491011574013e-05,-5.9254258356886136e-05
783478330.1616946,-0.048889061619946966,-0.02305533209136191,-1.7492296352041026e-05,-5.902037387162801e-05
783479079.1632948,-0.04889213900155959,-0.02305514012839686,-1.8102152714818964e-05,-5.90913457571389e-05
783479389.1664947,-0.04889335393231067,-0.02305511044161821,-1.829512312477577e-05,-5.916921012292381e-05
783479700.2064939,-0.04889467355347927,-0.02305523089896306,-1.8588980067686667e-05,-5.9396818609509794e-05
783480010.2096949,-0.0488957144589019,-0.023054690105500566,-1.860716547356922e-05,-5.8962055288349496e-05
783480321.1632938,-0.04889713266522698,-0.023054873527354726,-1.899915007699121e-05,-5.9251059554212004e-05
783480631.166494,-0.04889836390612785,-0.023054863193385088,-1.920695050534188e-05,-5.934520812363869e-05
783480942.206495,-0.048899653238451246,-0.023054822407722938,-1.94690729426808e-05,-5.940846775498096e-05
783481252.209695,-0.04890082019961808,-0.023054956166524622,-1.9611912918798824e-05,-5.964513415688405e-05
783481563.1632951,-0.04890234325645363,-0.02305532664987015,-2.010738266685491e-05,-6.01180405349136e-05
783481873.1664941,-0.048903604228228564,-0.023055129069560292,-2.0343593079931444e-05,-6.002176572748527e-05
783482594.1744952,-0.04890645993498002,-0.023054663280605382,-2.0814742025483668e-05,-5.9788448875476574e-05
783482905.2144952,-0.04890766273222684,-0.023054696972752822,-2.0988374616129346e-05,-5.992105377690404e-05
783483215.2176944,-0.04890882101308998,-0.02305502999324521,-2.1120650930690765e-05,-6.035182275859405e-05
783483526.1712943,-0.04890997536610426,-0.023054677820592253,-2.1245593111972327e-05,-6.009685427657216e-05
783484147.2144945,-0.048912563511499696,-0.023054581574613747,-2.17770372305387e-05,-6.019218857859429e-05
783485389.2144946,-0.048918127070368043,-0.023054770816403346,-2.322481514238639e-05,-6.075414232904405e-05
783568995.2113072,-0.04925103240693096,-0.023048591655962358,-6.72684516730207e-05,-4.379101927782722e-05
783569124.2065061,-0.04925134399035351,-0.023048689152400194,-6.708049465071336e-05,-4.383217076828899e-05
783569194.1905061,-0.04925176773971177,-0.023048679932263175,-6.723315929488272e-05,-4.37923390504448e-05
783569265.2113072,-0.04925183194311827,-0.023048298102455282,-6.702221312093054e-05,-4.337941342929391e-05
783569335.1953062,-0.04925181298078171,-0.023048327452888973,-6.673207006935994e-05,-4.3378091684632275e-05
783569406.2161062,-0.0492524694917912,-0.023048507999730346,-6.711333439123751e-05,-4.3527481134671836e-05
783569476.2001061,-0.0492526230350771,-0.023048478465130192,-6.699560157592821e-05,-4.346721359432468e-05
783569547.2209061,-0.04925312046178112,-0.023048511298128238,-6.721768511267628e-05,-4.3468827456205616e-05
783569617.2049061,-0.04925323053938225,-0.023048363215944268,-6.705639185278223e-05,-4.328995140655614e-05
783569758.2097063,-0.04925381224520103,-0.02304868184733973,-6.70911936588095e-05,-4.354644679856537e-05
783569829.1441072,-0.0492539927912211,-0.023048276032187693,-6.699654067535143e-05,-4.310932666947223e-05
783569899.2145063,-0.04925451937818873,-0.023048650246076084,-6.725123390802917e-05,-4.34525861992309e-05
783569970.1489073,-0.04925479987307044,-0.023048401913259724,-6.72564353196986e-05,-4.317288623621393e-05
783570040.2193073,-0.04925503898337657,-0.023048514956611525,-6.72235588843606e-05,-4.3254913734351585e-05
783570111.1537073,-0.04925519815132432,-0.02304846185000534,-6.710733953325942e-05,-4.317037764581602e-05
783570181.2241073,-0.04925557449482025,-0.023048526005981736,-6.721160391068293e-05,-4.3203456108760474e-05
783570252.1585072,-0.04925555851213824,-0.023048141929475515,-6.692014073011315e-05,-4.278788761685401e-05
783570323.1793072,-0.04925600138389414,-0.02304814027615591,-6.708714971384588e-05,-4.275467238927175e-05
783570393.1633062,-0.04925639066122538,-0.02304832563976258,-6.720454588670516e-05,-4.290890390992383e-05
783570464.1841073,-0.049256790303805816,-0.02304848009374972,-6.732823333169269e-05,-4.3031733157346264e-05
783570534.1681064,-0.04925707915202288,-0.023048397223391356,-6.734510969189783e-05,-4.2917668716332263e-05
783570605.1889074,-0.049257265642885954,-0.023048041670663044,-6.725555369570257e-05,-4.253042824980957e-05
783570675.1729074,-0.04925735996707173,-0.02304822272501373,-6.707781594893214e-05,-4.268022635623564e-05
783570746.1937064,-0.04925776973114883,-0.023048510172639765,-6.72114420849565e-05,-4.293592307858668e-05
783570816.1777064,-0.049258138925544696,-0.0230484664662087,-6.730848510152349e-05,-4.286089807667426e-05
783570887.1985074,-0.04925827535831484,-0.02304823299278116,-6.716868946809312e-05,-4.259561041122448e-05
783570957.1825074,-0.049258603732037706,-0.023048460593685895,-6.722482299056226e-05,-4.2791830253543356e-05
783571028.2033074,-0.04925907279886184,-0.02304833663192521,-6.741757159593742e-05,-4.2635990754186226e-05
783571098.1873064,-0.04925898546368108,-0.02304822652278712,-6.705790802299938e-05,-4.249443789757987e-05
783572874.1393067,-0.04926628770255325,-0.023048333567667823,-6.743523974866994e-05,-4.1793011706193345e-05
783573184.1425078,-0.04926763817597039,-0.023048086651116594,-6.757424062553419e-05,-4.140286565647994e-05
783573495.1825068,-0.04926906778400217,-0.023048259856654377,-6.778755574649714e-05,-4.143172459869851e-05
783573805.1857067,-0.04927019240111561,-0.023048094938803228,-6.769918136454584e-05,-4.1122301939873485e-05
783574426.1425068,-0.04927272405110622,-0.02304795977700001,-6.77989213997629e-05,-4.0695754141988755e-05
783574737.182508,-0.04927370741842827,-0.0230477979325491,-6.756305308543847e-05,-4.038697693267354e-05
783575047.185708,-0.04927517944781838,-0.023048069003055262,-6.781921010520081e-05,-4.0510951705687026e-05
783575668.1425071,-0.04927784093796139,-0.023047940995017852,-6.804317462958537e-05,-4.008632828602157e-05
783575979.1825072,-0.049278859821417886,-0.023047605249798653,-6.784008649187573e-05,-3.9601011359136074e-05
783913962.1585592,-0.05055463562386773,-0.023020510865609835,4.041699296067347e-05,-2.1642569755876695e-05
783914033.1793592,-0.05055458710051984,-0.023020325820498344,4.068009654281668e-05,-2.151749623208188e-05
783914103.1633582,-0.05055518285437295,-0.023020585536983107,4.02957565074219e-05,-2.1836294772759057e-05
783914173.1473583,-0.050555555174509874,-0.023020603888850463,4.0134816459029554e-05,-2.1913714658369082e-05
783914244.1681583,-0.050555391034941506,-0.023020389674465805,4.0513433057214054e-05,-2.1759428911985457e-05
783914314.1521583,-0.050555900181091365,-0.02302048612841122,4.021559864831464e-05,-2.1914922265650616e-05
783914385.1729583,-0.05055629740770674,-0.02302052539286144,4.003277944415046e-05,-2.2014086098882252e-05
783914455.1569582,-0.05055660553347096,-0.023020487014857118,3.993589656362678e-05,-2.2034718456711427e-05
783914525.1409583,-0.05055692964953032,-0.023020394155819395,3.982298902295567e-05,-2.2000855203024167e-05
783914596.1617584,-0.05055725624620945,-0.023020654233437417,3.9710694615884e-05,-2.232078760284334e-05
783914666.1457584,-0.05055723929809937,-0.023020487211881865,3.993878162295017e-05,-2.2212732132639856e-05
783914736.2161584,-0.0505572417177047,-0.02302016385486918,4.014772677139039e-05,-2.194839907301155e-05
783914807.1505594,-0.05055792344067694,-0.023020439165543447,3.967993917371876e-05,-2.2283446166868753e-05
783914877.2209584,-0.050558399894126305,-0.023020259176269594,3.9414780002605676e-05,-2.2162450455717048e-05
783914948.1553594,-0.050558368478528445,-0.023020278069810596,3.96600593757096e-05,-2.224104943064978e-05
783915018.2257583,-0.05055847268540423,-0.023020317465568478,3.9767075795400786e-05,-2.2339407924558408e-05
783915089.1601584,-0.050558864201064264,-0.023020581121650223,3.9589351791199934e-05,-2.2662738011151873e-05
783915159.1441584,-0.05055894310864048,-0.023020288033713938,3.9721335682495196e-05,-2.2428508891798177e-05
783915229.2145584,-0.05055927469161792,-0.023020376871163588,3.96008688375582e-05,-2.2576262134359204e-05
783915300.1489584,-0.050559824329152334,-0.02302056674232044,3.926491408447197e-05,-2.2825759441673366e-05
783915441.1537595,-0.050559933768062164,-0.023020270995177877,3.958012842956299e-05,-2.2648489789816456e-05
783915511.2241595,-0.05056000503653567,-0.023020197850416632,3.971983106603599e-05,-2.2634196545343044e-05
783915652.1425585,-0.050560816204641895,-0.023020168746926806,3.9332836222573386e-05,-2.272339989894956e-05
783915722.2129585,-0.05056121359086309,-0.023020244928515843,3.914631127965862e-05,-2.285838377036331e-05
783915793.1473595,-0.050561704818508024,-0.023020391415117775,3.886850752187615e-05,-2.3064380838627718e-05
783915863.2177585,-0.05056173703227641,-0.02302055710706902,3.90470809933513e-05,-2.328884162167491e-05
783915934.1521585,-0.05056188720832845,-0.023020190874382195,3.911025362008519e-05,-2.2982085316002043e-05
783916004.2225585,-0.0505620673381648,-0.023020350607753457,3.914083648373645e-05,-2.3200553631728266e-05
786417625.1575171,-0.056023583536696925,-0.022752586040078134,5.930476323102313e-05,5.05768657021316e-06
786417666.1975181,-0.056023494663566674,-0.02275278303837618,5.940630727238605e-05,4.823128992925002e-06
786417706.2007172,-0.05602363865454067,-0.02275253046661824,5.9274647070020614e-05,5.039089967347893e-06
786417746.2039173,-0.056023512996886154,-0.022752606024641162,5.9412615696280424e-05,4.926920812744345e-06
786417787.1575183,-0.05602359750298524,-0.022752727930292146,5.9340692517492744e-05,4.767533879460745e-06
786417827.1607172,-0.05602370805338497,-0.022752690616657932,5.924241294386762e-05,4.768235741615945e-06
786417868.2007183,-0.056023824957505346,-0.022752576581559276,5.9138077031090086e-05,4.844709867495023e-06
786417908.2039173,-0.05602384293664101,-0.022752764285640388,5.913232843363786e-05,4.620393454550509e-06
786417948.2071172,-0.0560237714526948,-0.022752562770345677,5.921602299514134e-05,4.785296170737446e-06
786417989.1607172,-0.056023750404848784,-0.022752550752254012,5.924955089353645e-05,4.759831604535247e-06
786418029.1639172,-0.05602379281525345,-0.022752648621722795,5.9219310710789674e-05,4.625349120466332e-06
786418070.2039182,-0.056023823914954404,-0.022752555898931805,5.920067587868866e-05,4.680509769615371e-06
786418110.2071172,-0.05602391284702596,-0.022752596634507148,5.912387349311238e-05,4.603160825046582e-06
786418150.2103174,-0.05602385074603736,-0.02275258126286016,5.9198084122864814e-05,4.5819189569244745e-06
786418191.1639173,-0.056023847205257805,-0.02275264619892151,5.921400145575406e-05,4.4794993841711095e-06
786418231.1671174,-0.05602403392134937,-0.022752565329919323,5.90393543656656e-05,4.5237546392115635e-06
786418272.2071173,-0.056023826885251,-0.022752581030171495,5.925875136216646e-05,4.47049160015936e-06
786418312.2103174,-0.05602386319770681,-0.022752591720517888,5.923446712600977e-05,4.42318735629707e-06
786418352.2135184,-0.05602392040065234,-0.022752577512313323,5.91892722344306e-05,4.400781618538879e-06
786418393.1671174,-0.05602407674487979,-0.022752536215444964,5.90452004332262e-05,4.404594643979409e-06
786418434.2071173,-0.05602397567585219,-0.022752558855496607,5.915854652501634e-05,4.344391664679731e-06
786418474.2103174,-0.05602403641957755,-0.022752479711230865,5.9109749205386863e-05,4.386921977884983e-06
786418514.2135173,-0.05602442549001959,-0.022752628212642453,5.873260490649179e-05,4.201806650398071e-06
786418555.1671175,-0.05602434057079624,-0.022752633290933272,5.882971259998232e-05,4.15924462524031e-06
786418595.1703174,-0.05602428513824056,-0.022752615031106836,5.889703021905862e-05,4.140890671001929e-06
786418636.2103175,-0.056024101176149574,-0.02275244638083275,5.9093164277664034e-05,4.271978311862212e-06
786418676.2135174,-0.05602416609007918,-0.022752449967076753,5.904009419090833e-05,4.231778504122652e-06
786418717.1671175,-0.056024297845680575,-0.022752461588178695,5.892044270491836e-05,4.182674111709306e-06
786418758.2071174,-0.05602439553128453,-0.022752540800831427,5.8834865297049954e-05,4.065899255629307e-06
786418798.2103175,-0.05602454182365538,-0.022752604244847176,5.870035453587469e-05,3.965842156204019e-06
786418839.1639185,-0.05602426377568261,-0.022752529179729582,5.899044283816379e-05,4.003424536883765e-06
786418879.1671184,-0.05602445361942539,-0.02275251035861201,5.881233928646534e-05,3.9856329913309785e-06
786418920.2071174,-0.05602438396481085,-0.022752514109157993,5.8894017067261106e-05,3.944321106199439e-06
786418960.2103175,-0.05602431118254473,-0.022752455811821313,5.897849796566296e-05,3.966006282021123e-06
786419000.2135175,-0.05602451395002207,-0.022752558198290987,5.8787408571694955e-05,3.827007929488313e-06
786419041.1671185,-0.056024457632271735,-0.022752556172479527,5.885566054319308e-05,3.791552336745302e-06
786419081.1703186,-0.05602459662678877,-0.0227524748381026,5.872830245194638e-05,3.83627545364959e-06
786419162.2135175,-0.05602461454698314,-0.022752424808311914,5.873389347564595e-05,3.8121348931406673e-06
786419203.1671185,-0.05602459229923111,-0.022752355190949678,5.876798991414495e-05,3.844272293353906e-06
786500481.2023417,-0.05606995713717917,-0.022742666628490536,3.6576538577290374e-06,-4.969491637738313e-05
786500522.1559407,-0.056070002616331605,-0.02274258881202449,3.6025120070393157e-06,-4.964193385224164e-05
786500562.1591417,-0.05607011749416058,-0.02274267114566408,3.478191956986232e-06,-4.974851303051961e-05
786500603.1991407,-0.056070069044733585,-0.022742723830888593,3.5169505539361934e-06,-4.9826059753670104e-05
786500643.2023408,-0.056070205068963506,-0.02274261736542568,3.371476504622495e-06,-4.9743815573734945e-05
786500683.2055408,-0.05607016104557368,-0.022742588880583486,3.406046291745679e-06,-4.973954001567457e-05
786500724.1591418,-0.05607018313593097,-0.022742621581325208,3.3742737903866282e-06,-4.979701276117826e-05
786500764.1623418,-0.056070170113722534,-0.02274270119094882,3.3778346743007504e-06,-4.9900807333722735e-05
786500805.2023408,-0.056070127132865556,-0.022742693388734345,3.411104989962943e-06,-4.991780436790216e-05
786500845.2055418,-0.05607023085747718,-0.022742622046754625,3.297911235315698e-06,-4.9870622905991147e-05
786500886.1591408,-0.056070233827752655,-0.022742647177995633,3.2852428172788772e-06,-4.99204761514431e-05
786500926.1623418,-0.056070347820372235,-0.022742745745649665,3.16177315719951e-06,-5.004317984664067e-05
786500966.1655418,-0.05607031144919745,-0.022742497321406385,3.1886633569955247e-06,-4.9818879523110676e-05
786501007.2055408,-0.05607033328365246,-0.022742693922723614,3.1570980884368383e-06,-5.004021738759523e-05
786501047.2087419,-0.056070311350619996,-0.022742698138623087,3.1695421082861275e-06,-5.006853259916996e-05
786501088.162341,-0.05607026966820035,-0.022742547118459622,3.2015059316728434e-06,-4.994217169012119e-05
786501128.1655419,-0.05607048978515103,-0.022742689542670422,2.9718918525406535e-06,-5.010867056007631e-05
786501168.168742,-0.056070440863745866,-0.022742631477972567,3.011312086458051e-06,-5.0074668313141585e-05
786501209.2087419,-0.056070460554384915,-0.022742548980178027,2.981869801743642e-06,-5.001684391370623e-05
786501249.211942,-0.056070384959258084,-0.02274250246816466,3.0479555016491022e-06,-4.99943695666423e-05
786501290.1655409,-0.05607040167962383,-0.022742394839128263,3.021495528096607e-06,-4.991133658454813e-05
786501330.168742,-0.0560704233567518,-0.02274255452380508,2.990300638362753e-06,-5.009503409930671e-05
786501370.171942,-0.05607054161808297,-0.022742535004752266,2.862517395500752e-06,-5.0099515588934024e-05
786501411.211942,-0.05607048065825527,-0.02274233949844776,2.913704187298971e-06,-4.992861907640936e-05
786501451.2151419,-0.05607054594554268,-0.022742654651902346,2.8388865141795727e-06,-5.026774811251605e-05
786501492.1687411,-0.05607055094213628,-0.022742483414541183,2.8241287447425267e-06,-5.0121043156350215e-05
786501532.1719421,-0.05607053327781587,-0.022742369543733373,2.832254126984568e-06,-5.003112292583864e-05
786501572.175142,-0.056070695149307744,-0.02274250549345817,2.6608394393390356e-06,-5.019101084583963e-05
786501613.215142,-0.056070700617879325,-0.022742445006018967,2.645575885223961e-06,-5.0155069144967174e-05
786501653.2183421,-0.05607056443632286,-0.02274251455483969,2.772205554377183e-06,-5.0248531024112836e-05
786501694.171941,-0.05607069821816152,-0.022742329807482836,2.628640416627026e-06,-5.008825197330702e-05
786501734.175142,-0.05607073927127725,-0.022742333161083855,2.578026644703413e-06,-5.01154934526675e-05
786501815.2183421,-0.056070755735737096,-0.0227423894326242,2.5421796786689876e-06,-5.0220121637477994e-05
786501856.1719421,-0.0560707188527551,-0.022742468809532436,2.5692612191305364e-06,-5.032391512336393e-05
786501896.1751412,-0.05607082997367899,-0.022742341428729454,2.4485618316388846e-06,-5.022037159853332e-05
786501937.2151421,-0.05607089775926192,-0.022742570963503815,2.370944905252803e-06,-5.047434843526849e-05
786501977.2183422,-0.05607074505449998,-0.02274234650692611,2.5140621644423322e-06,-5.027370371760154e-05
786502018.1719422,-0.05607085591951907,-0.022742383026698985,2.3933772069079096e-06,-5.033458805062466e-05
786502058.1751422,-0.05607082330524874,-0.022742344316900427,2.4163948590602558e-06,-5.0319664650473606e-05
786504918.187943,-0.056072618942178805,-0.022741772664760553,-7.836528868182535e-08,-5.141490437780144e-05
786505108.181543,-0.056072695894482424,-0.022741913692686563,-2.0276507717298387e-07,-5.16642321506805e-05
786588685.1479661,-0.056109676145902745,-0.02273171961357848,-5.781627809659656e-05,-5.4976765358514396e-05
786588755.2183671,-0.056109792007565586,-0.022731584896103434,-5.792848371085485e-05,-5.482965295860315e-05
786588826.1527661,-0.05610985802250635,-0.022731846898955622,-5.7990766841216346e-05,-5.5079064686203855e-05
786588896.2231661,-0.0561099810244927,-0.022731820043233923,-5.81100522985753e-05,-5.503972831443632e-05
786588967.1575671,-0.05610991251119141,-0.02273164365905655,-5.8037746233592646e-05,-5.485066612486919e-05
786589037.1415663,-0.05610985941978405,-0.022731502863804758,-5.7980883031077957e-05,-5.469731981266185e-05
786589108.1623672,-0.05610987130079888,-0.022731603388777985,-5.7988906200137635e-05,-5.4785064156445684e-05
786589179.1831672,-0.056109979667380114,-0.02273172552732763,-5.809338467885339e-05,-5.489437807606676e-05
786589249.1671672,-0.056110004669389896,-0.022731545625484247,-5.811452588414673e-05,-5.470179573070083e-05
786589320.1879672,-0.056109943925601834,-0.022731624769617667,-5.804983433158051e-05,-5.476802771921252e-05
786589390.1719662,-0.0561100208192057,-0.022731528063758586,-5.8122808607216636e-05,-5.465855501854758e-05
786589461.1927674,-0.05611010204017536,-0.02273155100504929,-5.820002269275176e-05,-5.466849644162469e-05
786589531.1767664,-0.056110059688534566,-0.02273169086935148,-5.815369373451951e-05,-5.4795507358568196e-05
786589602.1975664,-0.056110206079389255,-0.022731553496450316,-5.829601912697713e-05,-5.4645046660781876e-05
786589672.1815673,-0.05611008974583289,-0.022731577464006357,-5.81756507961953e-05,-5.46560740840793e-05
786589743.2023664,-0.05611023483814123,-0.022731583309046947,-5.831661960439133e-05,-5.464874319321272e-05
786589813.1863674,-0.056110298394886404,-0.022731492379517604,-5.837608464960564e-05,-5.454478658134532e-05
786589884.2071664,-0.056110226084678305,-0.022731544831956198,-5.829959344116897e-05,-5.458397474825821e-05
786589954.1911664,-0.05611018101881292,-0.022731495664445878,-5.825037947969347e-05,-5.45216930040171e-05
786590025.2119675,-0.05611029896551172,-0.022731402312226926,-5.836408821453115e-05,-5.441498796821334e-05
786590095.1959665,-0.05611029703777512,-0.022731397863611193,-5.8357956513689635e-05,-5.4397337766434045e-05
786590166.2167674,-0.05611049386437684,-0.02273144998799896,-5.855048872276808e-05,-5.4436020588785605e-05
786590237.1511676,-0.05611040894523196,-0.0227314550661153,-5.8461252240946115e-05,-5.442762879682289e-05
786590307.2215666,-0.05611033335017676,-0.022731408554031225,-5.838136492775786e-05,-5.436776696610829e-05
786590378.1559676,-0.05611056481747513,-0.02273130301965408,-5.860845932879888e-05,-5.4248673735809994e-05
786590519.1607666,-0.05611039383793402,-0.022731493310467945,-5.842870497892866e-05,-5.441187884377627e-05
786590589.1447666,-0.05611058665176549,-0.02273149962098499,-5.8617123273270455e-05,-5.440468019925551e-05
786590871.1543677,-0.05611070621160604,-0.022731336884104492,-5.871870222012854e-05,-5.418706230413475e-05
786591295.2055668,-0.05611091356210976,-0.022731395017560795,-5.889821974994908e-05,-5.416132754428732e-05
786591365.1895669,-0.056110805766159344,-0.022731182811717737,-5.878574011904114e-05,-5.3935124438547755e-05
786591768.1591679,-0.056110913503549506,-0.022731157283712458,-5.886602183648865e-05,-5.382813638434014e-05
