Seconds since J2000,RA ECLIPJ2000 [rad],DEC ECLIPJ2000 [rad],O-C RA ECLIPJ2000 [rad],O-C DEC ECLIPJ2000 [rad]
-106943437.75301701,-1.1207847608492485,0.00835149411453942,2.970853969497256e-07,-2.4632345579922443e-08
-106943287.41701604,-1.1207857564491395,0.008350990632548745,8.503950810201388e-08,-4.1636444158416053e-07
115011235.83076096,-0.8516520555133172,-9.755385578277465e-05,-9.467172790156297e-08,-2.51791226726141e-07
115011596.11876088,-0.8516540169946103,-9.70944810437836e-05,1.4973035200593898e-07,3.154777278268066e-07
115011775.83076085,-0.8516556044943996,-9.734695884150688e-05,-3.373992210065069e-07,1.163211510976284e-07
115014601.97475925,-0.8516726145867155,-9.8034993145796e-05,-3.943642823411864e-08,2.239506723009598e-07
179204604.15053803,-0.7785529906613007,-0.002461750728623405,9.510139920010374e-08,1.1279257569243167e-06
179204718.198537,-0.7785527863873539,-0.002462980883656462,7.636249721443278e-07,-1.687527677366428e-07
179207768.98253655,-0.778566064299628,-0.0024608076593816432,-1.5169138523063452e-07,2.502758847653698e-07
179208068.7905375,-0.7785667596281466,-0.002460694364529439,3.6187005270083006e-07,1.9396971174569233e-07
179208199.25453648,-0.778568459894832,-0.002460524365637166,-8.126833802579725e-07,2.903298953324182e-07
179208429.07853645,-0.7785686885249792,-0.0024605552279621545,-1.1573473435166903e-07,1.2999171608357382e-07
179208489.55853644,-0.7785690504975048,-0.0024605449026850923,-2.342428149226805e-07,1.0629675429750171e-07
179208669.2705374,-0.7785692170243744,-0.0024601382742255543,3.2239883840379235e-07,4.1196614428661016e-07
179209029.55853635,-0.7785716795926282,-0.0024605446769026262,-6.915717762900897e-07,-1.962503819730177e-07
179209148.79053634,-0.7785715176337517,-0.0024604932206137397,-5.057990026813286e-08,-2.1140639631543265e-07
179209209.27053732,-0.778571493585475,-0.002459942492193002,2.1638763181286436e-07,3.055667145415372e-07
179209268.88653633,-0.7785712363388774,-0.002459818985873612,7.130380055286878e-07,3.958221161349737e-07
179209329.3665373,-0.7785728988523375,-0.0024604725147123374,-7.066479561501637e-07,-2.9141698494996107e-07
179209388.9825363,-0.7785717222155726,-0.0024599733547289843,7.093020315540599e-07,1.7453660299199605e-07
179209458.1025363,-0.7785732937081826,-0.0024593864612230776,-5.84782342105683e-07,7.229577209566691e-07
179209579.06253627,-0.7785725603248201,-0.0024596129922400066,6.33919533421512e-07,4.29172072385995e-07
179209699.15853727,-0.7785742654612865,-0.0024596951996094405,-5.89549049356819e-07,2.802815908089021e-07
179210059.44653618,-0.7785751081393856,-0.0024588767531567644,1.1671837829574372e-08,8.992283169685818e-07
179210179.54253718,-0.7785755465225521,-0.002459350241441009,5.4218758815949286e-08,3.5942492065564255e-07
179210298.77453718,-0.7785766704947791,-0.0024592060304941673,-5.924667757506441e-07,4.3789003538550336e-07
179210768.7905371,-0.7785785567671979,-0.0024596382218022286,-5.990492278895587e-07,-2.525694131052733e-07
179210829.27053708,-0.7785787756580963,-0.0024591646783016143,-5.762761579042319e-07,1.8784672132544922e-07
179210888.88653708,-0.7785784754873947,-0.0024589022056293076,-3.794037650717286e-08,4.176890496497554e-07
179211139.446536,-0.7785798472671182,-0.0024590873839797343,-4.0924270494624437e-07,9.562806865945003e-08
179211489.36653697,-0.778580975508765,-0.0024577748020443487,-1.416394591613468e-07,1.2177540210604049e-06
209180772.21004492,-0.7310192067889185,-0.0036161573442943366,4.0860168626366544e-07,-6.767358504814781e-07
209181097.16044584,-0.7310209467494868,-0.003615391338082439,1.8432372039800526e-07,-5.1293759593517424e-08
209181335.1924448,-0.7310219693070947,-0.0036153666304533177,2.717668795559902e-07,-1.2919427423143878e-07
209182356.18124557,-0.7310267409567994,-0.0036150985760973323,2.585993038595191e-07,-2.977733012513896e-07
209182681.21804446,-0.731028311631306,-0.0036149477155386603,2.0187809024463377e-07,-2.847131103625618e-07
209183151.14764535,-0.7310303567455857,-0.0036148983049160218,3.4476528298910125e-07,-4.3348369494671316e-07
209183606.21644425,-0.7310323641668329,-0.0036145044290611405,4.5518775015906954e-07,-2.303270797998115e-07
209183965.20844418,-0.7310341128626848,-0.0036144488982304108,3.7651356032952776e-07,-3.244091520255253e-07
209184205.14124513,-0.7310349942368312,-0.003614215065535843,6.109530472642177e-07,-1.9015255216074667e-07
209184446.19724405,-0.7310364833533453,-0.003614039611541804,2.4258785313868714e-07,-1.1440062938758086e-07
209184685.179644,-0.7310376094004295,-0.003613879571046285,2.2736398763711918e-07,-5.286540269910586e-08
209184976.17484394,-0.7310388099786203,-0.0036139501957426433,3.789791032104972e-07,-2.429746515319152e-07
209185275.20524386,-0.7310401868718972,-0.0036131996120229103,3.911599054662318e-07,3.853557838163525e-07
209185516.17484382,-0.7310417662784126,-0.003613759226283153,-6.92230812671113e-08,-2.7237981969907565e-07
209186175.14764464,-0.7310445892750229,-0.0036136113305886225,1.6634047583785616e-07,-3.909910021799093e-07
209186366.17804462,-0.7310451742313865,-0.0036133713770262563,4.6758540372948687e-07,-2.2779040379818094e-07
209186605.16044456,-0.7310465002324232,-0.0036131467325858533,2.4994798919486527e-07,-9.884184727897843e-08
209186905.1412445,-0.7310478113273637,-0.0036128759556520135,3.296554790255257e-07,5.232648265076148e-08
209187265.1700434,-0.7310495082766957,-0.003612888101143342,3.0121823035855755e-07,-1.0260872317438552e-07
209188586.22604308,-0.7310562873418237,-0.0036122262226845384,-3.622615054599265e-07,4.260186425375859e-08
209188825.208444,-0.7310567617803105,-0.0036123276755006878,2.68462528874025e-07,-1.5107084939177534e-07
209189065.14124295,-0.7310580070747721,-0.0036125367059325606,1.323564352562201e-07,-4.5229607040101275e-07
209189365.2084429,-0.7310592217061429,-0.003612195202605438,3.043822643933325e-07,-2.2553703157152105e-07
209189486.16844288,-0.7310599399657632,-0.0036119121808680784,1.4493015654259978e-07,1.1406594905595535e-08
209189785.1988438,-0.7310611405420328,-0.0036119828132726278,3.2538826577610536e-07,-1.7269898028131336e-07
209190085.1796427,-0.7310625033823291,-0.003611644373547483,3.4736749343622364e-07,5.2539264451621076e-08
209190326.1492427,-0.7310640819332356,-0.0036117457297750745,-1.1922467624270183e-07,-1.3928691977712834e-07
209190576.1908436,-0.7310654675574673,-0.003611705624865265,-3.514501425438965e-07,-1.9261822229062198e-07
209190816.21004358,-0.7310665269523724,-0.003611567128991282,-3.040873189918969e-07,-1.4338871926920446e-07
209190985.2084425,-0.7310674969120732,-0.0036111518349568805,-4.950176969442666e-07,2.0930386088972158e-07
209191285.18924344,-0.7310682537114213,-0.0036116715497849336,1.305007045759865e-07,-4.2101632625720156e-07
209191585.1700424,-0.7310689131976487,-0.0036116622656692608,8.526869968994433e-07,-5.216727425958606e-07
209191886.1876423,-0.7310714091122367,-0.003610957732004848,-2.574360349338889e-07,7.321513470059243e-08
209192185.21804324,-0.7310728911990482,-0.003610988361145638,-3.6353828414270595e-07,-6.56603268852328e-08
209192485.19884315,-0.7310741066799293,-0.0036111051311249935,-1.993283190726558e-07,-2.903376028944374e-07
209192787.1668431,-0.7310753809346517,-0.003610948165906375,-8.543464624644059e-08,-2.4129698419960224e-07
209193085.16044304,-0.7310766034436591,-0.0036108588692801906,6.125632567854922e-08,-2.5781195216829575e-07
209193265.21804297,-0.7310770033522979,-0.003610729659263911,4.883342441530658e-07,-1.9220066972344685e-07
209193385.14124295,-0.7310779750099897,-0.003611230904300455,6.733322233110073e-08,-7.356628194061035e-07
209193686.1588429,-0.731079233510093,-0.0036105695393196737,1.9053755584419463e-07,-1.7976548146629925e-07
209265392.19722617,-0.731399839172903,-0.0036118492144422074,1.8543566571160852e-08,1.1678840265011425e-07
209265630.1428261,-0.7314010914613367,-0.0036118523007295576,-1.244607097383721e-07,1.9438135947418347e-07
209266175.154025,-0.7314035600035247,-0.003612430539041824,-5.027353422448755e-08,-1.9774358496395944e-07
209266415.1732259,-0.7314046123372748,-0.0036124982126668546,1.8035791971016124e-08,-1.8287137560453123e-07
209267076.21962577,-0.7314075317227499,-0.0036124213518116265,1.8767881704295775e-07,1.2317759499847966e-07
209267555.22122467,-0.7314097924511355,-0.0036128119796970705,1.6765998289702821e-07,-9.968282319375299e-08
209267796.19082558,-0.7314111262913986,-0.0036128396754305458,-3.821551664007217e-08,-4.244055359361662e-08
209268096.17162454,-0.7314121715797601,-0.003613113417557355,3.2137161809497883e-07,-2.0993821984007302e-07
209268396.15242544,-0.7314135940173422,-0.003612959653912973,3.045587820826867e-07,5.0632028325212075e-08
209268696.21962538,-0.7314150988202054,-0.003613288763680923,2.0652645960073102e-07,-1.710768170247283e-07
209268996.2004243,-0.7314166992651975,-0.0036132303476833372,1.3178995450502384e-08,-4.726166001958743e-09
209269295.14442524,-0.7314180558630183,-0.0036135563811507893,5.9534918772641277e-08,-2.2263503506817633e-07
209269596.16202417,-0.7314193151940398,-0.0036133534077788785,2.1360593260855154e-07,8.978224766550622e-08
209269896.1428241,-0.7314210050481413,-0.0036135718004724807,-6.700765009526322e-08,-1.8973636083715467e-08
209270195.17322502,-0.7314223467434987,-0.0036138517011364275,-3.234040590882614e-09,-1.890170722713795e-07
209270502.15242496,-0.7314237252867616,-0.00361401780507105,6.176228439791487e-08,-2.4175213815666105e-07
209270795.22122392,-0.731425059125113,-0.0036140455061261126,1.0671408812168437e-07,-1.606607055340374e-07
209271096.15242484,-0.7314264298115868,-0.0036139594104839497,1.5247247198146852e-07,3.771796328305016e-08
209271455.14442375,-0.7314279048086052,-0.0036141962567766356,3.680733815514259e-07,-6.442113333841176e-08
209271696.2004237,-0.7314292017981029,-0.003614337756604229,2.068095970031436e-07,-1.1500174921684134e-07
209271995.14442465,-0.731430698741411,-0.0036144146724071216,1.1890421369731285e-07,-7.86427545675962e-08
209272295.21162355,-0.7314322623358323,-0.003614470060714952,-2.9726327510637418e-08,-1.9747510220796682e-08
209272595.1924245,-0.7314335075747816,-0.0036146792247750384,1.4021480176928947e-07,-1.140747116182457e-07
209272896.21002445,-0.731434886116161,-0.0036148453331017413,1.8236215704181546e-07,-1.6435780824742077e-07
209274396.20042306,-0.7314417709638156,-0.0036154236822205266,3.8579790129222857e-07,-1.5662525228556448e-07
209274755.192423,-0.7314437054710058,-0.003615715905615966,1.4984294205433457e-07,-3.0635655182478794e-07
209274996.16202292,-0.7314449577539914,-0.003615719007643003,3.813673266073181e-08,-2.133251631891188e-07
209275235.14442387,-0.7314460767342228,-0.003615765165856113,5.067219688292823e-08,-1.6375464602326126e-07
209275596.21002382,-0.7314476105235105,-0.0036157282919260804,2.270702061935026e-07,1.8486899065837253e-08
209275895.15402272,-0.7314490486675923,-0.003616078944062609,2.054487360236834e-07,-2.1113459528756748e-07
209276195.22122267,-0.7314504640550716,-0.0036161312615765203,2.1241979020203416e-07,-1.4134994859435132e-07
209276495.2020226,-0.7314520425474456,-0.0036162327933058,5.6382071678129364e-08,-1.2019404582036541e-07
209276795.1828225,-0.731453398329635,-0.00361610057370607,1.235514022202011e-07,1.3533673295495346e-07
209277096.20042244,-0.7314550215251885,-0.003616340510527871,-7.128386014798593e-08,1.9767130788120313e-08
209277396.1812234,-0.7314561781612829,-0.003616731141784992,1.9600106659911631e-07,-2.462944910593297e-07
209277696.1620223,-0.7314576970479287,-0.0036166481376997415,1.0150656315488504e-07,-3.80879587322594e-08
209277996.14282224,-0.731459186939923,-0.0036169311317360794,3.6469459563370776e-08,-1.952435787163677e-07
209278296.2100232,-0.7314603874708762,-0.0036170019015201614,2.6165843836079006e-07,-1.3949926937466967e-07
209278596.19082308,-0.7314618993101943,-0.0036171249652907048,1.755748679777014e-07,-1.354429086078586e-07
209278896.17162204,-0.7314634778005346,-0.0036172265021809035,2.3278470706600274e-08,-1.0921405015898097e-07
209279196.15242296,-0.7314647747843909,-0.003617368015179213,1.5291881028112186e-07,-1.2231241309883234e-07
209279796.2004218,-0.7314677388570282,-0.003617429608619604,4.376526085980714e-08,7.492071202363018e-08
209280396.16202167,-0.7314706739334536,-0.0036178572019000444,-3.51744099402751e-08,-9.124780813276126e-08
209280996.21002257,-0.7314730232418923,-0.0036180664117739657,4.736352233747354e-07,-3.6332639772197056e-08
209281596.1716214,-0.7314761880718642,-0.0036185216969361216,1.6802493896239667e-07,-2.2484159413688545e-07
209282196.21962228,-0.7314792854434221,-0.003618540245602542,-6.825591813974796e-08,2.6140984543242957e-08
209282796.18122214,-0.7314819241085798,-0.0036189616878546677,1.5516522255953902e-07,-1.2306557448278632e-07
209283395.192422,-0.7314848144768175,-0.0036192508888925456,1.2370502988634513e-07,-1.37698749026402e-07
209283996.19082186,-0.7314875119382708,-0.003619398607602839,2.959513722977647e-07,-7.136898724779961e-09
209364675.21480343,-0.7319024289722497,-0.0036769202207492164,-1.4303564777051747e-08,-4.3304458288793285e-08
209364815.1828034,-0.7319032656315106,-0.0036765482006923976,-5.3970539259928785e-08,4.363665187081048e-07
209364995.15400237,-0.7319041257806976,-0.0036769327818712175,1.1091248286465571e-07,1.901585281291647e-07
209365296.1716023,-0.7319060970191353,-0.0036771114682375085,-1.45228723602564e-07,2.42802250256368e-07
209365595.20200223,-0.7319076017064909,-0.0036774407883282743,5.464298757917874e-08,1.431489188787223e-07
209365894.14600214,-0.7319093134099816,-0.003677499488249783,4.7775740252831156e-08,3.139156217386342e-07
209366196.20040208,-0.7319109443303969,-0.0036779918359896584,1.4019968919143366e-07,5.328812041583905e-08
209366495.144403,-0.7319127007209096,-0.0036781889464366562,9.015801738510021e-08,8.538121489768541e-08
209366795.21160194,-0.7319145237610938,-0.003678364538947258,-1.9382606075701858e-08,1.3972478003125913e-07
209367096.14280188,-0.7319161170589381,-0.0036785124161342175,1.0648584414241213e-07,2.2231832157333653e-07
209367456.1716018,-0.731918222356964,-0.003679106336101782,5.8916985401502586e-08,-9.603529958291182e-08
209367695.15400174,-0.7319194596787634,-0.0036790634718953706,1.8805098267460352e-07,1.2964873277298422e-07
209367996.17160168,-0.7319212976131647,-0.0036792852042507214,7.190644824017767e-08,1.3808383140731517e-07
209368295.20200163,-0.7319230022470284,-0.003679549974869639,7.837997639814631e-08,1.0184295228844731e-07
209368595.18280154,-0.7319245288930635,-0.0036797193745311475,2.6895440818908156e-07,1.6158302507769326e-07
209368866.21960247,-0.7319260633675455,-0.0036801409751844255,2.8658497619460377e-07,-5.308517458339074e-08
209369165.1636014,-0.7319277821343422,-0.0036799936201653504,2.803563305953105e-07,3.2240252301760433e-07
209369465.14440134,-0.7319296945453148,-0.003680446038685919,8.706842846706309e-08,9.879762094587921e-08
209369765.2116013,-0.7319311396442669,-0.003680590823387176,3.6222484867121096e-07,1.8278401886463388e-07
209369945.18280122,-0.7319324294799476,-0.003680938573201508,1.0444788089980506e-07,-2.780698671236287e-08
209447705.1827848,-0.7324028031890331,-0.0037307443999982405,3.5294988454115384e-07,-1.914634087732403e-08
209448005.16358474,-0.7324047069437793,-0.003730486614450575,3.7676967823419005e-07,3.4295306855893284e-07
209448185.22118372,-0.7324057442611817,-0.0037305084509598996,4.965394766465181e-07,3.833018357179453e-07
209448425.15398365,-0.732407916038089,-0.0037310811539938665,-1.3327237480265097e-07,-1.0703371674690085e-07
209448605.21158463,-0.7324090788515362,-0.00373080777284938,-1.3884174787648362e-07,2.2778842536253646e-07
209449385.14438444,-0.7324132954803244,-0.0037313318787845625,6.578841315052486e-07,-3.384311715506211e-08
209449745.17318434,-0.732416785344503,-0.0037314282659598186,-5.174268971064322e-07,-1.1064128585536182e-08
209449925.14438432,-0.7324173780965915,-0.0037314407459806175,4.6881519222274903e-08,3.5554718859180656e-08
209450226.16198426,-0.7324190826146536,-0.0037317057575948207,2.777287219091207e-07,-1.3130630169147853e-07
209450526.14278418,-0.7324207495514562,-0.003731626293511982,5.395776412342457e-07,4.510495543556814e-08
209450826.20998412,-0.7324233864432624,-0.003731131919011864,-1.6790189361071128e-07,6.355939292670108e-07
209451126.19078404,-0.7324247286467476,-0.0037318704637993093,4.1880715240250055e-07,-7.720776358088183e-09
209451426.171583,-0.7324265366813818,-0.0037320001846893203,5.397257665240573e-07,-4.3064474307755174e-08
209451725.20198292,-0.7324288041691024,-0.0037321854062409405,1.9510565318903161e-07,-1.3505295533072434e-07
209452025.18278283,-0.7324306490721786,-0.0037322013439013467,2.7919255063402204e-07,-5.8305248133889986e-08
209452626.1811827,-0.7324344501959145,-0.003732350128194847,3.4269007009868346e-07,-2.3926472033676538e-08
209452925.21158266,-0.7324361469103331,-0.0037323629480282457,5.687997719494575e-07,5.3138830346383115e-08
209453225.1923836,-0.7324382066489642,-0.00373236050178948,4.3794971482657985e-07,1.4492735468185983e-07
209453525.1731835,-0.7324401777585331,-0.003732539488937871,3.956677524508123e-07,5.4456600282956624e-08
209453885.20198244,-0.7324424303532567,-0.003732678581055063,4.578993799686515e-07,2.051464744433351e-08
209454125.2211834,-0.732443727172619,-0.003732820456246561,7.042259204670387e-07,-5.191472606837222e-08
209454425.20198232,-0.7324460761947779,-0.003733030318737547,2.8376553584674724e-07,-1.75714729029261e-07
209454725.18278223,-0.7324477431280461,-0.0037329508675983856,5.452783768955527e-07,-1.1010919167327854e-08
209455023.1763832,-0.732449677365783,-0.0037332436452442194,5.265843063817499e-07,-2.1989841572948518e-07
209524685.16356784,-0.7328905575963288,-0.0037330726581540396,2.3703966989252478e-07,-1.44058399547016e-07
209524926.2195678,-0.7328921649432218,-0.0037328088602274286,1.4386691005174868e-07,3.729982710849386e-08
209525225.16356772,-0.7328940984228749,-0.0037326436238140745,8.779230964428564e-08,9.94183067151537e-08
209525405.2211667,-0.7328950321682889,-0.0037328008860874257,2.846177331594646e-07,-1.2042244281482498e-07
209525646.19076762,-0.7328966175187176,-0.0037326970102796366,2.1204359723636657e-07,-1.008453097330747e-07
209526186.1907675,-0.7329000696991733,-0.0037324494019062094,1.4880642940084954e-07,-4.442441326694274e-08
209526566.17796746,-0.732902491717291,-0.0037319737519345285,1.1056370308182295e-07,2.9481152101452565e-07
209527146.1811673,-0.7329060558573529,-0.003732301330386408,1.8335823859239042e-07,-2.4395847067655574e-07
209527566.1715672,-0.7329082112792962,-0.003731911682981754,6.602402061739454e-07,-9.465672740852776e-09
209527925.16356716,-0.7329108410152608,-0.0037316237402753717,2.79620806620251e-07,1.4438396055182004e-07
209528105.2211661,-0.7329120562388812,-0.0037317411490782166,1.921603003385286e-07,-4.0789735989473636e-08
209528346.19076705,-0.7329133529952829,-0.003731883198945998,4.043445048784733e-07,-2.7405817469008595e-07
209528705.18276697,-0.7329154864199017,-0.00373165347599148,5.181829013656269e-07,-1.813499002178802e-07
209528945.20196593,-0.7329171235337618,-0.003731481969966813,3.830732677734261e-07,-1.021941865050717e-07
209529185.22116587,-0.7329186571175076,-0.00373144574382268,3.510853024968341e-07,-1.5891118755216246e-07
209529425.15396583,-0.732919916334584,-0.0037312433156228004,5.925071823176253e-07,-4.998265368217833e-08
209529665.17316675,-0.7329215761026989,-0.003731370152064867,4.3349389711178077e-07,-2.709400438952875e-07
209529845.14436674,-0.7329229317364006,-0.003731238505971443,2.028728002256841e-07,-2.1025170636457258e-07
209530325.1827656,-0.7329257245364605,-0.0037309998563106405,4.096107836248919e-07,-1.624685248501588e-07
209530626.20036656,-0.7329273396522373,-0.00373098827493949,6.74490696739305e-07,-2.7175398335582343e-07
209530806.17156553,-0.7329286435204878,-0.003730924270503423,4.942783903283399e-07,-2.80444696744344e-07
209531285.1731654,-0.732931717799536,-0.0037306457690898976,4.0936141731950926e-07,-1.9698891108978558e-07
209531526.14276636,-0.7329331400817125,-0.003730492627855841,4.901972312509884e-07,-1.4282290882123086e-07
209531825.17316628,-0.7329350657882301,-0.0037300752141149,4.290848110155565e-07,1.5097844357223403e-07
209532128.17796522,-0.7329370290318667,-0.003730002282128493,3.5441744461461866e-07,9.776878329582211e-08
209532425.22116616,-0.7329385477302613,-0.0037299199245514674,6.863404922174965e-07,5.56062918427927e-08
209532725.20196512,-0.7329407038061585,-0.003729988557593388,3.9837109866436293e-07,-1.3963674456649033e-07
209533325.16356596,-0.7329442963921793,-0.0037294919354179308,5.394741953157478e-07,1.0120130700943739e-07
209533625.1443659,-0.7329463042856421,-0.003729557429473188,3.9713235899796473e-07,-9.345465452935756e-08
209534885.20196465,-0.7329540679526888,-0.0037289888918353785,4.5982502627772703e-07,-7.653876433295556e-08
209535125.22116557,-0.732955534884259,-0.0037289741807136714,4.818208875212449e-07,-1.685399742636963e-07
209535425.20196453,-0.7329574237083468,-0.003728670558740571,4.530246817679995e-07,9.8558841643559e-10
209535725.18276444,-0.732959231652906,-0.0037288005562061484,5.041348467571538e-07,-2.63907844668277e-07
209536025.16356537,-0.7329608389973263,-0.003728536790218392,7.548572208415649e-07,-1.3583071261898463e-07
209536025.16356537,-0.7329608389973263,-0.003728536790218392,7.548572208415649e-07,-1.3583071261898463e-07
209536386.1427643,-0.7329632021323095,-0.0037283348816220616,6.262797684897237e-07,-9.82436797556524e-08
209536810.19396523,-0.7329659949279393,-0.003728096264452398,4.565855374893957e-07,-5.409726137233298e-08
209536985.15396515,-0.7329670768477148,-0.0037282566894446573,4.5633206013917516e-07,-2.9520778411064666e-07
209537225.1731651,-0.7329684098281858,-0.0037278267205868632,6.066565604312402e-07,2.3649769970070927e-08
209537525.15396404,-0.7329702546536259,-0.0037278429446437225,6.147404328915584e-07,-1.321259377909216e-07
209538245.2115639,-0.7329748256242895,-0.0037276420579912834,4.86982992264906e-07,-2.6926626553631927e-07
209538725.1635648,-0.7329779218973066,-0.0037272036781594246,3.487879176589104e-07,-5.855508538633869e-08
209539025.1443647,-0.7329796256566526,-0.0037270107034624344,4.924301486575189e-07,-8.820901402535608e-09
209539325.21156365,-0.7329814335980794,-0.003727140712485903,5.312800139822826e-07,-2.828284442020143e-07
209539865.21156353,-0.7329846042862169,-0.0037269330406939707,6.811519980276515e-07,-3.360788492293154e-07
209540165.19236347,-0.7329865895243943,-0.0037267002173940974,5.389068089556304e-07,-2.49180615386705e-07
209540526.17156342,-0.732988411048676,-0.003725959850391681,9.33552074644517e-07,3.1467592034222294e-07
209541126.21956426,-0.7329923006421905,-0.0037259278268657746,7.2397692452153e-07,5.111615262965927e-08
209541425.1635642,-0.7329943156461189,-0.0037257872889157133,5.405285381510083e-07,4.339662883776421e-08
209541665.18276414,-0.7329956861593225,-0.0037257018117893594,6.39661600909669e-07,9.365610922212886e-09
209613967.20834854,-0.7334039793764514,-0.00367981354185694,3.853029192368851e-07,-4.1555447101611354e-07
209614386.16194847,-0.7334062014411105,-0.0036794027153921323,3.8364996901574244e-07,-3.2301861874152113e-07
209614566.2195484,-0.7334071642957928,-0.003679194140428077,3.744660180826642e-07,-2.513434406380653e-07
209614686.14274737,-0.7334079051841569,-0.003679209951833818,2.685405259272855e-07,-3.5836782532683645e-07
209614806.1523474,-0.7334084830170192,-0.003679176458929772,3.259610763528542e-07,-4.161803931305996e-07
209614926.16194835,-0.7334090310942946,-0.0036790506818318897,4.1296947150826213e-07,-3.817351477736382e-07
209615166.18114728,-0.733410327198706,-0.0036787346582682514,3.8653011436018403e-07,-2.4845278674993573e-07
209615287.14114827,-0.7334110901036203,-0.0036785905540310964,2.6322785773302826e-07,-1.9648107364928294e-07
209615464.17474824,-0.7334119791694881,-0.003678609528745769,3.0995315269954915e-07,-3.5034348155925724e-07
209615586.1715472,-0.7334125790190102,-0.0036784161202132624,3.5475531967588125e-07,-2.499189160230439e-07
209615706.18114817,-0.7334132603962509,-0.003678247364128518,3.0735497624778674e-07,-1.7265606537877898e-07
209615825.15394714,-0.7334138531067785,-0.003678260014284867,3.429730199844272e-07,-2.760319713075547e-07
209615945.1635481,-0.7334144975895092,-0.003678205032581032,3.3212106231861327e-07,-3.125893895325471e-07
209616065.1731481,-0.7334150902999811,-0.003678217682948738,3.728664084157174e-07,-4.1680128204510045e-07
209616186.21954808,-0.7334157347826725,-0.0036781627014751393,3.671341606281686e-07,-4.541946191359038e-07
209616306.14274806,-0.7334163864045362,-0.0036779016616639475,3.4815867566706515e-07,-2.8469407277898623e-07
209616425.20194703,-0.7334170826595084,-0.0036777790485100523,2.7981703643042977e-07,-2.5298152348278077e-07
209616545.211547,-0.7334175569476696,-0.003677880820968319,4.382772988975603e-07,-4.4640079455496307e-07
209616665.22114697,-0.73341830497491,-0.0036776905761467184,3.228197351656803e-07,-3.47823015133409e-07
209616785.14434794,-0.7334189125629269,-0.0036777493693516345,3.471666744081503e-07,-4.98237035206385e-07
209616906.19074693,-0.7334195868008584,-0.0036777866729663894,3.105998446217839e-07,-6.280391719143234e-07
209617025.1635479,-0.7334200896464012,-0.003677064211978899,4.3432225138584357e-07,3.4891135410573815e-09
209617144.22274786,-0.7334207865002147,-0.0036773998586568054,3.6431255900915005e-07,-4.231744574986242e-07
209617265.18274784,-0.7334214375235986,-0.0036766805607187716,3.4995698727779967e-07,2.036353402776192e-07
209617385.1923468,-0.7334220159549436,-0.0036771053291622642,4.030070427374355e-07,-3.129121731145282e-07
209617505.2019468,-0.7334229192993966,-0.003676712189806333,1.3095994666478816e-07,-1.156898695982636e-08
209617625.21154776,-0.7334232305321375,-0.0036767646579029247,4.508397645208717e-07,-1.5584989756980278e-07
209617744.18434677,-0.7334239791579396,-0.0036770326733902435,3.2769097635387823e-07,-5.149009768422481e-07
209617865.14434773,-0.7334245492525518,-0.0036767469825317264,3.9333300050348186e-07,-3.2178212527400954e-07
209617985.15394768,-0.7334252086127115,-0.00367673814503442,3.645265963525546e-07,-4.0480461114319327e-07
209618105.16354766,-0.7334258822522375,-0.0036763171908028094,3.212530116369905e-07,-7.5725166866214e-08
209618285.18274763,-0.733427067672556,-0.003676342495542047,8.105300874916566e-08,-2.388725038843069e-07
209618464.15554658,-0.73342783057754,-0.0036761983950077096,2.5745093801265995e-07,-2.3184375169378948e-07
209618584.16514653,-0.7334283346202785,-0.0036763924533824714,3.83017041638567e-07,-5.178313557956289e-07
209618706.16194654,-0.7334290677701585,-0.003676156068673631,2.897051554207053e-07,-3.7491087819842284e-07
209618825.22114652,-0.7334297640251365,-0.0036760334580793067,2.1768970726032677e-07,-3.435259055975873e-07
209619005.19234747,-0.7334306602301105,-0.0036758463791761865,2.647311939663055e-07,-2.943660200173219e-07
209619125.20194647,-0.7334312672200959,-0.0036754469154844597,2.864806146751775e-07,1.3115995877929776e-08
209619245.21154642,-0.7334321640225859,-0.0036757180960363097,1.822264350526126e-08,-3.500565511046008e-07
209619545.19234738,-0.7334336083050865,-0.003675405244567758,1.4421790950347457e-07,-2.671939269664747e-07
209619665.20194733,-0.733434067714998,-0.003675460877036942,3.1266466815615956e-07,-4.148507023256538e-07
209619784.1747463,-0.733434682442514,-0.0036753136146037255,3.201739350311428e-07,-3.5882558481166796e-07
209619905.2211463,-0.7334351858876789,-0.003675049414915269,4.496100011186499e-07,-1.8746112519273453e-07
209620025.14434725,-0.7334358452475837,-0.003675040579446699,4.1705847453332723e-07,-2.706066472247734e-07
209620145.15394622,-0.7334366081526147,-0.0036748964808538693,2.8121309514350656e-07,-2.1856198065446641e-07
209620265.16354617,-0.733437126475321,-0.0036746784237079028,3.8974894345233935e-07,-9.256494044873609e-08
209620384.2227462,-0.7334378673626281,-0.0036746942415303817,2.7055643769813287e-07,-1.9971942893590167e-07
209620505.18274716,-0.7334381637175375,-0.0036747005687035846,6.05617650806245e-07,-2.9884670485220283e-07
209620615.16994712,-0.7334390379048144,-0.003674673408106893,3.0538880468888863e-07,-3.560720652716863e-07
209620745.2019461,-0.7334398305646297,-0.003674621594761882,1.9106843540672713e-07,-4.0402829353013495e-07
209620865.21154708,-0.7334403488874159,-0.0036744035381025167,2.9858792172099413e-07,-2.7805518961225226e-07
209620984.18434605,-0.7334410748971942,-0.0036743732143375042,1.928108209758861e-07,-3.390225916700962e-07
209621105.144347,-0.7334414968152614,-0.003674084362579139,4.0127751532725853e-07,-1.4298954713071882e-07
209621225.153946,-0.7334422371062109,-0.003673641922291083,2.862106693868327e-07,2.073591232601077e-07
209621525.22114593,-0.7334438081445693,-0.0036739504140109237,2.775480359984428e-07,-3.3140103667403734e-07
209621825.20194587,-0.733445097109194,-0.0036738404618994165,5.492016349473161e-07,-4.5165363268557385e-07
209622125.18274578,-0.7334466895693326,-0.003673530779803993,5.160414868754515e-07,-3.7217084310160395e-07
209622365.20194674,-0.7334479785338781,-0.0036734208287682478,4.737400817189652e-07,-4.4639649792160147e-07
209622605.22114572,-0.7334491341982751,-0.0036733538564566793,5.638826627851756e-07,-5.635881628663665e-07
209622846.19074664,-0.733450578481063,-0.003673041012097373,3.694732226833253e-07,-4.3562005364690057e-07
209623086.2099456,-0.7334517341453769,-0.0036729740406550326,4.57884118842955e-07,-5.527746332911233e-07
209623325.19234654,-0.7334529487235908,-0.003672633379876163,4.811407149363234e-07,-3.9541948820441195e-07
209623565.2115465,-0.7334543192152343,-0.0036725480844820107,3.529787239164861e-07,-4.941956718101069e-07
209623805.14434645,-0.7334552671933012,-0.003672293380622382,6.460011927611475e-07,-4.234635846639759e-07
209624105.2115464,-0.73345681502206,-0.0036718452762008044,6.489564872147469e-07,-2.0538619606349368e-07
209624345.14434633,-0.733458363445262,-0.0036718554314897644,3.3953086564508794e-07,-3.9942236843221526e-07
209624705.17314526,-0.7334598821139902,-0.0036717733027627915,6.783414931987863e-07,-5.931243102093829e-07
209624945.19234622,-0.7334612526053261,-0.0036716880101174557,5.450383293581496e-07,-6.916525900216644e-07
209625185.21154615,-0.7334625409755992,-0.0036711198055101764,4.92945527064137e-07,-3.072109886655128e-07
209625425.1443461,-0.7334633485120483,-0.0036711141399251935,9.203266254642628e-07,-4.851801095684741e-07
209625665.16354504,-0.7334648005304751,-0.00367105350220813,7.027505840584425e-07,-6.081767797570976e-07
209625905.182746,-0.7334663709718989,-0.003670903745139305,3.658269858153318e-07,-6.41983363654404e-07
209626146.15234494,-0.7334672820542432,-0.0036707628181346995,6.92212216990562e-07,-6.852713922765423e-07
209626385.2211449,-0.7334684668789482,-0.0036703298780620835,7.341640244629133e-07,-4.350142402292402e-07
209626638.20034483,-0.7334697338238588,-0.0036703798510572174,7.643633223031188e-07,-6.782092903858533e-07
209627345.2115447,-0.7334733555415379,-0.003669517804929807,7.622610771473859e-07,-3.556335460073827e-07
209627885.2115456,-0.7334763922855522,-0.0036688953023417,4.845302085110248e-07,-1.4458364781940944e-07
209700006.14273033,-0.7338125585828036,-0.0036284807799217703,4.045795385376749e-07,-1.5588536032926786e-07
209700245.21152925,-0.7338133066152367,-0.0036282906208644525,7.276730327188119e-07,-4.868566772257485e-08
209700545.1923302,-0.7338149662794322,-0.0036284178850053525,4.117599151642892e-07,-2.795404777764139e-07
209700726.20033017,-0.7338156702459702,-0.0036285475533172555,5.184539085822948e-07,-4.7144120001547593e-07
209700905.22112912,-0.7338165956460794,-0.0036279946040839073,3.9469600188191123e-07,2.0162918789017742e-08
209701085.19232908,-0.7338169812307217,-0.0036282778265113234,8.148887903347557e-07,-3.245247388659715e-07
209701205.20192906,-0.7338175441830931,-0.0036281982581791573,7.891822069172605e-07,-2.8582802923072734e-07
209701385.17312902,-0.7338184034842596,-0.0036281250496644096,7.354528136493954e-07,-2.737389764189725e-07
209701565.14433,-0.7338192627853997,-0.003628051841363106,6.815975945873021e-07,-2.614413387395237e-07
209702105.14432988,-0.733821810943515,-0.0036277399300915407,5.49389936654876e-07,-1.310277986847977e-07
209702285.20192885,-0.7338224631312352,-0.003627937225509305,7.025124099113711e-07,-3.884169630947315e-07
209702585.18272975,-0.7338238336061405,-0.003627852076615451,6.734045184808579e-07,-4.0290950500954104e-07
209702825.20192873,-0.7338249595106632,-0.00362769294227675,6.204718533409093e-07,-3.2306815004332426e-07
209702945.2115287,-0.7338256783489762,-0.0036278687564510635,4.380258464831144e-07,-5.383840313731222e-07
209703125.18272865,-0.7338262484620166,-0.00362758313234848,6.721896368411251e-07,-3.118164366958283e-07
209703366.1523286,-0.7338274927958054,-0.003627334891358146,5.045039750406488e-07,-1.4230484469577795e-07
209703545.17312956,-0.7338281747280095,-0.0036276244755379223,6.222640355213471e-07,-4.901225817816567e-07
209703665.18272954,-0.7338289227604198,-0.00362743431987046,4.102367481273461e-07,-3.388819526223795e-07
209703845.15392852,-0.7338297154102837,-0.0036273825959340666,4.212768572875447e-07,-3.453309724587607e-07
209703966.20032948,-0.7338300932822232,-0.0036274136187635702,5.838718285522404e-07,-4.1535445045089853e-07
209704145.22112843,-0.7338310638512202,-0.0036274573632232112,4.1249619697758533e-07,-5.165924098307108e-07
209704505.16352937,-0.7338323968693632,-0.0036270277289673176,6.858860710501347e-07,-2.0187869502041184e-07
209704805.1443293,-0.7338337601825051,-0.003627148641173072,6.608921651052313e-07,-4.1787087378059376e-07
209704924.20352927,-0.7338344933425263,-0.0036269123428432446,4.587731839977849e-07,-2.1913196974511495e-07
209705045.16352925,-0.7338350193885643,-0.003626946546769632,4.7217355070294786e-07,-2.913915394357758e-07
209705345.1443292,-0.7338362934670222,-0.00362679059670804,5.356020036373366e-07,-2.2936729296950398e-07
209705465.15392816,-0.7338370194657334,-0.003626760356070456,3.4455387953880035e-07,-2.3652095815056284e-07
209705585.16352913,-0.7338373009417802,-0.003626720573526463,5.979537751610309e-07,-2.3402848962949044e-07
209705705.1731281,-0.7338378418600784,-0.00362680092176689,5.918362209200723e-07,-3.515622143041887e-07
209705824.14592808,-0.7338384863354288,-0.0036267460191434574,4.774665656182009e-07,-3.334202207448504e-07
209705945.19232908,-0.7338390939045665,-0.003626804885996836,4.0916552779268756e-07,-4.2958218379090043e-07
209706065.20192903,-0.7338394271591461,-0.003626697478162538,6.10482925433864e-07,-3.5904387226098206e-07
209706185.21152902,-0.7338400049835373,-0.0036266640573862337,5.671531930762086e-07,-3.6238656422622056e-07
209706306.17152798,-0.7338406197141523,-0.00362651686736597,4.910713159445024e-07,-2.521434630422918e-07
209706425.14432895,-0.7338410124580986,-0.0036265940352842824,6.280492179655539e-07,-3.655454810752405e-07
209706548.17792794,-0.7338415456654634,-0.00362642218306192,6.425626881689794e-07,-2.310533268631669e-07
209706785.1731279,-0.7338427608034039,-0.0036265399179470094,4.822439240159682e-07,-4.2043463896598507e-07
209706905.18272886,-0.7338432571044677,-0.003626481835305093,5.199626446072969e-07,-3.98471420501572e-07
209707085.15392882,-0.733843916451968,-0.0036264730776035575,6.613006524602838e-07,-4.436760675558156e-07
209707205.1635288,-0.7338445829611997,-0.0036262582629009396,5.286078299526764e-07,-2.647084600079265e-07
209707325.17312777,-0.7338451090068208,-0.0036262924683568756,5.362963569899293e-07,-3.346514018034291e-07
209707505.14432874,-0.7338456796692452,-0.003626465105650951,7.658877549943099e-07,-5.606757917339146e-07
209707625.1539277,-0.7338465758757852,-0.003626278134854091,4.0320753325051584e-07,-4.0916683345096003e-07
209707745.16352868,-0.733847057304527,-0.0036261739088350557,4.552210930430789e-07,-3.4029171018176707e-07
209707865.17312863,-0.7338475684777842,-0.003626161970737908,4.774056071576993e-07,-3.635931816307371e-07
209707985.18272862,-0.7338482057909355,-0.0036263131270399657,3.7336520442021737e-07,-5.498773411999856e-07
209708165.1539276,-0.7338488353937432,-0.0036262120824144873,5.433191129222692e-07,-5.013016364852942e-07
209708346.16192755,-0.7338496131706362,-0.0036261142191038277,5.695094613678009e-07,-4.559539201432969e-07
209708525.18272752,-0.7338504945049463,-0.003625881105389832,4.831213801237411e-07,-2.74525832148851e-07
209708645.1923285,-0.7338509169928856,-0.00362605056230378,5.934298238363667e-07,-4.784893234701347e-07
209708825.16352847,-0.733851857815997,-0.003626002024701098,4.514440455904989e-07,-4.814849431443273e-07
209709005.22112742,-0.7338525391975046,-0.0036258333554846527,5.690832877158769e-07,-3.641152888527767e-07
209709125.1443284,-0.7338530354984159,-0.003625775274247263,6.048398545344114e-07,-3.4005688912116736e-07
209709245.1539274,-0.7338538281474157,-0.0036257235558350962,3.445416046909955e-07,-3.222700707115368e-07
209709366.20032835,-0.7338541911464375,-0.0036257084373356972,5.184007640934851e-07,-3.4125860939523966e-07
209709545.2211273,-0.7338548725279715,-0.0036255397685805105,6.308323375892044e-07,-2.2281469382913477e-07
209709665.1443283,-0.7338555098405768,-0.0036256909262201813,5.251685517571048e-07,-4.074714005757041e-07
209709845.20192724,-0.733856302489471,-0.003625639208374487,5.305860190096823e-07,-4.0582983178421433e-07
209709965.21152824,-0.7338570136152636,-0.0036255628279671112,3.512608854894239e-07,-3.6267795255982144e-07
209710085.2211272,-0.7338573986487656,-0.0036253877966857906,4.979347767442022e-07,-2.207566353429162e-07
209710265.19232714,-0.7338581174842355,-0.0036255636175544234,5.76293253451432e-07,-4.4600744211840265e-07
209710384.16512713,-0.7338584584485852,-0.003625708412611862,7.622101270143844e-07,-6.233314004630043e-07
209710505.21152812,-0.7338590803416224,-0.003625355168806002,6.762858338893452e-07,-3.0306245722136124e-07
209710625.2211271,-0.733859584352015,-0.0036255492895583756,7.035578190039971e-07,-5.297547579423238e-07
209710815.21472806,-0.7338606287324022,-0.003625365504045038,5.000832068446925e-07,-3.972879292399832e-07
209710935.22432703,-0.7338610066033754,-0.003625396530239482,6.532467230480066e-07,-4.6057292931063476e-07
209711055.147528,-0.7338617177290372,-0.003625320150799502,4.726766420493078e-07,-4.1630741551539757e-07
209711175.15712696,-0.7338620878905505,-0.00362509897606066,6.333558631999026e-07,-2.2714759649990549e-07
209711294.21632692,-0.7338627918535388,-0.003625228653908134,4.559333259823717e-07,-3.884656923952741e-07
209711404.2035269,-0.7338631548523826,-0.003625213536348662,5.792682952199257e-07,-4.0246992479009425e-07
209711525.1635279,-0.7338635696301093,-0.003625130793739307,6.992478257528134e-07,-3.5163478165995896e-07
209711645.17312786,-0.7338639992798889,-0.003625094195173171,8.00054564598085e-07,-3.465687345642447e-07
209711825.14432782,-0.7338650662415105,-0.003625208756047174,5.284009663153455e-07,-5.081842036763762e-07
209711945.15392682,-0.7338654584379739,-0.003624827668614299,6.664126587230257e-07,-1.5831818647640133e-07
209712065.16352677,-0.7338660290988155,-0.0036250003092386236,6.258599536401732e-07,-3.620550650391789e-07
209712245.22112677,-0.7338668961074013,-0.0036251793138240384,5.540159641048703e-07,-5.874795781335256e-07
209712365.14432773,-0.7338673924080389,-0.0036251212346478483,5.87190317480335e-07,-5.601598336117675e-07
209712485.15392768,-0.7338680220105659,-0.0036250201935209576,4.873429680918306e-07,-4.897737772031202e-07
209712604.21312767,-0.7338686516130938,-0.003624919152509029,3.8319982798018515e-07,-4.190196032012074e-07
209712724.22272664,-0.733869051518797,-0.003624790266547252,5.128464141135325e-07,-3.2053538210436924e-07
209712844.1459266,-0.7338694591334736,-0.0036249135816882284,6.343005256592704e-07,-4.741027451416954e-07
209712965.19232658,-0.7338700441200594,-0.003624674108886605,5.832339718958579e-07,-2.650357167508985e-07
209713085.2019266,-0.7338710295581992,-0.003624764008547048,1.2703917406930998e-07,-3.849515862676574e-07
209714405.2211263,-0.733876569297099,-0.0036232332950950673,4.0170313120313494e-07,8.242046211038787e-07
209788925.22111082,-0.7342020195026772,-0.0036354623890911516,5.682035152387854e-07,-1.0989919959920186e-07
209789106.1427118,-0.7342031012925418,-0.0036356231987506294,3.264079793119379e-07,-1.8891228667277868e-07
209789285.16351175,-0.7342037539523447,-0.0036362788219051127,5.051717673065781e-07,-7.634076975219888e-07
209789525.18271068,-0.7342055914565239,-0.003636501759213645,-2.172212991702338e-07,-8.772761860786037e-07
209789705.15391067,-0.7342060575013564,-0.0036358931811952436,1.531596325321516e-07,-1.866915812667562e-07
209789944.2227116,-0.7342078288644238,-0.0036365958509143,-5.067337799369298e-07,-7.801275003177337e-07
209790845.20191044,-0.7342120524533549,-0.003637374338072958,-5.376598882778083e-07,-1.143866732750999e-06
209791564.22271127,-0.7342147482166059,-0.0036366076560783948,1.1676081912437297e-07,-4.267742345111236e-08
209791805.19231126,-0.7342157264389186,-0.0036369037089248437,2.6212516590629065e-07,-2.2591960908719538e-07
209792285.14431113,-0.7342175490726919,-0.0036370805071786944,6.785967868738751e-07,-1.7696445119572482e-07
209793005.20191,-0.7342211051324368,-0.0036371572342932725,4.847200880675473e-07,8.767203161542947e-08
209793364.19391093,-0.7342228175279184,-0.003638133586736664,4.4984994540531176e-07,-7.17282341816932e-07
209793605.16351086,-0.7342239510975475,-0.0036382267833216086,4.4276666366638295e-07,-6.949758663121058e-07
209793905.1443108,-0.7342252917988126,-0.003638049502364001,5.049316887939526e-07,-3.7339428125750945e-07
209794146.20031074,-0.7342264848390024,-0.003638327281332156,4.3960223838901413e-07,-5.348041943538558e-07
209794386.2195107,-0.7342277071064335,-0.0036382390948331506,3.405510083931418e-07,-3.303817742378659e-07
209794625.20190966,-0.7342287222418514,-0.003638421386451067,4.441281857836543e-07,-3.9657391589934324e-07
209794864.1843106,-0.7342298706784179,-0.0036385607303641484,4.1474737344504575e-07,-4.1945204307634876e-07
209795105.15390956,-0.7342311155007603,-0.0036387708915023866,2.9862903128119456e-07,-5.118065832822837e-07
209795345.17311049,-0.7342322044664051,-0.0036387256545370237,3.3425373946460724e-07,-3.4885446096406467e-07
209795585.19230947,-0.7342330862998705,-0.0036389508953263983,5.773436452249925e-07,-4.560061338532151e-07
209795825.21151042,-0.7342343013864159,-0.0036390687667594832,4.875092258771474e-07,-4.5541297680066e-07
209796065.14431036,-0.7342356051712843,-0.0036390052545548046,3.0889575797221624e-07,-2.7310203505213557e-07
209796305.16351032,-0.7342368797278287,-0.003639307708600634,1.6023606042026017e-07,-4.5633610521204557e-07
209796546.21951026,-0.7342378651267593,-0.003639397712000461,3.059157028806325e-07,-4.2622200420450174e-07
209796785.2019092,-0.7342386136581449,-0.003639665901864214,6.790439374126933e-07,-5.749476660933152e-07
209797025.22110918,-0.7342402583827033,-0.0036397472233046027,1.6115262102545103e-07,-5.359042737143604e-07
209797325.20190912,-0.7342412806967785,-0.003639723462980254,5.47604390166434e-07,-3.611684756873318e-07
209797566.17150906,-0.7342428290352702,-0.003639733968515417,1.3124302600253657e-07,-2.4996057374371966e-07
209797805.153909,-0.7342434960478736,-0.003639977487709374,5.871665500478684e-07,-3.723835373240815e-07
209798045.17310995,-0.7342448669884195,-0.003640350761834868,3.4432485385149647e-07,-6.236470605296661e-07
209798345.15390888,-0.7342460374707211,-0.0036403302009604083,5.841673949014137e-07,-4.500443859484053e-07
209798586.20990884,-0.734247200772147,-0.0036405156960327982,5.544837806681358e-07,-5.121142731549962e-07
209798825.1923098,-0.7342485491577702,-0.003640590625100667,3.3024297796391267e-07,-4.642865891490468e-07
209799065.21150976,-0.7342496160733177,-0.003640705303658737,3.926248944852162e-07,-4.552801052331787e-07
209799276.2003097,-0.7342506163381112,-0.0036408414561372093,3.8529411228171995e-07,-4.823785021623381e-07
209799426.19070867,-0.7342512756632733,-0.0036408327757789295,4.3196544596835196e-07,-3.9598469709365217e-07
209799605.21150964,-0.7342519201210014,-0.003640777950055333,6.302855372064542e-07,-2.4819942210730153e-07
209799784.1459086,-0.7342528465538827,-0.0036411416322739676,5.463712363651396e-07,-5.187436358778351e-07
209799966.19070855,-0.7342537653002389,-0.003641253113712291,4.849388631766871e-07,-5.35238263783995e-07
209800145.2115085,-0.7342545727937623,-0.0036412476324089024,5.206644200228538e-07,-4.3612130827454937e-07
209800325.18270847,-0.7342556914917311,-0.0036412946938036875,2.498069013867621e-07,-3.8882269813881806e-07
209800505.15390846,-0.7342562175153691,-0.00364132896137948,5.717676389016546e-07,-3.2850175424791947e-07
211850466.19999465,-0.7439804702569432,-0.003707689761177629,8.993872002704961e-08,1.94054934127795e-07
211850945.20159364,-0.7439822615558301,-0.0037077793317986337,5.5099105722433706e-08,4.176087090904633e-07
211851305.1439936,-0.7439830602214988,-0.0037084403641256323,5.782448078139879e-07,-7.728322849297892e-09
211851576.18079457,-0.7439845035282993,-0.0037085901720976997,1.313457443918864e-07,2.0168026563464198e-08
211852145.2111935,-0.7439866127613183,-0.0037089853617055545,1.1702200330976353e-07,-1.3105327400543543e-09
211852445.1919945,-0.7439876042765043,-0.00370933034170336,2.3151278860655822e-07,-1.4893638107830662e-07
211852625.16319448,-0.7439887078039109,-0.0037088761491616976,-2.079455291292831e-07,4.237702053841094e-07
211852806.17119345,-0.7439889071904731,-0.003709270517515188,2.609602735015315e-07,1.4868397052057378e-07
211853165.1631934,-0.7439903280935889,-0.0037095801624761515,1.666480381468105e-07,7.586337212204738e-08
211853405.1823944,-0.7439911792163433,-0.003709715509388293,2.0333473427225357e-07,9.904277405636472e-08
211853585.15359437,-0.7439918822933506,-0.0037098472404660542,1.664040829574276e-07,8.627638617203157e-08
211853945.18239334,-0.7439933480010211,-0.0037098372175917754,3.445421059566911e-08,3.345390314729406e-07
211854127.14079434,-0.7439938877241339,-0.0037103773692086055,1.6938807256838828e-07,-8.507781519215274e-08
211854306.16159332,-0.7439947618086294,-0.003709894662659985,-4.055671098956992e-08,5.163017730456729e-07
211854485.1823943,-0.7439955386282692,-0.0037102573124724045,-1.5286729859731452e-07,2.7240857761092613e-07
211854725.2015933,-0.7439963974045404,-0.0037101866425605576,-1.2013837602520283e-07,5.02430699551859e-07
211854905.17279327,-0.7439972851181073,-0.0037106665598880917,-3.389539119380558e-07,1.420975468025172e-07
211856765.1919931,-0.7440035609022766,-0.0037119196230033934,3.1937638211854136e-07,1.299269724443046e-07
211857065.17279404,-0.7440047004595948,-0.0037122682243889305,3.0162449526915935e-07,-1.7689188629502195e-08
211857305.19199306,-0.7440058329227076,-0.0037123646244483256,6.741072156035699e-08,4.689487911532786e-08
211857606.20959404,-0.7440068244341844,-0.0037127096098902327,2.0326925631586334e-07,-9.597603434479546e-08
211857785.143994,-0.7440074537671066,-0.003712610425904434,2.4451949476311796e-07,1.234665538635618e-07
211858026.19999298,-0.7440082824845066,-0.0037129056114110193,3.1970739067244125e-07,-9.57309375998125e-09
211858326.18079397,-0.7440094963439248,-0.0037130269128656007,2.315211966585906e-07,7.112653085559681e-08
211858446.19039392,-0.7440099847251215,-0.0037131763142435603,1.9372445214660416e-07,2.6056534152552047e-09
211858746.1711929,-0.7440111171874091,-0.0037132727160321096,1.8818069313919494e-07,1.0854776139306715e-07
211858985.1535939,-0.744012049704256,-0.0037134329683227137,1.5406134790119097e-07,1.0967083630391422e-07
211859225.17279387,-0.7440128117724825,-0.003713749438279927,2.94842509407367e-07,-4.456554899938403e-08
211859465.19199285,-0.744013714792276,-0.0037138173236869296,2.9522203226495236e-07,4.994177437182487e-08
211859705.21119386,-0.7440146544021797,-0.0037142297783589926,2.595558340479087e-07,-1.999602610067673e-07
211859885.18239382,-0.7440153503830633,-0.0037141093124967452,2.417238296192892e-07,4.249618443122674e-08
211860065.15359378,-0.7440161053573782,-0.003714173581484999,1.6519902368283823e-07,1.0030844817396009e-07
211860245.2111928,-0.7440167046314392,-0.0037144402515352374,2.449986989949693e-07,-4.413066735740184e-08
211860425.18239275,-0.7440175634057327,-0.0037143695869105335,6.52683591617631e-08,1.4879761942986763e-07
211860605.15359375,-0.7440180960312068,-0.003714657540469574,2.1198052846393978e-07,-1.6800564889805913e-08
211860785.21119374,-0.7440187843568196,-0.0037147430933024235,2.0361028496562739e-07,2.015285584678478e-08
211860906.17119274,-0.744018991395246,-0.0037149314452493915,4.535183260045983e-07,-8.584928792246954e-08
211861265.1631927,-0.7440205532430735,-0.0037149925180711713,2.4858451252995906e-07,9.772732900530101e-08
211861445.22079268,-0.7440211525165586,-0.003715259188878729,3.303159461509608e-07,-4.609620109057022e-08
211861805.16319364,-0.7440227220192447,-0.003715114244701988,1.2300971030665409e-07,3.4470661376510836e-07
211862166.1423926,-0.7440239724657305,-0.0037155801203121114,2.397932723496865e-07,1.2577805200749553e-07
211862525.22079358,-0.7440250825222083,-0.0037158363609327617,4.908523892899197e-07,1.1556518685887016e-07
211862706.1423936,-0.7440260521888808,-0.003715882966438707,2.0738801487230063e-07,1.930657680983272e-07
211862828.13919255,-0.7440264444237319,-0.0037159612857953165,2.7801598734278343e-07,1.9848724242509108e-07
211863125.1823925,-0.7440277320211691,-0.003716313512217949,1.1792287146761282e-07,5.0343415948159165e-08
211863366.15199253,-0.7440284055975984,-0.0037163528832413447,3.595300923642242e-07,1.767253459154447e-07
211863487.19839248,-0.7440291900669632,-0.003716509522529443,3.495986344859148e-08,1.0341529776969338e-07
211863665.1823935,-0.7440298264912996,-0.003716662544323696,7.49713131575902e-08,7.300010017004602e-08
211864025.21119246,-0.7440309736986523,-0.00371680513633725,2.968256282986914e-07,1.7871538178547766e-07
211864266.18079242,-0.7440322247062068,-0.003716812795288666,-3.7300957433927806e-08,3.374734627464328e-07
211864385.15359342,-0.7440323355990723,-0.003716930063518095,3.0465707689941723e-07,3.024359932963551e-07
211864506.1999934,-0.744032757329853,-0.0037171007510613152,3.437801400218987e-07,2.1545769494533615e-07
211940285.22078586,-0.7443467129827686,-0.0037750325874707745,4.405194976575544e-07,1.592142971108823e-07
211940645.16318682,-0.7443482594253712,-0.0037755058412856273,5.640193385669789e-07,-7.595189101695238e-08
211940945.14398682,-0.7443499993276177,-0.0037752048464806554,2.1686029672007834e-07,4.2277205434919363e-07
211941185.1631868,-0.7443508498086231,-0.0037757984992613128,4.813724026053734e-07,-1.3130275161848254e-08
211941365.22078675,-0.7443517380416625,-0.0037758202879800014,4.2995226545716747e-07,8.315646378301636e-08
211941485.14398676,-0.7443524487468766,-0.003775746075580019,2.7675988090170023e-07,2.358839402056591e-07
211941665.20158675,-0.7443529589163266,-0.00377619391111438,6.039202954388756e-07,-9.425547308362231e-08
211941785.21118674,-0.7443538548184967,-0.003776009683992865,2.6627424432046354e-07,1.682905322541138e-07
211941965.18238673,-0.7443545649292281,-0.0037763936897196723,3.935994181691882e-07,-9.845442235003471e-08
211942086.1423857,-0.7443552756342291,-0.003776319477905038,2.459103484175884e-07,5.4441628522146346e-08
211942206.1519857,-0.7443555864562004,-0.0037763729260979696,4.938137156962341e-07,7.895810964038061e-08
211942385.1727857,-0.7443562523333668,-0.0037766183773695963,6.616429855110795e-07,-5.037911938315931e-08
211942505.18238667,-0.7443569630382619,-0.003776544165905029,5.099895866722548e-07,1.0154574201295952e-07
211942626.14238667,-0.7443576212457247,-0.0037769956338035847,4.153917027016618e-07,-2.716952737934382e-07
211942746.15198666,-0.7443580287982211,-0.003776661957819806,5.671491808412199e-07,1.3949185548745718e-07
211942865.21118563,-0.7443586799306865,-0.003776861224614086,4.7102308309288077e-07,1.7022918392169822e-08
211942985.22078565,-0.7443590349856654,-0.0037770532279460256,6.755306872774369e-07,-9.76696932775134e-08
211943106.18078664,-0.7443597604347586,-0.0037770252020047986,5.142024184223715e-07,8.177504943595454e-09
211943225.1535856,-0.7443604192366648,-0.0037770184527692796,4.103769077890007e-07,9.136995377748841e-08
211943345.1631866,-0.7443608185246169,-0.0037773490111304396,5.710246584467171e-07,-1.6217897499601341e-07
211943526.17118558,-0.7443619515262043,-0.0037769873100599225,2.8279387132013056e-07,3.154840901944435e-07
211943646.18078658,-0.7443628102694763,-0.003776916731722775,-1.5708323974905625e-08,4.628203677898776e-07
211943766.19038656,-0.7443630615185239,-0.003777243658395561,2.934037554025437e-07,2.1255149888635763e-07
211943885.16318655,-0.7443634755505107,-0.0037776204020160587,4.3500931723450265e-07,-8.829535518397116e-08
211944005.17278555,-0.744364127277634,-0.0037773614521913117,3.4387951663994443e-07,2.4711309566010156e-07
211944125.18238553,-0.7443646970179402,-0.0037775358116281643,3.3485370853902907e-07,1.4911238481636613e-07
211944305.1535865,-0.7443653257354435,-0.0037778949110302278,5.472236185299906e-07,-9.566347439248293e-08
211944546.2095865,-0.7443663319214039,-0.0037782861832516526,6.680059463359811e-07,-3.341603048126647e-07
211944725.1439865,-0.7443673310327724,-0.0037784252544649185,5.057310703548978e-07,-3.6008693815115303e-07
211945026.16158646,-0.7443686928681803,-0.0037785503139570065,5.522452741768547e-07,-2.9530392607786393e-07
211945145.22078547,-0.744369240789461,-0.0037784262878586294,5.615478636533666e-07,-9.636307640942601e-08
211945266.18078542,-0.7443698624320677,-0.00377853318677536,5.061341856738011e-07,-1.272510300608272e-07
211945386.19038543,-0.7443704693303596,-0.003778593900815295,4.6112337326320585e-07,-1.1265065706731608e-07
211945506.19998643,-0.7443711723642221,-0.0037787257085997025,3.2008310213438307e-07,-1.6924285371668762e-07
211945625.17278638,-0.7443715793210484,-0.0037788502518650777,4.703684211015968e-07,-2.193177873685559e-07
211945745.18238539,-0.7443721938893665,-0.003778704949908122,4.1800213412823695e-07,1.0032749592041312e-09
211945865.1919854,-0.7443729635701826,-0.0037788154817355243,2.106266020485137e-07,-3.4607950942511234e-08
211945986.15198538,-0.744373266721105,-0.0037790749478071126,4.743375749960421e-07,-2.186596624407372e-07
211946106.16158536,-0.7443737704095973,-0.0037788123674427194,5.331588006640686e-07,1.1864385139831804e-07
211946225.22078636,-0.7443744657728609,-0.0037791501921860065,3.95949735110257e-07,-1.4514650437938079e-07
211946406.14238635,-0.7443754129802205,-0.0037793567270134627,2.9709697879631847e-07,-2.393638560711092e-07
211946525.20158535,-0.744375857095455,-0.0037793676245083657,4.113807554606552e-07,-1.7646989247492584e-07
211946645.21118534,-0.7443763678577797,-0.003779357245820266,4.6357159722010266e-07,-9.180806362580132e-08
211946765.2207863,-0.7443771599527004,-0.0037793079473115703,2.3452597330830827e-07,3.167595680371449e-08
211947006.1903853,-0.7443785583485123,-0.003779777582006767,-3.302578666097844e-08,-2.892945392195083e-07
211947125.16318628,-0.7443787364719703,-0.0037794153671150605,3.473163070477625e-07,1.461749892877305e-07
211947426.18078625,-0.7443798240465787,-0.0037798315520511322,6.731398911608011e-07,-8.509160636608476e-08
211947605.20158526,-0.7443810083532585,-0.0037798606136822126,3.2967706320441437e-07,-4.467758524685089e-09
211947726.16158625,-0.7443815261888608,-0.003780102437044372,3.8009103930924937e-07,-1.7230101997120842e-07
211947845.22078523,-0.7443818370096033,-0.003780155887590221,6.286772293861986e-07,-1.5301986315942664e-07
211947965.1439852,-0.7443825624569977,-0.0037801278664604697,4.667826596360669e-07,-5.183506028832302e-08
211948086.19038522,-0.7443833468807768,-0.003780284585628832,2.5127686520409753e-07,-1.3480270265320282e-07
211948206.1999862,-0.7443838057397162,-0.0037803416691841686,3.565482398215636e-07,-1.1886289285733403e-07
211948385.2207852,-0.7443845754192479,-0.0037804522035922313,4.285493647726568e-07,-1.206450232923116e-07
211948565.19198516,-0.7443853745868547,-0.003780655108258446,4.7571612415975295e-07,-2.1443467870243746e-07
211948805.21118617,-0.7443864775016015,-0.003780659262788971,5.018019082481118e-07,-7.340162149751736e-08
211949345.2111851,-0.7443891197744626,-0.0037808844883429537,4.007276127593329e-07,2.662888971220051e-08
211949525.1823851,-0.7443898003913768,-0.0037811761310671023,5.673844962750252e-07,-1.5703823419768725e-07
211949825.16318607,-0.7443912731019653,-0.0037814184786659584,5.07301111896119e-07,-2.198800958903499e-07
211950005.22078505,-0.7443923612719954,-0.003781376450016143,2.6724930490829024e-07,-7.038846445072897e-08
211950185.19198504,-0.7443929976564798,-0.0037815295381525733,4.787346828960537e-07,-1.1627579265052757e-07
211950485.172785,-0.7443944703664007,-0.0037817718871117037,4.1962127805827976e-07,-1.8040608751020495e-07
211950665.14398497,-0.7443950920066845,-0.003781878790553334,6.4625931561757e-07,-1.806675785369534e-07
211951145.18238494,-0.7443975048475321,-0.0037820754799852813,4.967520542686898e-07,-9.392867745877317e-08
211951386.15198493,-0.7443988371898432,-0.003782108181186037,3.009368355622044e-07,1.5089451612694538e-08
211951631.18238592,-0.7443997843936031,-0.003782314722665357,5.096634194678984e-07,-4.772366049956081e-08
211951806.1423859,-0.7444006354623601,-0.0037824501699630277,4.841187651871692e-07,-8.077723089548738e-08
211951985.1631859,-0.7444013013337741,-0.0037826956298217707,6.630587066069893e-07,-2.2166729148455702e-07
211952225.18238485,-0.7444028259450437,-0.0037828705214783052,2.713111328933593e-07,-2.5667589643270025e-07
211952405.15358582,-0.744403403352957,-0.0037828388710837465,5.43491394555673e-07,-1.2037600547213853e-07
211952825.1439858,-0.7444055053716525,-0.0037829821136281814,4.245815709014167e-07,-2.0191462752651435e-08
212027166.20957983,-0.7447632926026768,-0.0038076151421403115,3.780735542413538e-07,-6.251770775849916e-08
212027466.1903798,-0.7447647287098479,-0.0038075130747993588,4.2623877805070265e-07,3.0710503543841805e-08
212027646.16157877,-0.744765831584302,-0.003807517351072419,2.1375810410617646e-07,2.06309079945656e-08
212027825.18237877,-0.7447664237145026,-0.003807531948298501,5.07252746029252e-07,-1.1039955364819387e-10
212028065.20157975,-0.7447677412678598,-0.003807518605917741,3.76975528793011e-07,4.414424299627878e-09
212028245.17277974,-0.7447685922954257,-0.0038076541438708117,4.161034660166152e-07,-1.381700066166447e-07
212028604.16477972,-0.7447705026165352,-0.003807197184517409,2.8115222117097716e-07,3.036236680730234e-07
212028786.2095787,-0.7447714055509786,-0.0038072652681328503,2.7837802052399496e-07,2.2728611643067428e-07
212028966.18077868,-0.7447722418388013,-0.003807354620464114,3.3190656123505136e-07,1.2940223925294453e-07
212029145.20157868,-0.7447731152942314,-0.003807330331468503,3.4347567912096366e-07,1.4483897593786654e-07
212029325.17277965,-0.7447739887496131,-0.003807306042695459,3.596464628330409e-07,1.5986160912650343e-07
212029505.14397863,-0.7447748397765978,-0.0038074415821942884,3.9814494023904246e-07,1.4688951137896422e-08
212029686.15197864,-0.7447757356602263,-0.0038072574658183783,3.968060962034059e-07,1.887473346090518e-07
212029866.20957962,-0.744776653333572,-0.0038073717373556778,3.6887241938732274e-07,6.41039970021226e-08
212031005.22077852,-0.7447820863140102,-0.0038073682231675892,5.614906884998661e-07,-6.407115021259818e-09
212031185.1919785,-0.7447834410338061,-0.0038072412454005534,9.51846509389398e-08,1.075539154370142e-07
212031365.16317847,-0.7447840331631673,-0.003807255845666916,3.9133162654803044e-07,7.957923438750222e-08
212031846.15197945,-0.7447866240486671,-0.00380709061519471,1.7374108685075385e-07,2.073174628397685e-07
212032026.20957947,-0.7447873789494294,-0.0038071550528209,3.0700787656545714e-07,1.281930470872772e-07
212032206.18077943,-0.744788267143183,-0.0038071769542786806,3.0640159254247123e-07,9.125868238738302e-08
212032565.17277938,-0.7447901101770046,-0.0038071994897536624,2.3338204191425405e-07,3.768623041714922e-08
212032745.1439794,-0.7447908503382931,-0.0038072177415413517,3.80326564464184e-07,3.3502507495661304e-09
212032925.20157838,-0.7447917385317735,-0.0038072396438972706,3.794968658210607e-07,-3.499325139160944e-08
212033105.17277837,-0.7447926491541925,-0.0038071017185720203,3.556411491967282e-07,8.615080104293002e-08
212033285.14397934,-0.7447935892549312,-0.003807056166718988,3.0213242074861313e-07,1.1457450650818185e-07
212033466.15197834,-0.7447944627090903,-0.0038070318831675176,3.2019816165185233e-07,1.2128243679796966e-07
212033646.20957935,-0.7447952989949485,-0.003807121241108205,3.7056896595721867e-07,1.4095186082110217e-08
212033825.1439793,-0.7447962910029209,-0.003807008235348877,2.595032322361135e-07,1.0904209077648372e-07
212034066.19997928,-0.7447974233529783,-0.0038071048950357638,3.136417315863227e-07,-1.2481213497624044e-08
212034305.18237928,-0.7447986300395454,-0.00380697427263352,2.828957050837744e-07,9.288740212892374e-08
212034546.15197924,-0.7447996367864742,-0.0038069074544798426,4.615150742681706e-07,1.3363546327686826e-07
212034726.20957926,-0.7448006358431183,-0.0038070466511140803,3.479534332884171e-07,-2.5437123844351123e-08
212034905.1439782,-0.7448015759433705,-0.0038070011014538626,2.876209248547923e-07,2.6414718502787427e-11
212035085.20157823,-0.7448024346579909,-0.0038069306332896118,3.139883723024539e-07,4.994725290655144e-08
212035266.2095792,-0.74480324146509,-0.003806927619865256,3.967213106914613e-07,3.196721407245154e-08
212035566.19037917,-0.7448046923080254,-0.0038068717559535436,4.19613666036156e-07,5.229672702788263e-08
212035746.16157815,-0.7448056695765778,-0.0038067125662595482,3.262081322841226e-07,1.8972530189433068e-07
212035926.21917915,-0.7448064469055161,-0.003806617180267106,4.3294247265013297e-07,2.6300904008760145e-07
212036105.15357912,-0.7448074459614616,-0.003806756378881441,3.1220977347867773e-07,1.0151952795816113e-07
212036285.21117914,-0.7448084379689162,-0.0038066433766494085,2.038090834988182e-07,1.9176354601078624e-07
212036466.2191791,-0.7448091409605588,-0.0038067752735015748,3.8885251940623533e-07,3.665852867703462e-08
212036645.1535781,-0.74481011118073,-0.0038063638839456984,2.9625884934159075e-07,4.2478193798848804e-07
212036825.21117806,-0.7448109769432404,-0.0038065456190643034,3.133924576514957e-07,2.1931079801284711e-07
212037005.18237907,-0.744811909352159,-0.0038067060866952304,2.632129011415074e-07,3.4795124417581064e-08
212037186.19037804,-0.744812849451785,-0.003806660540132333,2.101767677675781e-07,5.5830192037184534e-08
212037425.17277902,-0.7448139151535407,-0.0038067784729410637,3.1526609889365176e-07,-9.496183381871651e-08
212037605.143978,-0.7448148776828686,-0.0038065730991897802,2.3413340477507205e-07,8.529472891351253e-08
212037785.20157802,-0.744815691537162,-0.0038068222898311865,3.01842247307782e-07,-1.8934346455827533e-07
212038025.22077897,-0.7448167059740967,-0.0038065494622673856,4.6213640325643013e-07,4.906921607710987e-08
212038265.15357897,-0.7448180606915654,-0.0038064224982205025,2.8125871054385243e-07,1.4107042500214467e-07
212038506.20957896,-0.7448192007305023,-0.0038063131506656375,3.2007587458249276e-07,2.1473023666205432e-07
212038745.19197893,-0.7448201997850888,-0.0038064523529850167,4.892559863911572e-07,3.959478392509194e-08
212038985.21117893,-0.7448215320722286,-0.00380648521801072,3.2978313901921297e-07,-2.990990619154005e-08
212039225.1439789,-0.7448225977730538,-0.0038066031535120438,4.3597811560935895e-07,-1.850204654364057e-07
212039465.16317785,-0.744823871104734,-0.003806451272531058,3.344609581512614e-07,-7.087374549958128e-08
212114706.17117226,-0.745163348305989,-0.003774472576100716,5.074117264136646e-07,5.1429111782609616e-08
212114945.15357223,-0.745164599183112,-0.0037744806474364263,2.6442613276778104e-07,-1.222965941489497e-07
212115185.17277223,-0.7451655988902652,-0.003774161735806258,2.7627346566028166e-07,2.989446089588996e-08
212115426.1423732,-0.7451664870626611,-0.003774183735444314,4.029384339521158e-07,-1.5983294416850938e-07
212115606.1999732,-0.7451674201227473,-0.0037738860850988435,2.2770948471251273e-07,1.2262687565031682e-08
212115785.22077218,-0.7451679308560666,-0.0037738758244055936,4.7003592973382524e-07,-1.0249756278273014e-07
212115965.19197217,-0.7451687972690779,-0.003773599435158795,3.602679033987144e-07,4.801829119570333e-08
212116146.19997212,-0.7451694854998834,-0.0037736852176915676,4.3262069160387995e-07,-1.6455219060528686e-07
212116326.17117214,-0.7451703000001662,-0.003773476277651513,3.7392649732126415e-07,-8.186073258359752e-08
212116505.1919721,-0.7451712625291853,-0.003773271004636717,1.6279291559229137e-07,-2.3530019746878517e-09
212116685.1631731,-0.745171573320949,-0.0037733245264575392,6.069611303560762e-07,-1.824906881446771e-07
212116865.22077307,-0.745172587762788,-0.003773051805026724,3.474127877600708e-07,-3.662794799278238e-08
212117226.19997308,-0.745173861083568,-0.0037729000546881056,5.861972423026884e-07,-1.3974612921886786e-07
212117405.22077206,-0.7451748383469755,-0.003772740970836793,3.581824387088872e-07,-1.0732497379359329e-07
212117645.15357205,-0.7451758156103868,-0.0037725818872661443,3.844163295463332e-07,-1.182738430505724e-07
212117825.211172,-0.7451767486709026,-0.003772284239482416,2.039122243280289e-07,5.1569954616966646e-08
212118005.18237302,-0.745177511258516,-0.0037721427498818502,1.9307261345247184e-07,6.514457457501566e-08
212118185.15357298,-0.7451781328417101,-0.003772249794688508,3.2278731643131664e-07,-1.69985935903616e-07
212118426.209573,-0.745178880695022,-0.0037720621172244407,5.805229211786056e-07,-1.5413304485078355e-07
212118605.14397195,-0.7451797765770074,-0.003771878107123583,4.305538303661649e-07,-9.786128545279799e-08
212118785.20157197,-0.7451804430489309,-0.0037716655023146087,5.142182849526833e-07,-1.3961769346551578e-08
212118965.1727729,-0.7451810723421848,-0.0037715665344632767,6.342387615099199e-07,-4.380137715769353e-08
212119145.14397293,-0.745182012426934,-0.0037715210894979116,4.4300229440352723e-07,-1.2732615489990246e-07
212119330.21277192,-0.7451829083089715,-0.0037713370802219793,3.1669091204999944e-07,-7.61071801669809e-08
212119505.1727719,-0.7451836189836336,-0.0037712630406055016,3.3309339964038287e-07,-1.27759266956972e-07
212119745.1919729,-0.7451846481601068,-0.0037710365109657755,3.0062982681045014e-07,-7.390179090948149e-08
212119925.16317287,-0.74518526271917,-0.0037708913556918026,4.328690349497677e-07,-5.840093191857021e-08
212120105.22077188,-0.7451861733354584,-0.003770753535475094,2.6892871851647016e-07,-5.0451101432820444e-08
212120286.14237183,-0.7451868320970618,-0.003770746945094385,3.5993878699791537e-07,-1.7450749412346866e-07
212120586.20957184,-0.7451880464810957,-0.0037704104472350815,3.880030201575124e-07,-5.502767324878227e-08
212120885.1535728,-0.7451891423049207,-0.0037701626586309498,5.286206412602468e-07,-2.3852602893705e-08
212121065.21117178,-0.7451901195684641,-0.003770003579166991,2.954223858875338e-07,4.5646899823371945e-09
212121245.18237177,-0.7451906969486449,-0.0037699720615988978,4.6125253638784613e-07,-9.466031513673256e-08
212121426.19037274,-0.745191392889153,-0.003769851835382458,5.122991177941572e-07,-1.0607246712489998e-07
212121605.21117276,-0.7451923035054611,-0.003769714016805216,3.399684667115821e-07,-9.858603651361278e-08
212121786.21917275,-0.745193066093211,-0.0037695725306896967,3.2335279021022956e-07,-8.901760732444447e-08
212121786.21917275,-0.745193066093211,-0.0037695725306896967,3.2335279021022956e-07,-8.901760732444447e-08
212121965.1535727,-0.7451937620337349,-0.0037694523049574824,3.6433309935635094e-07,-9.93338190313775e-08
212122205.17277172,-0.745194724563223,-0.0037692470385801238,3.895014624166748e-07,-6.93825036959285e-08
212122385.1439727,-0.74519544997188,-0.0037692191896710504,4.040884511447018e-07,-1.731429031849585e-07
212122565.2015727,-0.7451959684157721,-0.00376900292002889,6.254780323677878e-07,-8.867639809560443e-08
212122744.22237265,-0.7451969085001893,-0.0037689574791714146,4.204514014727323e-07,-1.7440757496588535e-07
212122985.19197166,-0.7451978710297281,-0.0037687522136842047,4.46524709096785e-07,-1.4590347950172236e-07
212123165.16317162,-0.7451985003230315,-0.0037686532490538386,5.549677907223938e-07,-1.791014901889737e-07
212123345.22077164,-0.7451993962053536,-0.003768469244119359,3.966476992411927e-07,-1.274457719622514e-07
212123525.1919726,-0.7452003657576696,-0.0037685161807309428,1.6377317002547187e-07,-3.0678941599551063e-07
212123705.1631726,-0.7452009066470336,-0.003768140086973126,3.5902874717663735e-07,-6.322223522437984e-08
212123946.21917257,-0.7452018025294207,-0.0037679560826724763,4.4831040357795615e-07,-5.69101686128011e-08
212124123.16637158,-0.7452024984700262,-0.003767835858726717,4.7491515431374864e-07,-6.72532895675676e-08
212124305.21117258,-0.7452033424391319,-0.0037677193031444554,3.737613404330986e-07,-8.51409340794397e-08
212124483.19517154,-0.7452041050270154,-0.003767577819502522,3.3688179879032276e-07,-7.521228437929947e-08
212124665.15357253,-0.7452048528809737,-0.003767390147750665,3.303898528095317e-07,-2.2144555782838138e-08
212124846.1615715,-0.7452056744045835,-0.003767433417584898,2.4580045188127286e-07,-1.9942530038452588e-07
212125205.15357247,-0.7452068593216984,-0.003767004549877798,5.207919930860783e-07,-3.6657910843125585e-08
212199306.19996735,-0.7454670569098683,-0.0037146485580164704,2.9755303454503945e-07,-1.9612510576954428e-08
212199606.18076736,-0.7454678412366338,-0.003714805524623068,4.6178523405160377e-07,-3.666365443041539e-07
212199726.1903673,-0.7454682263958882,-0.0037146318062472867,4.558678270427663e-07,-2.6887116885655413e-07
212199846.1999663,-0.7454689076092792,-0.003714465447414825,1.537602630774515e-07,-1.7841854127193663e-07
212199964.22236732,-0.7454688269529242,-0.0037139822987325845,6.071117019113004e-07,2.3012683965416628e-07
212200085.18236732,-0.7454692927685876,-0.0037142917291600286,5.231298274566143e-07,-1.55716074794459e-07
212200205.1919663,-0.7454700329038353,-0.003714310128105863,1.6168982330810877e-07,-2.49879024810315e-07
212200326.1519663,-0.7454698112245237,-0.003714075501351371,7.649232598438971e-07,-9.156741607660446e-08
212200446.1615663,-0.7454701739269323,-0.0037140616061650394,7.806373771845898e-07,-1.5333889667734635e-07
212200565.2207673,-0.745470928792605,-0.0037141261946973796,4.010533244391823e-07,-2.929463973882357e-07
212200685.14396727,-0.7454712992215444,-0.0037139062872755895,4.084897211598104e-07,-1.4855316738662458e-07
212200806.19036627,-0.7454716766543606,-0.0037139385816454,4.123185519677719e-07,-2.57018549583779e-07
212200925.16316727,-0.74547215792292,-0.003713835987752591,3.056400083023547e-07,-2.292410458586483e-07
212201105.22076625,-0.7454724245161463,-0.003713750968757948,6.056983485880352e-07,-2.5735710320901745e-07
212201226.18076622,-0.7454728391364124,-0.0037136696297080285,5.715652774407332e-07,-2.5195587754047247e-07
212201345.15356624,-0.7454732909441779,-0.0037134746571695766,4.9385134603952e-07,-1.3162250549160134e-07
212201466.1999672,-0.7454734312445248,-0.0037136843494676333,7.34019325099311e-07,-4.172024530460332e-07
212201586.2095662,-0.7454740310793182,-0.0037134930569842216,5.112483552061065e-07,-3.0109502337271124e-07
212201705.1823672,-0.7454742604850497,-0.003713521671663891,6.555051021983616e-07,-4.041931262492235e-07
212201825.19196722,-0.745474978886118,-0.003713241680520745,3.1387717613906574e-07,-1.9928156121335264e-07
212201945.2015662,-0.7454752005650584,-0.00371347630760659,4.6882447246598957e-07,-5.089346551312608e-07
212202066.16156617,-0.745475630638933,-0.0037129829442121647,4.1821019691745676e-07,-9.113680919095243e-08
212202185.2207662,-0.7454756600996869,-0.0037130753230419176,7.620991326895421e-07,-2.578397762329626e-07
212202305.14396617,-0.7454761862827425,-0.0037126530838650787,6.118271098642936e-07,8.95904169314829e-08
212202425.15356615,-0.7454765707189824,-0.0037129375805347556,6.034234026897067e-07,-2.697139516697096e-07
212202546.19996613,-0.7454769636054599,-0.003712557850810877,5.896661667836867e-07,3.461812452800958e-08
212202666.20956716,-0.7454773185809153,-0.0037127499687241517,6.104213229329858e-07,-2.3219535980837508e-07
212202785.18236715,-0.7454777556585148,-0.0037125088073583635,5.45678993657539e-07,-6.502852896396114e-08
212202905.19196612,-0.745477992791152,-0.0037123314099536367,6.839751776066549e-07,3.7786126675081605e-08
212203025.20156613,-0.7454785624418784,-0.003712505953516537,4.896008084509518e-07,-2.1128290424426294e-07
212203445.1919671,-0.7454797179209417,-0.0037119848021709345,6.462445970578656e-07,4.9513233965105263e-08
212203686.1615671,-0.7454808726763059,-0.0037119218653120668,2.434634598369456e-07,-3.660266263867673e-08
212203925.14396706,-0.7454810726213352,-0.003711858101577207,7.886684253444187e-07,-1.2042337555265292e-07
212204166.19996703,-0.7454821971919943,-0.003712161000378049,4.15079945081942e-07,-5.719424704662447e-07
212204465.14396602,-0.7454830271568045,-0.0037115401106261065,5.155498818965043e-07,-1.3501652271381837e-07
212204645.201566,-0.745483427046911,-0.003711412583421817,6.75592392140878e-07,-1.1810511028366444e-07
212204825.17276698,-0.7454840044245451,-0.003711381115571754,6.575159940958031e-07,-1.970570404291952e-07
212205005.143966,-0.7454843748541462,-0.0037111612095795513,8.460230105367117e-07,-8.742643216189463e-08
212205245.16316697,-0.7454854776912894,-0.003711165718243959,4.880427646458685e-07,-2.3877693903270186e-07
212205546.18076694,-0.745486381307858,-0.0037107757765934848,5.17651932430141e-07,-3.2623172359271674e-08
212205785.16316694,-0.7454871586305706,-0.0037106805458678037,4.804895247234597e-07,-8.300503422141794e-08
212206025.1823659,-0.7454875809784881,-0.003710393196306192,8.008473181275733e-07,5.837084535945808e-08
212206205.1535669,-0.7454881211681665,-0.0037104753625333145,8.171128507150627e-07,-1.3306925948728537e-07
212206385.21116692,-0.7454888318425031,-0.0037104013866280598,6.627810323900363e-07,-1.6826350448563565e-07
212206565.18236688,-0.7454893278415106,-0.0037103449846355055,7.224760397717134e-07,-2.2082161620388605e-07
212206745.15356588,-0.7454900013278297,-0.003710384642332117,6.043003968336791e-07,-3.6928023930578313e-07
212206925.21116585,-0.7454908158385022,-0.003710175779090589,3.4498151546547007e-07,-2.691093060427398e-07
212207105.18236685,-0.745491067701835,-0.003710044572081137,6.47656421270959e-07,-2.4638011109946734e-07
212207286.19036683,-0.7454917783761394,-0.0037099705967905995,4.943227396303485e-07,-2.813422765070295e-07
212207525.1727668,-0.7454922821028759,-0.0037097081829333602,7.258395458009659e-07,-1.6250044575748246e-07
212207766.14236578,-0.7454933702095684,-0.0037096665046671548,3.7838826183467233e-07,-2.652889045792403e-07
212208006.16156578,-0.7454938444761188,-0.0037093117120641545,6.411510847792457e-07,-5.409087514398128e-08
212208245.14396676,-0.7454946512591023,-0.003709308862031482,5.67510720528297e-07,-1.939115788075589e-07
212208485.16316676,-0.7454955246904293,-0.003709284757895296,4.2969247548985123e-07,-3.1278849806169046e-07
212208845.19196674,-0.7454968204701731,-0.0037089733055753046,2.359890024505873e-07,-2.1521952177274567e-07
212209145.1727667,-0.7454976055209052,-0.0037086720649544477,3.6796322466781106e-07,-9.164208174955446e-08
212209385.1919657,-0.7454983084671302,-0.0037088041033050763,3.979255688291161e-07,-3.6546782020878757e-07
212209565.16316566,-0.7454988641125516,-0.0037084742466790667,3.913506650965459e-07,-1.4171165061988705e-07
212209745.22076568,-0.7454992857350079,-0.003708645112639048,5.186497432640991e-07,-4.18543188024801e-07
212210105.16316664,-0.745500700081662,-0.0037082449638484553,2.00376061298968e-07,-2.2966025579537752e-07
212210585.20156562,-0.7455017439980122,-0.0037080647196983275,6.156439036342221e-07,-3.2998328227014373e-07
212210826.17116562,-0.7455027809126898,-0.0037076322740773543,3.1008318701619686e-07,-3.7856027334561004e-08
212211065.15356657,-0.7455035435054115,-0.0037074908575653563,2.7206454933370594e-07,-3.5251854071244315e-08
212282226.18076205,-0.7456981307232805,-0.003689561450000407,3.9361631809509134e-07,-2.3032537574494555e-07
212282465.163161,-0.7456988406437899,-0.0036899457313682394,3.3946279776042587e-07,-6.033949825024962e-07
212282646.17116103,-0.7456993071850968,-0.0036897969792808083,3.6973530492812046e-07,-4.458842807930803e-07
212282765.14396203,-0.7456994404826172,-0.0036897544786960203,5.630425735647648e-07,-3.975014120118081e-07
212282885.15356198,-0.7456998698302242,-0.0036897193576252356,4.631931342924389e-07,-3.5634585698147633e-07
212283005.163162,-0.7457002325290621,-0.003689705486883428,4.3003933236640535e-07,-3.3633912856602735e-07
212283126.209562,-0.7457006099554019,-0.0036897378065089584,3.850520458037465e-07,-3.6236680469063295e-07
212283246.219162,-0.7457009726542181,-0.003689723935846035,3.519909131943777e-07,-3.421558825607296e-07
212283426.19036096,-0.7457013872742912,-0.0036896426246355273,4.3179359554557095e-07,-2.511455412211594e-07
212283546.19996196,-0.745701801894367,-0.0036895613134761604,3.469236938835607e-07,-1.6323916326088303e-07
212283725.22076097,-0.7457022754244006,-0.0036896647637090947,3.6537064818098486e-07,-2.5666111954161797e-07
212283845.14396194,-0.7457025490081164,-0.0036898319646907246,4.214086118947691e-07,-4.170168350398247e-07
212283965.15356094,-0.7457028527969519,-0.0036896333328815855,4.4752177397189286e-07,-2.1143226886389394e-07
212284085.16316193,-0.7457033115994377,-0.0036896905929188887,3.1866363969790257e-07,-2.616368055389541e-07
212284266.17116094,-0.7457038665055938,-0.00368981898349483,2.614846972281981e-07,-3.7919103654769637e-07
212284385.1439619,-0.745703999803112,-0.0036897764830892575,4.55383930675346e-07,-3.294403885687955e-07
212284505.1535609,-0.7457040811793387,-0.0036898014232308214,7.04096208448135e-07,-3.4696427518923767e-07
212284625.1631619,-0.745704791849323,-0.00368972749233286,3.235547624269586e-07,-2.655136896886033e-07
212284745.1727619,-0.7457051692754901,-0.0036897598124595054,2.7629663945649696e-07,-2.902105367707554e-07
212284866.21916187,-0.7457055095077807,-0.003689905763494999,2.69124307838986e-07,-4.283673310117621e-07
212284985.19196087,-0.7457056575327429,-0.0036899094535024213,4.4849190716789167e-07,-4.2429359767282016e-07
212285105.20156088,-0.7457060132429648,-0.0036896433814614057,4.2306511649492506e-07,-1.5028652469240358e-07
212285225.21116188,-0.7457062349051323,-0.0036898780232446225,5.317237943280873e-07,-3.768890255583142e-07
212285346.17116085,-0.7457068866652959,-0.003689619331379891,2.1293772400898803e-07,-1.0998854792611604e-07
212285466.18076083,-0.7457070052353927,-0.0036895306407382683,4.2476199446639384e-07,-1.3048782031028355e-08
212285585.15356183,-0.7457072416249153,-0.003689811472939923,5.159478220218006e-07,-2.855997120175015e-07
212285705.16316184,-0.7457075376748025,-0.0036898188531103776,5.50363109197427e-07,-2.845219530039564e-07
212285825.1727608,-0.7457079375673605,-0.0036896913523414916,4.809704835517792e-07,-1.4845813362711693e-07
212285885.1823618,-0.74570836691476,-0.003689656232338656,2.1689914397882148e-07,-1.090167821792519e-07
212286065.1919608,-0.7457086552255102,-0.0036898696241588684,4.2441435366136204e-07,-3.0928776286560586e-07
212286185.20156083,-0.7457088179778429,-0.0036899195046630794,5.922630351706815e-07,-3.5028876261156833e-07
212286305.2111618,-0.7457092992465503,-0.003689816944309333,4.416279658636668e-07,-2.387430495195443e-07
212286425.2207608,-0.7457096619451434,-0.003689803074566752,4.095950896232381e-07,-2.1578190464088473e-07
212286545.1439618,-0.7457101804078363,-0.0036895868835183864,2.2159157153645026e-07,9.600119926875955e-09
212286665.1535608,-0.7457102540447891,-0.0036898178353518573,4.78682867899316e-07,-2.1204772840616518e-07
212286851.17276075,-0.7457108314170181,-0.003689786405870614,4.140113554207403e-07,-1.6598594823483484e-07
212286966.17116076,-0.745711186376336,-0.0036899785478318866,3.7604302693949876e-07,-3.489536652542466e-07
212287084.19356176,-0.7457114382439838,-0.0036898473572290705,4.4952976485657103e-07,-2.0824529963804628e-07
212287205.15356076,-0.7457117637485075,-0.003689947118507237,4.575064338485646e-07,-2.9814421887482817e-07
212287325.16316172,-0.7457122450171733,-0.0036898445585697138,3.0712690557432865e-07,-1.856914692266974e-07
212287445.1727617,-0.7457125333276284,-0.0036900579507086182,3.4973308027375083e-07,-3.890830737305652e-07
212287565.18236172,-0.7457128665714011,-0.003689951700554618,3.4743289045735537e-07,-2.7272445655285305e-07
212287745.1535607,-0.7457132292698927,-0.003689937831189857,4.810799735244231e-07,-2.434932915153058e-07
212287925.2111617,-0.7457137027991788,-0.003690041282991003,5.041921610215994e-07,-3.3133183952645945e-07
212288105.1823617,-0.7457142359892223,-0.003689871282943809,4.674610292187964e-07,-1.4548135181691874e-07
212288286.19036067,-0.7457148056218784,-0.003690045865661507,3.97201717183826e-07,-3.038748415569448e-07
212288525.17276067,-0.7457153310724789,-0.003690081877312677,5.311473320057658e-07,-3.1813065603895907e-07
212288705.14396164,-0.7457159084444804,-0.003690050448687028,4.504068593647048e-07,-2.7003080399056606e-07
212288886.15196064,-0.7457163525189563,-0.0036900615200749424,5.058731974427744e-07,-2.6408494096337096e-07
212289065.17276162,-0.7457170112669836,-0.0036900550320678343,3.4122753800325256e-07,-2.405191588832935e-07
212289245.1439616,-0.7457173662258263,-0.003690247174658576,4.830382550613521e-07,-4.152445959057331e-07
212289425.20156062,-0.7457178327670833,-0.0036900984251157947,5.135474411277485e-07,-2.4881920500591584e-07
212289605.1727606,-0.7457183434902345,-0.0036900882468320012,4.996767940523839e-07,-2.2072255442210503e-07
212289785.14396158,-0.7457187503704379,-0.003690212949246425,5.896878456645993e-07,-3.2725486653418026e-07
212289966.15196058,-0.7457194757670713,-0.0036901852118013416,3.640822754391593e-07,-2.809879164093407e-07
212290145.17276153,-0.74571998649015,-0.0036901750337623974,3.476982652905747e-07,-2.5223172644755695e-07
212290325.14396155,-0.7457204452917274,-0.003690232296084177,3.8589340400907446e-07,-2.905637719917767e-07
212290566.19996154,-0.7457211040395227,-0.003690225808863505,3.92879262789414e-07,-2.583214237334916e-07
212290805.1823615,-0.7457215628410385,-0.003690283071334378,5.94136358333941e-07,-2.8959677481716836e-07
212290985.1535615,-0.7457222215887696,-0.003690276584328485,4.3249242542842126e-07,-2.632402866424924e-07
212291165.2111615,-0.7457228214275222,-0.0036900853357862847,3.300212114698553e-07,-5.1854468817360416e-08
212291285.18236148,-0.7457231391916518,-0.003690391109628804,3.436628830399968e-07,-3.440671582474915e-07
212291525.1535605,-0.7457236499145671,-0.0036903809321356036,4.95860152494032e-07,-3.0641783934368463e-07
212291765.17276144,-0.7457242272862122,-0.0036903495049131975,5.815765857786204e-07,-2.4704974221261347e-07
212291945.14396146,-0.7457246116989362,-0.003690634029082494,6.943812648207981e-07,-5.103179067751304e-07
212292306.20956144,-0.7457258850123482,-0.003690482485084768,4.18651806333159e-07,-3.153361638704756e-07
212292486.18076143,-0.7457264329295064,-0.003690358677380556,3.679945163037601e-07,-1.6948006432678311e-07
212292665.2015614,-0.7457268987179424,-0.0036906681424701162,3.9685065955641363e-07,-4.56749925120941e-07
212292845.17276138,-0.7457273133375748,-0.0036905868344139273,4.795106745003608e-07,-3.528632479591308e-07
212293026.1807614,-0.7457278907090522,-0.0036905554078091127,4.0229112385770094e-07,-2.9845846800415077e-07
212293206.15196037,-0.7457282386799415,-0.0036904953495988154,5.516131227345511e-07,-2.1528484967468786e-07
212293385.17276037,-0.7457288455057242,-0.003690556304028728,4.3945822003621515e-07,-2.529790764905192e-07
212293565.14396134,-0.7457293120469308,-0.0036904075560636094,4.7021657167967135e-07,-8.05782292743161e-08
212293746.15196034,-0.7457296592647213,-0.003690805711372404,6.231641764831153e-07,-4.5467122237324853e-07
212293926.20956135,-0.7457302885576693,-0.00369070684503267,4.914097977426479e-07,-3.3159617648850087e-07
212294105.1439613,-0.7457307992802767,-0.0036906966686048375,4.751198908747867e-07,-2.970916622218808e-07
212294285.20156032,-0.745731295275732,-0.0036906403018049476,4.766569811076593e-07,-2.159710453357444e-07
212294465.1727613,-0.7457319462826876,-0.003690839828125455,3.2293850049658346e-07,-3.9048081745471364e-07
212294646.18076128,-0.7457324275509744,-0.003690737271039109,3.4181659991361357e-07,-2.6248519605261145e-07
212294885.16316128,-0.7457327530544008,-0.003690837034290573,6.766364027965821e-07,-3.2823383816537113e-07
212295125.18236023,-0.7457336931235383,-0.0036907917414055985,3.9973683418903505e-07,-2.48285949435139e-07
212295366.15196025,-0.7457344479735117,-0.0036908563880463712,3.1066031835891295e-07,-2.776412756705024e-07
212295546.20956022,-0.7457347734768303,-0.0036909561514877156,4.826205592944888e-07,-3.5070649960023195e-07
212295725.14396122,-0.7457354097563141,-0.0036911094879971437,3.406859065968604e-07,-4.772325305243789e-07
212296025.2111612,-0.7457361870736076,-0.0036910143140419086,3.923302999142564e-07,-3.364718442326088e-07
212296205.1823612,-0.7457366753284326,-0.0036911639594599194,4.012360906857637e-07,-4.5839764519720744e-07
212296445.2015602,-0.7457371418695523,-0.00369101521257028,5.977024007952636e-07,-2.722392565481131e-07
212296685.22076017,-0.7457380594707983,-0.0036911297418466666,3.430685450167559e-07,-3.4884845563415076e-07
212296925.15356016,-0.7457386515688378,-0.0036911445075307444,4.136561362333424e-07,-3.251971363556552e-07
212297165.1727611,-0.7457392064721953,-0.0036912729037846923,5.216308953670534e-07,-4.146495179544081e-07
212455685.1535523,-0.7462689764224404,-0.003790925064303762,3.9000577500836187e-07,-7.236865171489013e-08
212455985.2207513,-0.7462706781847658,-0.0037911968832769704,-4.426825184200567e-08,-1.5750642464720452e-07
212456346.19995227,-0.7462719211828635,-0.0037914113675813228,2.3869141285715045e-07,-1.4835935646835552e-07
212456526.17115125,-0.7462726682119953,-0.003791682140657145,2.5292218508443653e-07,-3.080235173331253e-07
212456705.19195226,-0.7462733338734316,-0.0037919279604631292,3.448082097623484e-07,-4.435757016171653e-07
212456885.16315225,-0.7462740964289487,-0.00379178671618763,3.4412795790750295e-07,-1.9173428045422825e-07
212457125.1823512,-0.7462750286770434,-0.003791947580294127,4.2842938652309925e-07,-2.0549929249024865e-07
212457305.15355122,-0.7462761236600602,-0.0037921583516328456,9.60252772852499e-08,-3.0627201632552753e-07
212457665.1823522,-0.7462773519362791,-0.003792326645424482,3.9415844221846186e-07,-2.552851152471704e-07
212457905.2015512,-0.7462784546824044,-0.0037923314086918077,3.096640667221706e-07,-1.1443089783591889e-07
212458145.2207512,-0.7462793722091178,-0.0037924460814991994,4.1089647206948854e-07,-8.394163508555763e-08
212458386.19035116,-0.7462803338980377,-0.00379269933198347,4.725031904628807e-07,-1.9191307189725046e-07
212458625.17275116,-0.7462814660853241,-0.0037927964811715477,3.5566233336226105e-07,-1.454340062402408e-07
212458805.14395213,-0.7462820798197114,-0.003793109733993932,5.068751167680574e-07,-3.5082163962144725e-07
212458986.15195113,-0.7462830198303614,-0.003793064591465279,3.3648957764587095e-07,-1.9745002594138278e-07
212459165.1727521,-0.7462837815786236,-0.0037933815594086966,3.361812703772671e-07,-4.0763089883925907e-07
212459345.1439521,-0.7462843736349806,-0.003793396418870981,5.098687797522317e-07,-3.153906053929463e-07
212459525.2015511,-0.7462852842039892,-0.0037932588919784758,3.656703480015011e-07,-7.096741995926345e-08
212459705.1727511,-0.7462860312312106,-0.0037935296679181482,3.8490162979076814e-07,-2.3515289184622423e-07
212459886.1807521,-0.7462868976380376,-0.0037932535639599607,2.894221311500189e-07,1.478991585013821e-07
212461145.20155102,-0.746292291174216,-0.0037942824890292194,2.6493693172646715e-07,-1.4423006841970953e-07
212461385.22075102,-0.7462929568331461,-0.003794528312583056,6.241202556989123e-07,-2.509937586320579e-07
212461624.203152,-0.746294362561554,-0.00379479271272295,2.391982643068502e-07,-3.773791357967321e-07
212461806.16155097,-0.7462948732499286,-0.0037947826200751033,5.059968372078671e-07,-2.6250051227572763e-07
212461986.21915197,-0.7462956280400228,-0.003794847389341693,5.20786734847789e-07,-2.2383065293417326e-07
212462226.151951,-0.7462968415922641,-0.003794969497528749,3.330522120315038e-07,-2.084919969720482e-07
212462406.20955196,-0.7462975963821786,-0.003795034267226997,3.483281121319237e-07,-1.7040631900390804e-07
212462585.14395195,-0.7462983139665047,-0.0037952126607145994,3.962068176877054e-07,-2.4683332334931446e-07
212462765.20155194,-0.74629915012346,-0.003795302384765502,3.305167072253923e-07,-2.3419925915691558e-07
212462945.1727519,-0.746299949074774,-0.0037955057326225766,3.018586108849419e-07,-3.3548672920095945e-07
212463306.15195093,-0.746301325360619,-0.003795677750489448,4.711745300589598e-07,-3.0354338415245277e-07
212463485.1727509,-0.7463020429444812,-0.0037958561447469425,5.203821116239737e-07,-3.811561373940654e-07
212463665.1439519,-0.7463027458077364,-0.003795988346590203,5.885635779856457e-07,-4.1228758748852734e-07
212463905.1631519,-0.7463037005369116,-0.0037959894022910937,6.624198902738243e-07,-2.789336798251184e-07
212464205.14395186,-0.7463052248357754,-0.0037961651374267295,4.241054395448529e-07,-2.8729531040532635e-07
212464386.15195087,-0.7463058316111412,-0.0037962261931546804,5.93520731118069e-07,-2.476874031509882e-07
212464565.17275184,-0.7463066530467867,-0.003796269726451062,5.399202724909458e-07,-1.9190538933476498e-07
212464746.18075183,-0.7463074892028166,-0.0037963594525234124,4.802872500819788e-07,-1.8145909816977626e-07
212465764.1455508,-0.7463118102302408,-0.003797017810638289,5.292504074994042e-07,-2.8103215659811e-07
212465945.15355077,-0.7463125130924728,-0.0037971500144664545,6.039257816059518e-07,-3.146846214714498e-07
212466125.21115178,-0.746313415894427,-0.0037972185037211657,4.7471880171290337e-07,-2.853806839718011e-07
212466305.18235177,-0.746314170682714,-0.0037972832770484626,4.932906022547812e-07,-2.526470967260941e-07
212466485.15355173,-0.7463150215582615,-0.003797419197551199,4.1590834676252797e-07,-2.912994135125663e-07
212466785.22075075,-0.746316183181137,-0.00379760874335644,5.442239214836775e-07,-3.1919859821982755e-07
212466965.19195074,-0.7463169898954006,-0.003797606086507323,5.113432653969241e-07,-2.19907517153093e-07
212467145.1631517,-0.74631765555117,-0.0037978519147778044,6.196431223681742e-07,-3.6933816219709287e-07
212467325.22075072,-0.7463186397194399,-0.0037979453598662415,4.099211132757574e-07,-3.665755343960908e-07
212467505.19195172,-0.7463195278003832,-0.003797967658101021,2.9603085160978537e-07,-2.9294769342616545e-07
212467686.19995168,-0.7463199571205213,-0.0037979326146782193,6.454754337692492e-07,-1.6166242413229864e-07
212467865.2207507,-0.7463209412885433,-0.0037980260604258773,4.316319360819776e-07,-1.6015595103759106e-07
212546465.20154792,-0.746663219709373,-0.003817245531636859,2.5339597420348525e-08,-1.1004532273189288e-07
212546645.1727479,-0.7466642635505183,-0.003817065643173956,-2.229371105499922e-07,4.4011381661063914e-08
212546826.1807479,-0.7466643812795842,-0.0038174351948271797,4.5932561332229227e-07,-3.5188418483558803e-07
212547007.1887469,-0.7466656025613473,-0.0038173514259621155,3.7875770630968475e-08,-2.948226543375218e-07
212547425.19194788,-0.7466676019468648,-0.0038167144869948226,-1.1508214137201378e-07,2.7905755918111036e-07
212548985.1439478,-0.7466741956798572,-0.0038169036381431993,1.7345399661028438e-07,-1.6227944472707242e-07
212549165.2015478,-0.7466748396435513,-0.0038168511398444798,3.2295221974454336e-07,-1.4058130354309764e-07
212549346.2095468,-0.7466755494049943,-0.003817235618799682,4.1063546696307185e-07,-5.563720314755854e-07
212549705.2015468,-0.7466778673055563,-0.0038164463362813407,-3.2632108581953645e-07,1.697791096287593e-07
212550065.14394775,-0.7466788808656306,-0.003816632272530281,2.443938458274175e-07,-8.082444237934167e-08
212550365.21114776,-0.7466800796481644,-0.0038167083219490527,3.656738720714259e-07,-2.118250554128398e-07
212550485.18234774,-0.7466810568426246,-0.0038165496696700085,-8.391575079258473e-08,-7.540667620094949e-08
212550725.15354672,-0.7466819596083516,-0.003816618255773129,6.834895438512234e-08,-1.8891589876821047e-07
212550905.21114773,-0.7466826555020876,-0.003816498333926354,1.63804473429785e-07,-1.0309386096977319e-07
212551085.1823477,-0.7466833288973219,-0.003816538225289163,2.8114218042496475e-07,-1.774037640188235e-07
212551267.1407467,-0.7466841433675431,-0.003816329647776091,2.658921076648113e-07,-3.96421415225362e-09
212551445.21114668,-0.7466849794868518,-0.0038164194656308613,2.1167488184481442e-07,-1.2849843359459198e-07
212551625.18234667,-0.7466857420267456,-0.0038162783134780874,2.3913818136822584e-07,-2.2762927103132935e-08
212551805.1535467,-0.7466865781459235,-0.003816368131723206,1.9277234830639145e-07,-1.4832807765721712e-07
212551986.1615477,-0.7466872740395898,-0.003816248210820568,2.90926397084057e-07,-6.46919148987804e-08
212552165.18234766,-0.746688147373166,-0.003816224410460069,2.0266792588596871e-07,-7.71041244536537e-08
212552345.15354666,-0.7466887541219028,-0.0038162855337667066,3.8490315057426727e-07,-1.7495800256435087e-07
212552525.21114767,-0.7466895608091809,-0.003816282964631314,3.673154878036655e-07,-2.0946269739963858e-07
212552705.18234763,-0.7466904341426063,-0.0038162591648547217,2.824367915099657e-07,-2.2304319612694717e-07
212552885.1535476,-0.7466912408297843,-0.0038162565961155862,2.6393495511367604e-07,-2.5817765000359094e-07
212553065.21114764,-0.7466918181467445,-0.003816225331836931,4.749089431710374e-07,-2.649565681634748e-07
212553185.18234763,-0.7466927061958194,-0.00381624772670692,1.1193992943692166e-07,-3.1287749097932624e-07
212553604.1743476,-0.7466943126372538,-0.0038159903893556133,3.3833337420574594e-07,-1.4579993619845064e-07
212553785.1823476,-0.7466951046084938,-0.0038159416274532983,3.3768610352424844e-07,-1.3656280445101948e-07
212554325.18234655,-0.746697428591548,-0.0038158627676307213,3.7270956620982787e-07,-1.7750727547083747e-07
212554745.17274752,-0.7466995162720161,-0.003815503012006119,1.1792252596620756e-07,8.712874182987412e-08
212554925.14394754,-0.746700219097718,-0.0038156352948886885,2.0000943634634893e-07,-8.642925872996005e-08
212626745.14394447,-0.7469846695949722,-0.0037819699831173697,5.034419207072816e-07,2.617650190226209e-08
212626985.16314444,-0.7469861064016841,-0.003781410641826824,-5.3920199638568533e-08,4.177246019946776e-07
212627165.22074345,-0.7469862907446498,-0.0037817589789531482,4.2108522524397785e-07,-5.671804768642846e-08
212627345.19194445,-0.7469872679366101,-0.0037816004146628657,1.0258527671780371e-07,-2.4394985541614095e-08
212627525.16314444,-0.746987897182302,-0.0037815017802867255,1.316889176594671e-07,-5.2196925262940064e-08
212627705.22074342,-0.746989119336718,-0.0037809599199621325,-4.3214580225381383e-07,3.6297225020293436e-07
212627885.1919434,-0.7469893409022943,-0.0037811946417278855,3.9441253596450565e-09,1.4271928036081738e-09
212628065.1631434,-0.7469898299413053,-0.003780886256265004,1.7220961212593977e-07,1.8279759721444994e-07
212628245.22074342,-0.7469908218453144,-0.0037807738882806737,-1.6242840050750829e-07,1.67898776894191e-07
212628425.1919444,-0.7469911689054345,-0.0037811721663854035,1.4710539986140247e-07,-3.577745932834865e-07
212628605.16314438,-0.7469918206621382,-0.0037809137219500587,1.5158319310870638e-07,-2.2691374341283696e-07
212628785.2207434,-0.7469923391251568,-0.0037806977274332555,2.893072085230486e-07,-1.3875134128107924e-07
212628965.19194338,-0.7469927762294125,-0.0037804567625888312,5.077099645145466e-07,-2.5743272920493443e-08
212629145.16314438,-0.7469942199496343,-0.003780149626105267,-2.808711460078328e-07,1.5325168081217408e-07
212629325.22074336,-0.7469948197715928,-0.0037799586024089824,-2.256104967290895e-07,2.1588866117158365e-07
212629505.19194436,-0.7469961743338023,-0.003779832502368054,-9.257781135030285e-07,2.1348123854054643e-07
212629685.16314435,-0.7469956039356059,-0.0037801159164387657,2.986382250380615e-07,-1.9862136178133705e-07
212629865.22074336,-0.7469961743338023,-0.003779832502368054,3.8219256770499754e-07,-4.4137541101597205e-08
212630045.19194433,-0.7469967516445511,-0.003779801289765067,4.581383086232904e-07,-1.419719096677069e-07
212630225.16314432,-0.7469976994129,-0.0037795503378521876,1.6324141027812544e-07,-2.02442309903475e-08
212630405.22074333,-0.7469982698112503,-0.003779266924134527,2.456397494299267e-07,1.3370711851113173e-07
212630585.19194332,-0.7469989128817438,-0.0037796726945438916,2.5466183239952755e-07,-4.016382445090269e-07
212630765.16314328,-0.7469995430147004,-0.003779115854900175,2.7622779441571765e-07,2.545309843752716e-08
212630945.2207433,-0.7469999723197877,-0.0037790808970366123,4.985376688138032e-07,-6.957176880081906e-08
212631185.15354428,-0.7470011122293811,-0.0037789722778879043,2.263050752349116e-07,-1.3442424093854446e-07
212631365.21114427,-0.7470018894807877,-0.003778877391985928,9.973159031950729e-08,-1.6991744736065406e-07
212631485.18234426,-0.7470021560684177,-0.003778792493155318,2.6646090089954555e-07,-1.7198251816381502e-07
212631725.15354326,-0.7470030077664667,-0.003778470376762735,2.8095578052944603e-07,-2.4036505477404574e-08
212632324.1647432,-0.747005384544017,-0.0037778660995197275,6.314078127012124e-08,1.4420954637687708e-07
212632505.17274323,-0.747006175619168,-0.003778275617360773,-7.645724264815357e-08,-3.9741846858017127e-07
212632685.14394423,-0.7470064872301948,-0.0037778710975123154,2.5925163094076e-07,-1.2441109170212988e-07
212632865.2015442,-0.7470070792525804,-0.0037778860820150625,3.144323191817122e-07,-2.7112841665538623e-07
212633045.17274418,-0.7470077751453228,-0.003777766226713549,2.650018381400443e-07,-2.830984020506244e-07
212633225.1439442,-0.7470083974794554,-0.0037774153947511178,2.8869694590483164e-07,-6.424589143105494e-08
212633405.2015432,-0.7470090786605393,-0.0037772493443565666,2.534190418623794e-07,-3.0391098900482694e-08
212633585.17274317,-0.7470099225589344,-0.0037771332357247837,5.4675042493457227e-08,-4.65658591356638e-08
212633765.14394417,-0.7470104185109194,-0.00377707705462864,2.0343585283022492e-07,-1.2281783727660298e-07
212633945.20154318,-0.7470109291745893,-0.003777067068975877,3.3734970739107695e-07,-2.4547710955743693e-07
212634124.22234318,-0.7470116995145601,-0.003776719983929487,2.0743182027604945e-07,-3.041871966379811e-08
212634305.14394414,-0.7470124854552124,-0.0037759608870268657,6.826059206765933e-08,5.95103820275663e-07
212634545.16314414,-0.7470138919527991,-0.0037757673741712254,-4.809088833823694e-07,6.111869243581244e-07
212634726.17114314,-0.7470139204870173,-0.0037763179723450824,1.3656506925308065e-07,-7.338472225899839e-08
212634905.19194415,-0.7470145497329217,-0.0037762193429071865,1.457778895375128e-07,-1.0739714763384825e-07
212635085.1631441,-0.7470151348439269,-0.003775982127417923,2.020539633384999e-07,-3.6656864236747633e-09
212635265.22074312,-0.7470155857717777,-0.0037762455683091247,3.923556116669502e-07,-4.007915578221194e-07
212635445.19194412,-0.7470163119772036,-0.0037757598981406236,3.0660394323422935e-07,-4.887743489372792e-08
212635685.21114412,-0.7470171039402974,-0.003775711211113648,3.6805117209492977e-07,-1.7878220127205344e-07
212635865.18234408,-0.7470177331862239,-0.003775612582265118,3.781561852544968e-07,-2.1421862340465295e-07
212636105.2015431,-0.7470194885198261,-0.003774900937750755,-5.252478935124927e-07,3.1842756013401863e-07
212636285.17274308,-0.7470193846490145,-0.003775035777296248,2.168560440107825e-07,4.922233294872222e-08
212636465.14394408,-0.7470200511188435,-0.0037748235336975706,1.8813579172327621e-07,1.2697424184131278e-07
212636825.17274305,-0.7470212576754112,-0.003774693696954674,2.55922439462708e-07,-1.26085428387053e-08
212637005.14394405,-0.7470219016329485,-0.0037746412642936096,2.4824733957373724e-07,-9.503575482084844e-08
212637185.20154306,-0.7470227827553649,-0.0037744115437052623,3.2181209919102116e-09,-3.592523873871545e-10
212637365.172744,-0.7470229679848147,-0.0037743016753903746,4.532795260248079e-07,-2.558796462041879e-08
212637545.14394403,-0.7470244411293551,-0.0037740869426042406,-3.850738153898803e-07,5.393176231993646e-08
212637725.20154303,-0.7470245224878647,-0.0037741119137662555,1.681609705928011e-07,-1.0643179943099768e-07
212637905.17274302,-0.7470250556638661,-0.003773942119684838,2.6876873404635404e-07,-7.207783202668044e-08
