Seconds since J2000,RA ECLIPJ2000 [rad],DEC ECLIPJ2000 [rad],O-C RA ECLIPJ2000 [rad],O-C DEC ECLIPJ2000 [rad]
656820060.1680021,-0.20575338133111337,-0.0194512665785416,2.0895608335291804e-07,-3.1154168605995736e-08
656820115.204802,-0.20575384257892865,-0.01945129701752862,-1.4323393027204645e-09,-6.752224529157913e-08
656820170.1552031,-0.20575408600125958,-0.01945135157592501,5.593209867482685e-09,-1.2803157920307506e-07
656820225.1920031,-0.20575445884100269,-0.019451340577228762,-1.164227026173581e-07,-1.2302434916622307e-07
656820280.1424031,-0.2057545407047029,-0.019451274164200737,5.2125768423838537e-08,-6.262447111923808e-08
656820390.2160021,-0.20575514360676475,-0.01945136028148652,-4.9218693870534125e-08,-1.608802728710057e-07
656820500.2032031,-0.20575557654710744,-0.019451176220931475,1.8932009793193316e-08,1.0927188744125349e-08
656820555.1536031,-0.20575578372317757,-0.019451330480930607,6.207711020222995e-08,-1.4950093328927605e-07
656820610.190402,-0.20575614045355017,-0.01945126311216767,-4.395703220860803e-08,-8.834092963747042e-08
656820665.1408021,-0.20575621186163823,-0.019451190607781842,1.3491896588835317e-07,-2.206641220789396e-08
656820720.1776031,-0.20575655701323226,-0.019451280940552994,4.042627047007308e-08,-1.1866971811810845e-07
656820775.214403,-0.20575675032626753,-0.019451051244665334,9.775329556926948e-08,1.0472477369322108e-07
656820830.164803,-0.20575712006779917,-0.019451273365703122,-2.1760532348258366e-08,-1.23718522811872e-07
656820885.2016021,-0.20575722474023203,-0.019451223596971025,1.2416915812218932e-07,-8.031275975511898e-08
656820940.1520021,-0.20575773435477965,-0.01945138625233345,-1.352557565947876e-07,-2.493517897751707e-07
656820995.1888021,-0.20575775259418871,-0.01945122571911567,9.706863407510369e-08,-9.524297900007084e-08
656821050.1392032,-0.20575799628781022,-0.019451022018571115,1.0352618545761416e-07,1.020126240841579e-07
656821105.1760032,-0.20575833001563204,-0.01945112247632873,2.032344062485869e-08,-4.930842834732774e-09
656821160.2128022,-0.20575861634479103,-0.019451074501563234,-1.5500170730264884e-08,3.6527589411528005e-08
656821270.2000033,-0.20575908986810487,-0.019451189281956997,1.1535475408219753e-08,-9.136685774971398e-08
656821324.2000033,-0.20575908518251032,-0.019451122786899363,2.61949685387286e-07,-3.1354988990622834e-08
656821379.1504022,-0.20575962054889285,-0.019451216543562355,-2.3382946606753663e-08,-1.3173907459362866e-07
656821434.1872032,-0.20575982516939761,-0.019451087405234616,2.2403443128427014e-08,-9.269020564972585e-09
656821489.2240022,-0.20575996872112245,-0.01945114754508114,1.2923848979884411e-07,-7.610756024359344e-08
656821544.1744032,-0.20576022081780265,-0.019451093051005848,1.271153524107227e-07,-2.833197649404484e-08
656821599.2112023,-0.20576076745283248,-0.019451324259371572,-1.691733983177901e-07,-2.662997243829679e-07
656821687.1664032,-0.2057609522077804,-0.019451092933721253,4.611168885615413e-08,-4.583927768961327e-08
656821742.2032022,-0.20576116619946094,-0.019451096785533185,8.241305599065996e-08,-5.65291670591439e-08
656821797.1536032,-0.2057614849411098,-0.019450977080366867,1.3550921745819622e-08,5.631850002324468e-08
656821852.1904032,-0.20576175682579514,-0.019451098561959933,-8.082108315932146e-09,-7.206154329850167e-08
656821907.1408023,-0.20576198328688905,-0.019451002284262223,1.5294776001262278e-08,1.729844644957068e-08
656821962.1776032,-0.20576222856785556,-0.01945109819850873,2.0223679786379734e-08,-8.55744852409912e-08
656822017.2144022,-0.205762503163071,-0.019451355501929894,-4.182732993296412e-09,-3.498666804081785e-07
656822072.1648031,-0.2057628154379512,-0.019451054157772273,-6.668266927523092e-08,-5.55303093612014e-08
656822127.2016032,-0.20576294005347012,-0.019451032788149546,5.884824150204082e-08,-4.120948795399704e-08
656822182.1520033,-0.20576316864470268,-0.019450719607141335,7.998944204223868e-08,2.649038702354223e-07
656822237.1888024,-0.20576331757869507,-0.019451088284796497,1.8115910535576596e-07,-1.1088247434121179e-07
656822292.2256023,-0.20576354125170565,-0.019450929973608384,2.0756820579004298e-07,4.02901087319385e-08
656822346.1392033,-0.20576388729376668,-0.019451077878579585,1.064835565278699e-07,-1.1463675442593968e-07
656822511.1632023,-0.20576462631241235,-0.0194510587135268,1.1712434291877294e-07,-1.1714285384767376e-07
656822566.2000023,-0.20576496778521028,-0.019451029441037968,2.5624930843903826e-08,-9.515737156920445e-08
656822629.1856023,-0.20576505917517743,-0.019450948441625007,2.2028409099594803e-07,-2.253385591663437e-08
656822684.2224033,-0.2057653179712337,-0.019450854221822772,2.1141384184963918e-07,6.43352784657214e-08
656822739.1728023,-0.20576578572436022,-0.019451029406166047,-6.8281245657608736e-09,-1.1821775491166475e-07
656822793.1728023,-0.20576598744046268,-0.01945094891686341,3.662970068929461e-08,-4.4998439776428034e-08
656822848.2096024,-0.2057660608236262,-0.019450807085790195,2.1310548056763245e-07,8.939377857397623e-08
656822903.1600024,-0.2057666007978573,-0.019451041126118663,-7.742463006832345e-08,-1.521031847591392e-07
656822958.1968033,-0.20576658949045343,-0.019450940568611224,1.836963942347669e-07,-5.9043505456352063e-08
656823013.1472024,-0.20576692507684438,-0.019451082382291707,9.75086691112903e-08,-2.0837263087214453e-07
656823068.1840034,-0.20576729036525063,-0.01945101664371867,-1.8011832442210718e-08,-1.5019071868821454e-07
656823123.2208023,-0.20576739705152208,-0.01945086065418615,1.250467700775193e-07,-1.7872332919166567e-09
656823233.2080023,-0.20576794295089562,-0.019450886714321002,7.817572836299469e-08,-4.3095457823855154e-08
656823288.1584034,-0.20576824918428477,-0.019450904033004483,2.1225676577474317e-08,-6.807602132355428e-08
656829466.190403,-0.20579614483959957,-0.0194498654725338,-1.8630524789564618e-08,-6.845423661250294e-08
656829491.1600031,-0.20579616393098712,-0.0194497994055256,7.408709074008257e-08,-7.265979814347068e-09
656829516.216004,-0.2057962192688177,-0.019449633637099478,1.3093820630527553e-07,1.5360158570065785e-07
656829541.1856041,-0.2057962704620476,-0.019449790992836793,1.9154013325417552e-07,-8.643319129864047e-09
656829566.155203,-0.20579650652707224,-0.019449606341120994,6.726333778850346e-08,1.7111403508712764e-07
656829591.2112031,-0.2057966518594379,-0.01944978162536634,3.409905116602552e-08,-9.086725677454055e-09
656829616.180804,-0.2057966433013345,-0.019449779995501987,1.544315012536046e-07,-1.2361620366219128e-08
656829641.1504041,-0.20579691061657385,-0.01944972430042493,-1.1163401869573875e-09,3.842351290611612e-08
656829666.2064041,-0.2057968668190409,-0.019449769261539136,1.5482833992663814e-07,-1.1469742884628875e-08
656829691.176004,-0.20579725088782558,-0.019449932610020884,-1.1748698403035718e-07,-1.7973854611608164e-07
656829716.145604,-0.2057970505672795,-0.01944959104694725,1.9458005509620513e-07,1.568990306184681e-07
656829741.201603,-0.2057973536627649,-0.01944987838012189,3.6107134504526073e-09,-1.3538188268352735e-07
656829766.1712041,-0.20579725410312727,-0.01944958880802092,2.1490286725156516e-07,1.492543625601639e-07
656829791.140804,-0.20579738607539355,-0.019449806649764634,1.9465612230429308e-07,-7.352840252286552e-08
656829816.1968032,-0.20579761455048454,-0.019449604151909564,7.828610879001552e-08,1.2400614522734e-07
656829841.1664032,-0.2057976451044841,-0.019449491065873743,1.594436039864533e-07,2.3214081994876734e-07
656829866.2224032,-0.20579775055081967,-0.019449609551911207,1.6608825953445816e-07,1.0868110590298019e-07
656829891.1920042,-0.2057979579204827,-0.019449579341940887,7.041603952706588e-08,1.3392938782996744e-07
656829916.1616042,-0.20579829253811227,-0.019449737372806086,-1.5251117888026577e-07,-2.9068315199332062e-08
656829966.1872041,-0.20579820041302027,-0.019449613223413407,1.633600352768383e-07,8.511473395186875e-08
656829991.1568031,-0.20579847977050203,-0.01944986323442271,-4.328190139624155e-09,-1.698785612701259e-07
656830015.1760042,-0.20579850560022167,-0.019449720547468435,7.725430961613711e-08,-3.198910406010391e-08
656830040.1456041,-0.2057984183936797,-0.01944944152830653,2.761162602726852e-07,2.4203769576763845e-07
656830065.2016032,-0.2057987310931061,-0.019449640486807536,7.54514811740492e-08,3.806440040249326e-08
656830090.1712031,-0.2057988215926856,-0.019449501915698688,9.659313593424201e-08,1.7163287050273035e-07
656830140.1968032,-0.20579910958596412,-0.019449679768313084,3.224730174555823e-08,-1.6257746988934674e-08
656830165.1664041,-0.20579924748377484,-0.019449689629873246,5.969424843321747e-09,-3.11373284829497e-08
656830190.2224041,-0.20579928930611824,-0.01944971399550282,7.614609454087429e-08,-6.054348449663349e-08
656830215.1920042,-0.20579937779165142,-0.01944968164527051,9.926624361389358e-08,-3.322151865756129e-08
656830240.1616042,-0.20579963163021858,-0.01944977919015658,-4.297376443584966e-08,-1.3579977999750303e-07
656830265.2176032,-0.20579989127779752,-0.019449779437259215,-1.9064380124556024e-07,-1.4110280675827536e-07
656830290.1872032,-0.2057999104857639,-0.019449602687846904,-9.826750030361708e-08,3.060300401633298e-08
656830315.1568031,-0.2058000482670032,-0.01944972323182855,-1.244716169301885e-07,-9.498967864368657e-08
656830340.2128031,-0.20580015282285655,-0.01944978414590921,-1.1707145627926074e-07,-1.609750529089904e-07
656830365.1824032,-0.20580009678881922,-0.019449707871649256,5.052536880545411e-08,-8.97597015811491e-08
656830390.1520032,-0.2058001635892944,-0.019449495084218008,9.528051458929099e-08,1.1796373089109635e-07
656830439.1408042,-0.2058003832343007,-0.019449549215515602,9.44798433932803e-08,5.3882405162686275e-08
656830464.1968042,-0.20580059416577137,-0.019449749293499678,-4.5313551244596795e-09,-1.5129221957871364e-07
656830489.1664041,-0.2058006161228269,-0.019449671471743854,8.50387220086013e-08,-7.855461640893235e-08
656830514.2224032,-0.205800621080251,-0.019449479707842037,1.9198709397261204e-07,1.0810243957284915e-07
656830539.1920031,-0.205800684898507,-0.019449389357582902,2.3968153425868444e-07,1.9335838218406676e-07
656830564.1616032,-0.20580091573411366,-0.019449654728825073,1.203514078951251e-07,-7.711224490197788e-08
656830589.2176032,-0.20580116419108105,-0.019449443736022434,-1.62215086363382e-08,1.2875843612147886e-07
658543361.2178785,-0.21047321972976465,-0.019209870837149166,-5.6011728533089666e-08,6.817775114603686e-08
658543430.6834794,-0.21047318156332329,-0.019209966059059436,4.9202190766095555e-08,-6.787566352375873e-08
658543480.7090794,-0.21047325181124565,-0.019210057374287097,2.7228460347528127e-08,-1.885757130934418e-07
658543630.6994795,-0.21047341759940627,-0.019209818401720626,6.1288699670924984e-09,-3.7606352677743704e-08
658543680.7250785,-0.21047367546326676,-0.019209703613159327,-2.034947128026765e-07,4.7864543436387796e-08
658543780.6898785,-0.21047331891286017,-0.019209660153391855,2.4942716872478066e-07,3.27902146719794e-08
658543830.7154784,-0.21047362320164933,-0.019209673135496506,-6.647213862676082e-09,-9.458844839327352e-09
658543880.6546795,-0.21047342815104036,-0.019209750710835874,2.3652584055233739e-07,-1.1623365549218168e-07
658543930.6802785,-0.21047376773758125,-0.019209680224329406,-5.486374723973064e-08,-7.498013816428784e-08
658544030.6450785,-0.21047377639330925,-0.01920960807123827,3.2764796709106037e-08,-6.119143479421663e-08
658544080.6706785,-0.210473956028371,-0.01920967926429336,-9.869981210108847e-08,-1.6156626576890876e-07
658544180.7218785,-0.2104740000315134,-0.019209486749380826,-4.638885800489767e-08,-2.73634261846456e-08
658544230.6610795,-0.2104739184081504,-0.019209368660907094,8.329492365288793e-08,6.164511353115576e-08
658544280.6866795,-0.21047402672319893,-0.019209438540649864,2.311440200353232e-08,-3.7347639463697346e-08
658544330.7122785,-0.2104742311043793,-0.019209493955980338,-1.3314134283959334e-07,-1.2185869687625361e-07
658544380.6514795,-0.21047421316774023,-0.019209396225202815,-6.717149281243451e-08,-5.3156124082270884e-08
658544430.6770797,-0.21047421414052228,-0.019209380009702345,-2.003712842868488e-08,-6.6001714479208e-08
658544480.7026787,-0.2104742200765379,-0.01920920893027963,2.212478555918551e-08,7.60340021291328e-08
658544580.6674787,-0.21047437875729236,-0.019209304825484493,-4.047095295001135e-08,-7.784624283732611e-08
658544630.6930786,-0.21047443491004106,-0.01920927044114739,-4.855365329237138e-08,-7.24532885840179e-08
658544680.7186797,-0.21047444648412417,-0.01920914964155418,-1.2067069898868965e-08,1.9372440207554575e-08
658544730.6578786,-0.21047459773022315,-0.019209117008309004,-1.1534491101139466e-07,2.3099370485835102e-08
658544779.6466796,-0.21047449028864215,-0.019209104699477397,3.914287322048793e-08,7.069034635431848e-09
658544829.6722796,-0.21047459179420255,-0.01920928808773136,-1.433020740959634e-08,-2.052407200754669e-07
658544879.6978786,-0.2104746081825451,-0.019209123103842915,1.730437970692833e-08,-6.916067850359919e-08
658544929.7234796,-0.21047467678284537,-0.0192090254908301,-3.282579458252499e-09,-4.338264851522222e-10
658544979.6626786,-0.21047488301026868,-0.019209122261588975,-1.6158919555198104e-07,-1.2602318042592708e-07
658545029.6882797,-0.21047492030326276,-0.01920896946876788,-1.5088813848374016e-07,-2.0810755931022218e-09
658545079.7138798,-0.2104748271554816,-0.019208935286671874,-9.75602248987073e-09,3.2680934798634542e-09
658545129.6530788,-0.21047491057542161,-0.019209131623776243,-4.528423536154236e-08,-2.2183436343414797e-07
658545179.6786788,-0.21047492706309184,-0.019208892853470515,-1.3807110010866097e-08,-1.1861337155527618e-08
658545229.7042798,-0.2104750851186832,-0.019208746711726413,-1.2390774534187798e-07,1.0550101696427117e-07
658545279.6434798,-0.2104750374230249,-0.019208856515804035,-2.834981177590734e-08,-3.301486736773107e-08
658545329.6690798,-0.2104751202178052,-0.01920881081595073,-6.320942480542158e-08,-1.605855294573022e-08
658545379.6946797,-0.210475220175078,-0.019208731489543496,-1.1524149529096306e-07,3.454230701471772e-08
658545429.7202787,-0.21047512371165294,-0.019209041099616186,2.9137125323597246e-08,-3.037752869250454e-07
658545479.6594797,-0.2104752713645819,-0.01920885196913217,-7.069338334164676e-08,-1.4328473178087942e-07
658545529.6850787,-0.2104753531865776,-0.019208822484781365,-1.0462030272662126e-07,-1.4247178111922998e-07
658545579.7106799,-0.21047541036177608,-0.019208734991739994,-1.139105532399487e-07,-8.363201416811128e-08
658545629.6498789,-0.21047543136574587,-0.019208673396391276,-8.712242544062221e-08,-5.062233705832586e-08
658545679.6754789,-0.2104754301943109,-0.019208837184726695,-3.808641010905056e-08,-2.430276217317562e-07
658545729.7010798,-0.21047540010810478,-0.01920858132337074,3.985412294627011e-08,-1.5764986944361015e-08
658545779.6402799,-0.21047569399423005,-0.01920855131679047,-2.0627059496569622e-07,-1.4289518592697226e-08
658545829.6658798,-0.21047568057388827,-0.019208630760966933,-1.4501654116427787e-07,-1.2229588811085712e-07
658545879.6914799,-0.21047556924116909,-0.01920868331412771,1.4139512727329162e-08,-2.0339291149570893e-07
658545929.7170799,-0.21047569501667873,-0.01920849820808119,-6.382308107011347e-08,-4.681236315945414e-08
658545979.6562788,-0.21047569788537224,-0.019208486454787167,-1.8971870685557946e-08,-6.35169494118959e-08
658546028.6450799,-0.21047572340562562,-0.019208602034395814,2.3094498258213747e-09,-2.0699500605583787e-07
658546078.6706799,-0.21047586060624643,-0.01920840680838469,-8.710951995838379e-08,-4.02396114623782e-08
658546128.696279,-0.2104757967208723,-0.01920853402351187,2.454692243913925e-08,-1.9590685552614562e-07
658546178.72188,-0.2104761155517782,-0.01920834066638267,-2.465235364179641e-07,-3.098331092382667e-08
658546228.661079,-0.21047609843894893,-0.01920833739972693,-1.8174338559107106e-07,-5.608261143680293e-08
658546328.712279,-0.21047607204524427,-0.019208164249200698,-5.988223292230366e-08,6.029365394802366e-08
658546378.65148,-0.21047618195819384,-0.019208459950424202,-1.2216002021059325e-07,-2.6371775064398806e-07
658546428.67708,-0.21047636947485762,-0.019208327633096052,-2.61969926251826e-07,-1.597408960177238e-07
658546478.702679,-0.21047627258493387,-0.019208247633364487,-1.1738411287431916e-07,-1.0806290052026157e-07
658546528.641879,-0.21047638576389696,-0.019208236435627267,-1.829604412695307e-07,-1.2511926302666287e-07
658546728.6578802,-0.21047657896828664,-0.019208117504924137,-1.8561698375552105e-07,-1.191634342416481e-07
658546778.6834791,-0.21047670429681306,-0.01920826443776653,-2.633156365727807e-07,-2.94304945368945e-07
658546828.7090801,-0.21047662559184052,-0.019208097702770936,-1.3699193915361896e-07,-1.5575964568484424e-07
658546878.6482801,-0.21047657809483364,-0.01920805993400733,-4.196961275737543e-08,-1.4611293187860586e-07
658546928.6738791,-0.21047666662700892,-0.01920799072757836,-8.290546685274514e-08,-1.0505818056477656e-07
658547028.7250792,-0.21047652899992145,-0.019207796343784115,1.4988041141528186e-07,3.307951789918717e-08
658547078.6642791,-0.21047674839934138,-0.01920799813644686,-2.2038755598252635e-08,-1.967589884944998e-07
658547128.6898792,-0.21047671053087103,-0.01920787199909302,6.338073213485451e-08,-9.869683992649869e-08
658547177.6786791,-0.21047690276248007,-0.019207769283896496,-8.229645068191793e-08,-2.3456361235296708e-08
658547227.7042803,-0.21047712118910616,-0.01920798729206639,-2.531947224104769e-07,-2.695016797331362e-07
658547277.6434792,-0.21047703587330224,-0.019207786492737296,-1.2044413286171896e-07,-9.667184646885985e-08
658547377.6946793,-0.2104771053967444,-0.019207709557447668,-9.49685368123454e-08,-7.571439320647189e-08
658547427.7202803,-0.21047699610892912,-0.019207655893174965,6.180137490652271e-08,-5.0009986481830415e-08
658547477.6594793,-0.21047723957969086,-0.019207636764373273,-1.3428093809109143e-07,-5.877339644133617e-08
658547527.6850803,-0.2104770939716347,-0.019207719677412697,5.8785857931509256e-08,-1.696074744574061e-07
658547627.6498803,-0.21047710651853938,-0.01920758266232054,1.410392326817167e-07,-8.83278423249867e-08
658547677.6754802,-0.2104773423063361,-0.019207619471109175,-4.732516600824965e-08,-1.529991579124479e-07
658547727.7010792,-0.21047736904770825,-0.019207534369177024,-2.665500656306996e-08,-9.574016949023822e-08
658547827.6658794,-0.21047752111759327,-0.019207596200098168,-8.401941370417276e-08,-2.1315009358924275e-07
658547927.7170804,-0.21047773926680627,-0.019207313918859124,-2.074292052012261e-07,1.3582806192291574e-08
658547977.6562804,-0.21047746137170217,-0.019207474087169482,1.1773576588658408e-07,-1.7428216246562211e-07
658548077.7074794,-0.21047772088316266,-0.019207548226954158,-4.710871601143474e-08,-3.03851745226541e-07
658548127.6466794,-0.2104778469070698,-0.01920717865488747,-1.2589908862659094e-07,3.808298215668415e-08
658548227.6978804,-0.21047777256934788,-0.019207299774467033,4.3032475638415946e-08,-1.383472501316485e-07
658548277.7234794,-0.21047775832521343,-0.01920728475451584,1.0455510918161437e-07,-1.509527113412179e-07
658548377.6882795,-0.21047778496724714,-0.01920727343900206,1.723514399809556e-07,-1.9478040334114377e-07
658548427.7138795,-0.21047807807927946,-0.01920711207515116,-7.351918110409805e-08,-6.098193819359388e-08
658548477.6530805,-0.21047823296818402,-0.019207199045997568,-1.812606795770222e-07,-1.7545052690554064e-07
658548526.6418794,-0.21047809990703759,-0.01920714494393317,-1.9614859181338318e-09,-1.4830340722832291e-07
658548576.6674805,-0.21047816543998585,-0.01920720665706996,-2.029019494087514e-08,-2.37522019247427e-07
658548626.6930795,-0.21047810394721467,-0.019206969402303636,8.839425388873501e-08,-2.775253963790969e-08
658548676.7186794,-0.21047854970453447,-0.019207148799566375,-3.1018398558013693e-07,-2.3461486815465338e-07
658548726.6578805,-0.2104785535460209,-0.019207120830772542,-2.669404775557105e-07,-2.3404350309175204e-07
658548776.6834794,-0.21047820959223187,-0.01920690346254578,1.2416710307161516e-07,-4.4099833621663587e-08
658548826.7090795,-0.21047851470478263,-0.019207010908912848,-1.338043661980315e-07,-1.78950436902775e-07
658548876.6482795,-0.21047836472950526,-0.019206805967349694,6.321785844809469e-08,-1.3454769520748755e-09
658548926.6738806,-0.21047855394341386,-0.019206825685101757,-7.888048103588119e-08,-4.842675712518618e-08
658548976.6994807,-0.21047870591394305,-0.019206961302457026,-1.8374826621370133e-07,-2.1138721795210813e-07
658549076.6642796,-0.21047861378863955,-0.019206874011619274,2.462607034958708e-09,-1.7867405480154197e-07
658549126.6898806,-0.2104786473892308,-0.01920663850797658,1.5926087726381155e-08,2.9547912974020596e-08
658549226.6546797,-0.2104790332516425,-0.01920680647195057,-2.7592836815415467e-07,-1.9287067982987072e-07
658549276.6802806,-0.21047898897107284,-0.01920649869742116,-1.8462273404518115e-07,8.768390550098482e-08
658549326.7058796,-0.2104788633445249,-0.01920657312380474,-1.1984207071158437e-08,-1.3941765786978921e-08
658549426.6706797,-0.21047886519075445,-0.019206614479221572,8.007298660239748e-08,-1.0958677277780882e-07
658549526.7218807,-0.21047914376061597,-0.01920665945469909,-1.0456504168088188e-07,-2.0881577885226155e-07
658549576.6610807,-0.21047900690766355,-0.019206596428207767,7.915287511539582e-08,-1.728380567556087e-07
658549626.6866797,-0.21047914677834273,-0.019206537021779237,-1.378505054550061e-08,-1.405063573510501e-07
658549676.7122797,-0.21047937785120485,-0.019206544228488148,-1.9793849767579808e-07,-1.7476690809467565e-07
658549725.7010807,-0.21047922588068485,-0.019206408611123223,-3.3947067379358487e-11,-6.562240951329956e-08
658549775.6402798,-0.21047925042810534,-0.019206540406241614,2.2230560281499834e-08,-2.243832935254486e-07
658549825.6658807,-0.21047935427657688,-0.019206396217869032,-3.473842738466182e-08,-1.0718637290588195e-07
658549925.7170798,-0.21047944465499915,-0.019206368366879445,-3.139836735055468e-08,-1.3325519460094526e-07
658549975.6562809,-0.21047955992858694,-0.019206214058546056,-9.991391022867724e-08,-5.8286659943007635e-09
658550025.6818799,-0.21047943717073248,-0.01920627673163033,6.966930576890462e-08,-9.540896206070015e-08
658550075.7074808,-0.21047947898001323,-0.019206301113782763,7.467176338371573e-08,-1.466771760924579e-07
658550125.6466799,-0.2104795277478704,-0.019206101307804715,7.262116860640155e-08,2.631030586452976e-08
658550175.6722798,-0.210479762413831,-0.01920626501177346,-1.1526038679043893e-07,-1.6423735925766292e-07
658550225.6978798,-0.21047972444604138,-0.019206212660826432,-3.0521922572690485e-08,-1.3870885893704776e-07
658550275.7234799,-0.2104796111677156,-0.019206297644947454,1.2951331163080226e-07,-2.5049414391353775e-07
658550325.6626809,-0.2104796732565923,-0.019206092181215533,1.1408682468183606e-07,-7.176402731443043e-08
658550375.6882808,-0.2104797044645165,-0.019206221147457386,1.2960819648077937e-07,-2.2748880588660536e-07
658550425.7138798,-0.21047992134292598,-0.01920617644101525,-4.055478852738048e-08,-2.0951951913011913e-07
658550525.678681,-0.21048006048921697,-0.01920594878405377,-8.63926008232152e-08,-3.5226510240043973e-08
658550575.70428,-0.2104800230967833,-0.019206175363276734,-2.326537656971439e-09,-2.8847858601910303e-07
658550625.643481,-0.21048027557108598,-0.019205825828992645,-2.0822179197521606e-07,3.445036702090509e-08
658550675.66908,-0.21047999091607061,-0.019206062612534342,1.2307882563122874e-07,-2.289630087921879e-07
658550725.6946809,-0.21048017254635296,-0.019206064481482862,-1.1919929626680315e-08,-2.5744021557583263e-07
658550775.7202799,-0.21048018898447138,-0.019205862604391184,1.8259366296735635e-08,-8.21497716692321e-08
658550825.65948,-0.21048045049117928,-0.019205867420031556,-1.9672454826258345e-07,-1.1348455625573295e-07
658550925.710681,-0.21048045627825784,-0.019205807020237234,-1.0934760608094507e-07,-1.0614979452372442e-07
658550975.6498799,-0.21048043454987006,-0.019205700365032483,-4.113896515112181e-08,-2.5948762846783602e-08
658551075.701081,-0.21048053732620448,-0.019205646178589088,-5.08368061258313e-08,-2.4696894397602254e-08
658551124.6898801,-0.21048077091998976,-0.0192058998844981,-2.3887680131173816e-07,-3.0428970736531835e-07
658551174.715481,-0.21048051719563166,-0.0192057653448464,6.135122002093318e-08,-1.9616319001103388e-07
658551224.6546801,-0.21048050796451512,-0.019205558567761422,1.1699130653131107e-07,-1.5731776454447344e-08
658551324.7058811,-0.21048082445247188,-0.019205692787441365,-1.0656146529064436e-07,-2.026681705027955e-07
658551374.6450801,-0.2104808509951426,-0.019205755258353423,-8.673849888340968e-08,-2.9141901190452013e-07
658551424.6706811,-0.21048088434737047,-0.01920570422076187,-7.36594005790181e-08,-2.6668480804237227e-07
658551474.6962811,-0.21048068118743468,-0.019205448123759593,1.7591728504462445e-07,-3.6869131768424435e-08
658551574.6610811,-0.2104810539772108,-0.019205437279514376,-1.0416295043169654e-07,-7.847593250231988e-08
658551624.6866801,-0.21048099131298134,-0.019205363813066593,4.8741338187774375e-09,-3.12244735657663e-08
658630373.7074972,-0.21055111844113703,-0.01919493195114673,-4.7859251062210006e-08,-6.158169717218609e-08
658630423.6466982,-0.210551080473679,-0.01919487959997235,4.782589746454846e-08,7.6372207169495e-12
658630473.6722974,-0.21055120041275668,-0.019194791787761775,-1.4278602383788197e-08,9.709388688883269e-08
658630523.6978984,-0.2105512201449573,-0.0191949677672535,2.3840775992267638e-08,-6.959163257810874e-08
658630573.7234983,-0.210551246986471,-0.01919480887912326,5.486779108831996e-08,9.861042107178752e-08
658630623.6626973,-0.2105514287161673,-0.019194736962827544,-6.907646332710016e-08,1.7984447291119476e-07
658630673.6882983,-0.21055143415446861,-0.019194934815476915,-1.66125042333487e-08,-8.654327209728363e-09
658630723.7138973,-0.21055151714883166,-0.01919474154340573,-4.1687801127787694e-08,1.9399160144234484e-07
658630773.6530983,-0.21055153298953538,-0.01919498238485722,3.0724814359395225e-10,-3.747220627195458e-08
658630823.6786984,-0.21055152141479103,-0.019195103184338792,6.983450481778952e-08,-1.4885779085066497e-07
658630873.7042984,-0.2105516738331535,-0.019194906763859137,-2.461468007197709e-08,5.69966513049025e-08
658630923.6434984,-0.21055179259988566,-0.01919498273993927,-8.549577942829067e-08,-9.541727317985416e-09
658630973.6690975,-0.2105517517138095,-0.019194979035232658,1.3392632669528837e-08,3.6370947850694613e-09
658631023.6946975,-0.21055175375929225,-0.019194872817855875,6.936600929763337e-08,1.193487100745183e-07
658631073.7202985,-0.21055177753258625,-0.01919487325579242,1.036280510569032e-07,1.28425153702455e-07
658631123.6594985,-0.21055185034940427,-0.019195174177409,8.876271873070607e-08,-1.6297840675638664e-07
658631173.6850975,-0.21055208613658716,-0.01919521098775935,-8.895635192351925e-08,-1.9023407162033212e-07
658631223.7106985,-0.21055205240970667,-0.019194835522233916,2.8549757280504906e-09,1.9480633847712703e-07
658631272.6994975,-0.21055196382743854,-0.019194941621247404,1.4833364825328488e-07,9.810335982810003e-08
658631322.7250985,-0.21055219776861306,-0.019194937076183086,-2.7490893200754485e-08,1.1226334389533021e-07
658631372.6642985,-0.2105522387544251,-0.01919486699449509,-1.0444298759182402e-08,1.9196354898720625e-07
658631422.6898975,-0.21055234559732375,-0.01919532202244859,-5.9138260594115977e-08,-2.5340898937922796e-07
658631472.7154984,-0.21055243151030892,-0.019195080103917073,-8.688621075392255e-08,-1.814748740169847e-09
658631522.6546977,-0.21055237832595453,-0.019195028948186352,2.437872562155441e-08,5.9020240264495705e-08
658631572.6802976,-0.21055257210457873,-0.019195188948922196,-1.1120284326704422e-07,-9.126417627527972e-08
658631622.7058986,-0.2105526142128721,-0.019194991972151538,-9.509812637364945e-08,1.1544926474191253e-07
658631672.6450976,-0.2105523562989343,-0.01919514365206224,2.2094414381390592e-07,-2.6490474622914428e-08
658631722.6706976,-0.21055265694495587,-0.0191950370322786,-2.1457131405000496e-08,8.990670413017154e-08
658631772.6962976,-0.2105527651596709,-0.01919518069915994,-7.141128810506103e-08,-4.396237375178802e-08
658631822.7218976,-0.21055268999816634,-0.019195207354104352,6.202653834996852e-08,-6.079908682413149e-08
658631872.6610986,-0.2105528362302016,-0.01919536647896675,-2.6014147419539668e-08,-2.1010228107645745e-07
658631922.6866986,-0.21055271070322984,-0.019195367118106106,1.578205058583304e-07,-2.0088231156983882e-07
658631972.7122976,-0.21055304684690054,-0.019195029457198108,-1.1999986229693782e-07,1.4665819023790272e-07
658632022.6514986,-0.21055298572994308,-0.019195218704975776,-6.447963551980962e-10,-3.270660521928481e-08
658632072.6770977,-0.21055303492305882,-0.019195408509063018,8.516466809549428e-09,-2.125901063312896e-07
658632121.6658977,-0.21055312412911084,-0.019195544446955697,-2.3529619336271068e-08,-3.387931125573007e-07
658632171.6914988,-0.21055320440433298,-0.019195252248577183,-4.541986564632339e-08,-3.6633469563396304e-08
658632221.7170978,-0.2105530594198773,-0.019195577197503064,1.5796495095310448e-07,-3.516005507610276e-07
658632271.6562988,-0.21055325768842337,-0.019195229617915553,1.8011204722112595e-08,5.964188122542513e-09
658632321.6818978,-0.21055319744460294,-0.019195476436597542,1.3668599332938847e-07,-2.3083146634753082e-07
658632371.7074977,-0.21055338383917685,-0.019195471015678214,8.737634726863064e-09,-2.1536688134260462e-07
658632471.6722977,-0.21055332579045477,-0.019195500937391096,1.836233297081158e-07,-2.2515670828823775e-07
658632521.6978977,-0.21055357806661829,-0.01919529897764851,-1.0161187585788767e-08,-1.3091306948209702e-08
658632571.7234987,-0.2105534931763697,-0.019195487787481647,1.332357668637485e-07,-1.9177476656695447e-07
658632621.6626989,-0.21055366173464052,-0.019195310849294486,2.309812571765768e-08,-4.707015551635996e-09
658632671.6882988,-0.21055360076729293,-0.019195389417474375,1.426021284944845e-07,-7.310737152460556e-08
658632721.7138989,-0.21055380796666212,-0.019195469974168138,-6.045667272358557e-09,-1.434754693212248e-07
658632821.6786989,-0.21055398600432837,-0.019195315347081177,-6.703680988096039e-08,3.157351559021637e-08
658632921.6434978,-0.21055413428183897,-0.019195368254584646,-9.820878815736123e-08,-8.289166818220561e-10
658632971.6690989,-0.21055414852586546,-0.019195383274628414,-5.382740184134427e-08,-5.556289289776473e-09
658633070.6834978,-0.21055421031647206,-0.019195399170556297,4.6089349003963775e-10,-1.0185943789819962e-09
658633120.7090988,-0.21055407837835566,-0.01919521817252328,1.9106789642120425e-07,1.9033439353083326e-07
658633170.6482979,-0.21055445860139277,-0.01919533585918718,-1.3057312206465888e-07,8.300568923175211e-08
658633220.6738989,-0.21055444902225465,-0.019195387334487123,-6.229616955621964e-08,4.1927214467635254e-08
658633270.6994979,-0.21055456901120317,-0.019195262629116316,-1.2357289899678214e-07,1.770503918925581e-07
658633320.725098,-0.210554721853849,-0.019195455818367,-2.1768896396601178e-07,-5.700050972889947e-09
658633370.664299,-0.21055453019593026,-0.019195837462290366,3.260838624119522e-08,-3.769022297595015e-07
658633420.689898,-0.21055452772615155,-0.019195554069980553,9.383330243362131e-08,-8.302908952040333e-08
658633470.7154989,-0.21055464362410467,-0.019195641799358107,3.670471085404081e-08,-1.6025657816054473e-07
658633520.654698,-0.2105548806833675,-0.019195441035091146,-1.41672554770933e-07,5.10124620739516e-08
658633570.680298,-0.21055482438090592,-0.019195586098607362,-2.657245135040398e-08,-8.350702826800949e-08
658633620.705899,-0.21055461723142255,-0.01919546864869802,2.3938875870488374e-07,4.450802250366426e-08
658633670.6450989,-0.21055506303680813,-0.019195611155748197,-1.4769247444479383e-07,-8.743105406675e-08
658633720.670698,-0.2105548110100109,-0.01919562864946844,1.6317405301946586e-07,-9.431738223417141e-08
658633770.6962991,-0.21055505477965927,-0.019195388163176216,-2.1741916850226417e-08,1.5679747512875597e-07
658633820.7218981,-0.2105552165278063,-0.019195324733437505,-1.246224873019397e-07,2.3087696958412618e-07
658633870.6610991,-0.2105550439284047,-0.01919567721314868,1.0675664061099432e-07,-1.1095022316859326e-07
658633920.686699,-0.2105553094258426,-0.019195543382178742,-9.98455802758702e-08,3.357290614958153e-08
658633970.712298,-0.21055526182938955,-0.019195579399488048,6.659852058721327e-09,8.269003894806337e-09
658634020.651499,-0.21055531885536047,-0.019195602586472005,8.454802441493214e-09,-4.201863402358841e-09
658634070.677098,-0.2105554042696314,-0.0191957295999419,-1.802312332710443e-08,-1.2045940914542919e-07
658634169.6914991,-0.21055558118479806,-0.019195701867962486,-7.824694120417419e-08,-7.13756673730026e-08
658634219.7170982,-0.21055558113492429,-0.019195738761159594,-1.9220258135055346e-08,-9.744941092612591e-08
658634269.6562982,-0.2105555602303889,-0.019195726569945507,6.057268406300942e-08,-7.443612315763404e-08
658634319.6818982,-0.21055562683549836,-0.01919569828163252,5.2971299402404526e-08,-3.528565122035143e-08
658634369.7074982,-0.21055590156295098,-0.01919577122775905,-1.6273902750385538e-07,-9.734821969711871e-08
658634419.6466982,-0.21055572449816518,-0.01919590963932447,7.325427611726276e-08,-2.248736613343072e-07
658634469.6722991,-0.21055578833426708,-0.019195819317888087,6.846194486320734e-08,-1.2362584870390103e-07
658634519.6978992,-0.2105558893145556,-0.019195686883537892,2.653869213276039e-08,1.9756333465015263e-08
658634569.7234992,-0.2105560062851228,-0.019195684611045188,-3.136161844108365e-08,3.299813274362795e-08
658634669.6882982,-0.2105562171764663,-0.019195847878614183,-1.2417504413608782e-07,-1.082853623574076e-07
658634769.6530993,-0.21055630089435212,-0.019195822857082167,-8.976275367444941e-08,-6.119378099730954e-08
658634819.6786983,-0.21055627046055253,-0.01919582524796712,-1.93310173424166e-10,-5.250777942999996e-08
658634869.7042984,-0.21055648534315016,-0.019195849867191108,-1.55927309841708e-07,-6.602852950163274e-08
658634919.6434994,-0.21055652982146908,-0.01919601006914125,-1.413463111554769e-07,-2.1512962407668756e-07
658634969.6690993,-0.21055636530433064,-0.019196011465735966,8.234517520633311e-08,-2.0538455186916438e-07
658635019.6946983,-0.21055654985287767,-0.019195964689451853,-4.301620534774564e-08,-1.4744495792362589e-07
658635069.7202994,-0.21055662414124812,-0.019195880463628755,-5.8104631245337046e-08,-5.203416276675088e-08
658635119.6594983,-0.2105565698344094,-0.019195956202959916,5.5312602553758694e-08,-1.1658621571278283e-07
658635169.6850983,-0.2105565748982978,-0.01919572755272835,1.09474053738845e-07,1.2329232968941173e-07
658635218.6738983,-0.21055677344148738,-0.01919588026247954,-3.105901116851051e-08,-1.840077190964906e-08
658635268.6994983,-0.21055672215303228,-0.019195833568949678,7.947976532474144e-08,3.956407516533811e-08
658635368.6642984,-0.21055693052474495,-0.019195750337422306,-1.0456066013020404e-08,1.4538395750121613e-07
658635418.6898985,-0.2105569806906916,-0.01919592392603225,-1.3341757698626111e-09,-1.6868054338731175e-08
658635468.7154984,-0.21055710033050057,-0.01919605747306862,-6.167372279541894e-08,-1.3905668271724236e-07
658635518.6546994,-0.21055713952019509,-0.0191959091427879,-4.1653223287196894e-08,2.0634160938920454e-08
658635568.6802994,-0.210557103099503,-0.019196119506192617,5.4092428841689966e-08,-1.7832719846969103e-07
658635618.7058995,-0.21055719075877172,-0.01919599272951608,2.5770414607828585e-08,-4.012661100616377e-08
658635668.6450984,-0.21055728687467679,-0.019195941372622618,-1.109850011893343e-08,2.2656289486860937e-08
658635718.6706995,-0.2105573208508451,-0.019196132372162694,1.4287025340564696e-08,-1.5687559198895862e-07
658635768.6962985,-0.21055750180714253,-0.01919592909866864,-1.0729541616294469e-07,5.7887480909429856e-08
658635818.7218984,-0.2105573959624627,-0.019196142610446124,5.7935242381290664e-08,-1.4411277905745923e-07
658635868.6610996,-0.21055752435816327,-0.019196130218089396,-1.1164997260060261e-08,-1.2020688598332607e-07
658635918.6866995,-0.21055757225388197,-0.01919587284161013,3.493563494050278e-10,1.4872500524176768e-07
658635968.7122985,-0.21055763287208862,-0.019196052525830558,-8.467863910066598e-10,-1.938181014987661e-08
658636068.6770996,-0.21055792159414197,-0.019196324958034007,-1.7079158129429395e-07,-2.6861323940835513e-07
658636118.7026995,-0.21055775163876742,-0.019196128501968644,5.862155999514229e-08,-6.05137165134162e-08
658636168.6418985,-0.2105578445866491,-0.01919631025752774,2.504054510965581e-08,-2.3062391893077794e-07
658636218.6674986,-0.2105578942286115,-0.0191961680228599,3.487993116557675e-08,-7.670168106904685e-08
658636317.6818995,-0.21055811100706795,-0.019196197104333755,-6.413403486060787e-08,-8.258505970054619e-08
658636367.7074995,-0.21055800483792764,-0.019195947220038787,1.0155129867572832e-07,1.79052708128985e-07
658636417.6466987,-0.21055808805702497,-0.01919629113048453,7.77571841914515e-08,-1.5310246552491247e-07
658636467.6722996,-0.21055815748100695,-0.019196287982114278,6.787255826812277e-08,-1.3815632961960977e-07
658636517.6978986,-0.21055826841478034,-0.01919653057536017,1.64896669652137e-08,-3.689296180532653e-07
658636567.7234987,-0.21055836964446323,-0.01919621367505314,-2.517764635667774e-08,-4.018714310979887e-08
658636617.6626997,-0.21055825175091,-0.01919619526981354,1.521868212284172e-07,-9.938017637989294e-09
658636667.6882997,-0.21055854733297277,-0.019196317300416852,-8.381004432123085e-08,-1.200820170278727e-07
658636717.7138987,-0.21055855706175614,-0.019196155145533432,-3.394227024444696e-08,5.3981733839914003e-08
658636767.6530997,-0.21055863469296981,-0.019196411882930132,-5.206856362738321e-08,-1.9084513895942234e-07
658636817.6786987,-0.21055856332323347,-0.019196447462273978,7.892030923217774e-08,-2.1447107254393694e-07
658636867.7042987,-0.2105586509326244,-0.019196357578806677,5.0941293711082025e-08,-1.1261187750008506e-07
658636917.6434997,-0.2105587543327602,-0.019196545429981365,7.079713260083054e-09,-2.884857303875332e-07
658636967.6690989,-0.21055887145294833,-0.019196432477929452,-5.038776831889358e-08,-1.635133015584489e-07
658637017.6946998,-0.2105588601275636,-0.019196368811415628,2.0601439360001805e-08,-8.780404004565812e-08
658637067.7202988,-0.21055911779207068,-0.019196401597639873,-1.7738817331691692e-07,-1.0852512917838841e-07
658637117.6594988,-0.21055902761320194,-0.019196281875195585,-2.7626470194830333e-08,2.3263960348407497e-08
658637217.7106998,-0.21055904248094098,-0.019196538932129296,7.691054626501881e-08,-2.0955068074507421e-07
658637266.6994998,-0.21055908054812517,-0.01919651749693449,9.732432126874357e-08,-1.7621280265500694e-07
658637366.6642988,-0.2105592925120546,-0.01919659076267468,4.726854602177255e-09,-2.2512346977560105e-07
658637416.6898998,-0.21055954463856366,-0.019196499482661764,-1.8764863912723584e-07,-1.2162165773099698e-07
658637466.7154999,-0.21055933821262712,-0.019196550283163742,7.853906300314684e-08,-1.6017783282390452e-07
658637516.654699,-0.21055951809628418,-0.019196437011585566,-4.1675361744930584e-08,-3.4660588833085315e-08
658637566.6802999,-0.21055954438916108,-0.019196683948641165,-8.185107785996237e-09,-2.693082491525556e-07
658637616.7059,-0.21055949966146756,-0.019196708212663227,9.633634767691746e-08,-2.8126029666397656e-07
658637666.6450999,-0.2105596717620914,-0.019196724664991914,-1.6063220614759288e-08,-2.853993762638729e-07
658637766.696299,-0.21055979170115457,-0.019196636852877754,-1.636199498111779e-08,-1.7285033803923766e-07
658637816.7218999,-0.2105598370525623,-0.01919685462573886,-1.877525829252491e-09,-3.782207727252851e-07
658637916.6866989,-0.21055997343080607,-0.019196564936722598,-1.865614213114597e-08,-6.368040926171825e-08
658637966.7123,-0.21055997220851996,-0.019196765618189553,4.243319071117746e-08,-2.51891441309382e-07
658638016.651499,-0.21056016434055247,-0.01919673669084364,-8.99249034680416e-08,-2.1049254138663653e-07
658638066.677099,-0.21056029652799194,-0.019196733222957788,-1.6222471804772098e-07,-1.9450881028407196e-07
658638116.7026991,-0.2105600557767514,-0.019196851276272617,1.3842438811861868e-07,-3.00023529395399e-07
658712817.7107166,-0.21066829118878697,-0.01923623565821802,-4.759663624342991e-08,-4.46503571831236e-07
658713117.6915157,-0.21066883490216884,-0.01923640506207413,-2.2244519420899778e-08,-4.267813675726262e-07
658713167.7171167,-0.21066886820456893,-0.019236390918260435,3.944292054081089e-08,-3.810993669285667e-07
658713217.6563157,-0.21066905342499806,-0.019236549287262723,-5.092596516709236e-08,-5.079849113749646e-07
658713267.6819167,-0.21066926845621015,-0.019236463229091106,-1.7091577944605696e-07,-3.9038906128954776e-07
658713367.6467158,-0.21066932368591523,-0.01923640816807299,-3.614989524391987e-08,-2.723078734237494e-07
658713517.7235157,-0.21066966850778274,-0.01923668311253473,-9.55404226288259e-08,-4.5264204222988935e-07
658713567.6627169,-0.21066969524973203,-0.01923659801118621,-2.7252156281631912e-08,-3.360588059463099e-07
658713617.6883168,-0.21066998037734708,-0.019236713948768188,-2.171598393330143e-07,-4.204602246891953e-07
658713667.7139158,-0.21066994872072153,-0.019236917020559043,-9.025801850359727e-08,-5.919960350507514e-07
658713716.7027159,-0.21066991299967663,-0.019236610879249803,3.875865442481974e-08,-2.549725085822241e-07
658713766.6419158,-0.2106700163984821,-0.019236798731179974,3.04902589842726e-08,-4.11343258201885e-07
658713866.6931169,-0.210670381501862,-0.019236843830477413,-1.4394800446071443e-07,-3.9337172264009013e-07
658713916.7187158,-0.21067044047324732,-0.019236834587079452,-1.0754937862511582e-07,-3.525931217863987e-07
658713966.6579169,-0.21067053177410017,-0.01923682741533099,-1.036201091320077e-07,-3.139407634272784e-07
658714066.7091159,-0.21067065700017015,-0.01923704813636191,-3.798206354987954e-08,-4.7159200073851326e-07
658714116.648317,-0.21067095944048786,-0.019237019768310878,-2.4511815274741444e-07,-4.117436748739267e-07
658714166.673916,-0.21067078073051831,-0.019236969249967314,2.908553792257962e-08,-3.296906877468808e-07
658714216.699517,-0.2106710261953359,-0.019236880801247927,-1.208609865521737e-07,-2.0970740850778657e-07
658714266.725116,-0.21067111914194886,-0.019237062557483163,-1.1826480575405363e-07,-3.5992916116306395e-07
658714316.6643159,-0.21067103435152965,-0.019237177579912727,6.192777279867556e-08,-4.434716378599879e-07
658714366.689917,-0.21067128734971985,-0.01923714387327769,-9.54788445250987e-08,-3.782306434788052e-07
658714416.7155169,-0.21067128812258454,-0.019237275230415914,-6.358253090699151e-10,-4.780534712048312e-07
658714466.654716,-0.210671524931031,-0.01923725893453458,-1.4196934278176698e-07,-4.302777828861515e-07
658714516.6803169,-0.2106714156446286,-0.01923720526849294,6.298133797821848e-08,-3.4507749958542777e-07
658714566.705917,-0.21067173033292724,-0.019237261244695953,-1.5601856256930446e-07,-3.6951948225241726e-07
658714616.645117,-0.2106717276642158,-0.019237125425326344,-5.7802722941424634e-08,-2.0222036716671665e-07
658714666.6707171,-0.2106718786592884,-0.019237277260484003,-1.1306138797406717e-07,-3.225213180239883e-07
658714766.721917,-0.21067201254170262,-0.01923742582870018,-5.539926359321434e-08,-4.0802108995652286e-07
658714816.6611161,-0.21067208580697494,-0.019237394712331,-3.302202647437191e-08,-3.4542492800479496e-07
658714866.6867161,-0.21067211726354132,-0.019237339213145653,3.1353106444420575e-08,-2.5839145036815614e-07
658714916.7123171,-0.21067227419624668,-0.019237319969261448,-2.972422441516187e-08,-2.0761322857762443e-07
658715065.665917,-0.21067253330469857,-0.019237689258528493,-3.2791992732317254e-09,-4.830071483469256e-07
658715115.6915171,-0.2106726481786,-0.019237830097574692,-2.2204203170561598e-08,-5.923115834020887e-07
658715165.7171172,-0.21067260626985929,-0.019237879501053604,1.1567678828705574e-07,-6.101803581327891e-07
658715265.6819162,-0.21067289179756418,-0.019237700293515767,2.1997530075257288e-08,-3.679575606187202e-07
658715315.7075162,-0.21067288795584851,-0.019237728262198998,1.2188113032718384e-07,-3.643912037144814e-07
658715365.6467162,-0.21067304241992263,-0.01923742562636267,6.331610177823244e-08,-3.027466023361458e-08
658715415.6723162,-0.21067316996452368,-0.01923804041882187,3.185947322625893e-08,-6.135318061858963e-07
658715515.7235162,-0.21067327221773155,-0.019237670411317735,1.2185104844575356e-07,-1.8045321192178276e-07
658715565.6627172,-0.21067341178767235,-0.01923783236624613,7.827169765106667e-08,-3.1092680921954163e-07
658715615.6883172,-0.21067348562571847,-0.019238080179613405,1.0061306776609769e-07,-5.272041991091769e-07
658715715.6531173,-0.21067385257485127,-0.019238166634398517,-7.407537855330659e-08,-5.50640914125794e-07
658715765.6787163,-0.21067382219125974,-0.019238132131824272,5.255552401606245e-08,-4.84601761198411e-07
658715815.7043164,-0.21067392988191716,-0.019237959976766285,4.1134695899502915e-08,-2.809099031511608e-07
658715865.6435174,-0.21067423416801578,-0.01923797296418245,-1.6702544702873467e-07,-2.6241475609492526e-07
658715915.6691173,-0.21067415107336235,-0.01923824002140972,1.2383835956697453e-08,-4.979347119037081e-07
658715965.6947173,-0.21067417694242574,-0.019238097349237322,8.285172492517034e-08,-3.237250173551698e-07
658716014.6835163,-0.21067451063917336,-0.019238161054693545,-1.5648312154392663e-07,-3.5654632633830285e-07
658716064.7091163,-0.21067437615654033,-0.019238455204225804,7.438045676599891e-08,-6.191578097586303e-07
658716114.6483173,-0.21067457125628936,-0.019238340739288397,-2.4482733090858133e-08,-4.7320901261013737e-07
658716164.6739173,-0.2106746007169651,-0.01923835456417421,4.248169446774419e-08,-4.554952778186572e-07
658716214.6995164,-0.2106747368453429,-0.019238249342616132,2.800419757198469e-09,-3.187347982665234e-07
658716514.6803174,-0.21067529839397917,-0.01923859026399087,2.005918756098346e-08,-4.7052468608865805e-07
658716564.7059164,-0.21067545250789654,-0.019238545880227692,-3.7455500118133145e-08,-3.945996053522638e-07
658716614.6451164,-0.21067543719104798,-0.01923862086180693,7.431517123901443e-08,-4.3809395887384195e-07
658716664.6707175,-0.21067556107144658,-0.019238431296025135,4.707687442651043e-08,-2.1698608103359884e-07
658716714.6963174,-0.21067589501828846,-0.019238310535783208,-1.9020651209622486e-07,-6.468333916057056e-08
658716764.7219166,-0.21067608188433604,-0.019238657832856804,-2.8038781485495434e-07,-3.804374980320713e-07
658716814.6611166,-0.2106757387584038,-0.019238534923044785,1.5927704979934454e-07,-2.2603882493879568e-07
658716864.6867166,-0.2106760758466311,-0.01923890269818803,-8.108407908991033e-08,-5.622701928151286e-07
658716963.7011175,-0.2106761395326083,-0.01923892305697495,4.674157733086659e-08,-5.201938588841881e-07
658717013.6403176,-0.21067639001211794,-0.019238642851648037,-1.0711535439189568e-07,-2.0849787810833798e-07
658717063.6659175,-0.2106764384812907,-0.019238664405720182,-5.877389519515219e-08,-1.9850633702078735e-07
658717163.7171166,-0.2106766804269539,-0.019239067321261454,-1.0703583902538227e-07,-5.383291774505028e-07
658717213.6563176,-0.21067676332152294,-0.019238947836647244,-9.322477473316937e-08,-3.873519391767166e-07
658720905.7011174,-0.2106838334360026,-0.0192411914490388,3.8880771990879026e-08,-3.005307364113696e-07
658720955.6403174,-0.21068394554106082,-0.019241270255113192,2.4846972229708442e-08,-3.477754939099076e-07
658721305.6467175,-0.2106846595574953,-0.01924137786531106,-1.3809505761130936e-09,-2.3414554490772121e-07
658721405.6979185,-0.21068500832072723,-0.019241551055221098,-1.5339603193220697e-07,-3.440802587538483e-07
658721555.6883186,-0.21068530327752488,-0.019241431052325807,-1.532856311881048e-07,-1.2923844629891823e-07
658721605.7139176,-0.21068532864627204,-0.019241657311630977,-8.021158501292369e-08,-3.2386365901235226e-07
658799166.6483351,-0.2108505000732547,-0.019285758791414222,-9.386869173622081e-08,-2.3383226118930955e-07
658799316.7251353,-0.21085078754579592,-0.019285547157764798,-2.5440097278783824e-08,2.6472730303012115e-08
658799366.6643363,-0.21085085307659718,-0.019285608872817443,2.7467488505905635e-08,-1.909087438481394e-08
658799416.6899363,-0.21085110704581106,-0.019285558954770396,-1.0785376330924024e-07,4.6984402216065924e-08
658799466.7155362,-0.21085106790536182,-0.019285670390519417,4.9939244545216255e-08,-4.8316283519228564e-08
658799566.6803362,-0.2108512120867123,-0.01928593573565342,1.4287155963854659e-07,-2.8148550536635786e-07
658799616.7059352,-0.21085156062710522,-0.019285571749490762,-8.700293877006438e-08,9.856934456153876e-08
658799666.6451362,-0.21085155366496638,-0.019285795936637835,3.842443882517976e-08,-1.0959891917974862e-07
658799716.6707363,-0.21085155366496638,-0.019285795936637835,1.5709885509140875e-07,-9.357439724813621e-08
658799766.6963353,-0.21085173943567145,-0.019285548484378887,9.000671571945951e-08,1.6988030284922906e-07
658799816.7219354,-0.21085209004037145,-0.019285763034392188,-1.4191533842522475e-07,-2.8689334317932857e-08
658799866.6611354,-0.21085182761549423,-0.019285737532650164,2.3899119891424014e-07,1.2743189732600246e-08
658799916.6867363,-0.2108521348179386,-0.019285701878492368,5.0479327828867326e-08,6.433367445365934e-08
658800066.6771353,-0.21085252640859548,-0.01928584634811064,1.4778197054976516e-08,-3.2486426819466896e-08
658800166.6419364,-0.21085292071722864,-0.019286089743827433,-1.4232083081489044e-07,-2.4423468828957406e-07
658800215.7171364,-0.21085297025943514,-0.019286021297026265,-7.540583363274678e-08,-1.6028344650143023e-07
658800265.6563354,-0.21085296150205504,-0.019286167235751425,5.1862418304349234e-08,-2.904664340580565e-07
658800315.6819364,-0.2108531224765142,-0.019285972453459855,9.607203560468847e-09,-7.992304428341979e-08
658800465.6723355,-0.21085364999392947,-0.019286159276175528,-1.6193828827892887e-07,-2.1962091148811091e-07
658800515.6979365,-0.21085367703798444,-0.019285852816917155,-7.025051282361083e-08,1.0251196240138039e-07
658800565.7235355,-0.21085341241560585,-0.019286044211376446,3.1310665249417724e-07,-7.323072434561873e-08
658800615.6627365,-0.21085368344698951,-0.019286034453675344,1.6060787041971558e-07,-4.787005277243073e-08
658802664.725137,-0.2108588763115144,-0.019286894695142612,-1.6717163867085993e-07,-2.8646684053015847e-07
658802714.664337,-0.2108590599349692,-0.019286827246163322,-2.322091299522544e-07,-2.04314885735718e-07
658802764.689936,-0.21085905824035855,-0.01928667521158761,-1.1172373273748981e-07,-3.7573014644021185e-08
658802814.715537,-0.2108590355410867,-0.019286584771447644,2.9765914288937267e-08,6.755330270863391e-08
658802864.654736,-0.21085916281099645,-0.01928669927713061,2.1080720946642373e-08,-3.231261530220464e-08
658802964.7059361,-0.2108595232465781,-0.019286677887072536,-1.0177686843304556e-07,1.8344428275030022e-08
658803064.6707361,-0.21085956981935464,-0.019286694979621224,8.902032344604294e-08,3.040949546340155e-08
658803114.6963371,-0.21085955347873814,-0.01928682306931358,2.2414724498709404e-07,-8.312030426796402e-08
658803163.6851372,-0.21085997063733175,-0.019287046226160502,-7.66878500979562e-08,-2.9203937023519755e-07
658803213.7107362,-0.2108598328650988,-0.01928696251768702,1.7986874673026065e-07,-1.9381255355818694e-07
658803263.6499361,-0.21086041571250783,-0.01928702049454294,-2.8440053773115537e-07,-2.3731705305410355e-07
658803313.6755371,-0.21086005480688302,-0.019286689169185984,1.952872025756669e-07,1.0848476792932327e-07
658803363.7011371,-0.21086034274947252,-0.01928683025117986,2.612548596903075e-08,-1.8141694507756156e-08
658803463.6659362,-0.21086066040385706,-0.01928680069311719,-5.417631712689719e-08,4.023982578399421e-08
658803513.6915373,-0.21086071154007355,-0.019286958067087103,1.3464174192234779e-08,-1.0274127079309969e-07
658803563.7171363,-0.21086069622279902,-0.019287033048284732,1.4755661198462278e-07,-1.6335045928406178e-07
658803613.6563373,-0.21086079423358836,-0.01928698615632939,1.6811424149998366e-07,-1.0213210898182834e-07
658803663.6819363,-0.21086085355659415,-0.01928671866236403,2.2756309750460169e-07,1.796922254916622e-07
658803763.6467372,-0.21086145039610396,-0.01928697612504632,-1.3194317494136243e-07,-4.919679713957792e-08
658803813.6723362,-0.2108610936515441,-0.019287080225712457,3.4356773226384973e-07,-1.390294425106242e-07
658803913.7235363,-0.2108616771198606,-0.019287380238776002,-2.3739262500210856e-09,-4.1056872738740036e-07
658803963.6627373,-0.21086145199009393,-0.019287201945778532,3.413108909666729e-07,-2.1809445420808982e-07
658804013.6883364,-0.2108621122962995,-0.019286942587487605,-2.002373670484392e-07,5.544895646455994e-08
658804163.6787374,-0.21086186852769417,-0.019287183066547427,3.9958597075617774e-07,-1.4262319137509083e-07
658804213.7043364,-0.21086271712137725,-0.019286922754621065,-3.3025935913810756e-07,1.3179123237866408e-07
658804263.6435374,-0.21086269356696424,-0.01928745949682183,-1.8816425975676232e-07,-3.908933946146498e-07
658804362.6579363,-0.21086275294029,-0.019287155109791777,-1.2515008224189828e-08,-5.8695123473367916e-08
658804462.7091373,-0.2108629233434632,-0.01928701953200938,5.45541945784489e-08,1.0490326964388008e-07
658804512.6483364,-0.21086315610669204,-0.019287178780978374,-5.968230842867683e-08,-4.039032982378066e-08
658804562.6739374,-0.210863345115692,-0.019287346077310703,-1.2996254283859088e-07,-1.9372764643171836e-07
658805112.6963376,-0.21086450604566506,-0.01928746932230864,1.428762899657876e-08,-1.648435961204564e-07
658805162.7219366,-0.21086462680599707,-0.019287475977455826,1.2213918321180017e-08,-1.5778443761618743e-07
658805262.6867375,-0.210865072283567,-0.019287155101392544,-1.961074255207862e-07,1.9043579859226445e-07
658805312.7123376,-0.21086474936150948,-0.01928756088101714,2.454890598302395e-07,-2.0169028992420013e-07
658805362.6515375,-0.21086523075857214,-0.01928739857397638,-1.1744274386327191e-07,-2.577347474677638e-08
658805411.6403366,-0.21086520212040574,-0.019287479212453197,2.7401998309306563e-08,-9.308076096697926e-08
658805461.6659366,-0.21086512112147573,-0.01928760315774927,2.27062588536997e-07,-2.034327123666413e-07
658805511.6915376,-0.21086557188395316,-0.019287590813101198,-1.0504266026445386e-07,-1.7751489925915687e-07
658805561.7171377,-0.21086546828640296,-0.01928755053208962,1.172076085353968e-07,-1.2368088451661374e-07
658805611.6563377,-0.2108653962964846,-0.019287344073290216,3.0764074915312634e-07,9.628741862513501e-08
658805661.6819367,-0.21086588903518408,-0.019287930185966223,-6.645446187780735e-08,-4.7631248981105934e-07
658805711.7075367,-0.21086576339242227,-0.01928731985478663,1.7782706282498673e-07,1.4751134943744026e-07
658805761.6467377,-0.21086598176105184,-0.01928757476266472,7.788750711057446e-08,-9.394721054920008e-08
658805861.6979377,-0.21086657598307026,-0.019287659513368468,-2.79081266429948e-07,-1.51812905632015e-07
658805911.7235377,-0.2108666444329375,-0.01928767258227141,-2.289120055731786e-07,-1.5146936830495727e-07
658805961.6627367,-0.2108664427743032,-0.01928771608623222,9.115580529295286e-08,-1.8160402100869666e-07
658806061.7139379,-0.2108668108432737,-0.019287675652351084,-3.9700647436191616e-08,-1.1444521182471523e-07
658806111.6531368,-0.21086677754108193,-0.019287689795566155,1.1199503902048491e-07,-1.1527892939192097e-07
658806161.6787379,-0.21086686884111194,-0.019287682625386306,1.392879611650244e-07,-9.479615451640777e-08
658806211.7043369,-0.210867096269069,-0.019287570236117078,3.0447493859497854e-08,3.088578012441778e-08
658806261.6435368,-0.21086755748354746,-0.01928756398741726,-3.1238982320380693e-07,5.038432804999049e-08
658806360.6579379,-0.21086748212167966,-0.019287738212540553,-2.3382573099972603e-09,-9.76289370041572e-08
658806810.715537,-0.21086887155307643,-0.019287659067157837,-3.253090032906414e-07,9.968083309816467e-08
658806860.654738,-0.21086910226945865,-0.01928792453321672,-4.377199426253142e-07,-1.5277199062746494e-07
658806910.6803379,-0.21086891842772582,-0.019287454801277942,-1.353745507914894e-07,3.2997603635620543e-07
658807559.7171371,-0.21087024521424597,-0.01928798694082086,7.469778681712391e-08,-3.5067244844033674e-08
658807609.656337,-0.21087053719982202,-0.019287952482188935,-9.908647810585869e-08,1.2112383335899368e-08
658807709.7075381,-0.2108705948957397,-0.019288180813703946,8.00065705630626e-08,-1.9079129650462212e-07
658807759.6467372,-0.2108705388943417,-0.01928810451675298,2.5418651619646404e-07,-1.018313879677657e-07
658807809.6723372,-0.21087096194128127,-0.019288193488445102,-5.0485151503743e-08,-1.7813755235143724e-07
658807909.7235382,-0.21087113331750987,-0.019288041695383885,1.4865648212403215e-08,-1.0714283800450364e-09
658808159.6787373,-0.2108718545575524,-0.01928842541754834,-1.1510597899833108e-07,-3.2199164386181867e-07
658808508.6483372,-0.2108725329491357,-0.01928815311170528,3.164043990699916e-08,3.719203590241138e-08
658808558.6739383,-0.2108723531173174,-0.01928822948497419,3.2972320160307156e-07,-2.6803353175841593e-08
658808608.6995373,-0.21087286838696476,-0.019288331964267606,-6.730436544200025e-08,-1.1692383661623951e-07
658808658.7251374,-0.21087307179038597,-0.019288403601907936,-1.5247463108769566e-07,-1.762217179540615e-07
658808708.6643374,-0.21087289497839265,-0.01928835754278633,1.4235734263623456e-07,-1.1786313423162165e-07
658808758.6899384,-0.21087317631062372,-0.019288464560652595,-2.0759775676282288e-08,-2.1257925820680756e-07
658808858.6547375,-0.2108734644039343,-0.019288494963734373,-7.265446769211259e-08,-2.184569975610673e-07
658808908.6803384,-0.21087349800806704,-0.019288259462083127,1.1928923127069169e-08,2.92894874985572e-08
658808958.7059374,-0.2108734856099257,-0.019288285797027706,1.425052452153075e-07,1.518043122109014e-08
658809008.6451384,-0.21087374326990074,-0.019288318590158397,2.809966120898011e-09,-5.426804287195219e-09
658809058.6707374,-0.210873692804927,-0.01928836635919244,1.7143425601329199e-07,-4.100775423399039e-08
658809308.7123386,-0.21087445144056952,-0.019288523504378596,3.2467342703235147e-09,-1.3751641392278913e-07
658809358.6515385,-0.21087466360150683,-0.019288449203362312,-9.101710368719651e-08,-5.116120577186578e-08
658809408.6771375,-0.2108745626212335,-0.019288581634497416,1.2805430177342814e-07,-1.715360642313979e-07
658809508.6419375,-0.21087484784567437,-0.019288623790766114,7.87781037348001e-08,-1.896568086919015e-07
658809607.6563386,-0.21087508669868552,-0.019288501282129868,7.359014761454397e-08,-4.3414903096172797e-08
658809707.7075386,-0.21087519957382958,-0.019288711446813527,1.9678589602278862e-07,-2.2967220890054985e-07
658810607.6499388,-0.21087772319168466,-0.019288840649404594,-2.0535295899848371e-07,-1.4717140293246667e-07
658810707.7011387,-0.21087764152164526,-0.019288759451559424,1.1194793705926465e-07,-4.2806102919235034e-08
658810757.6403389,-0.21087794954587896,-0.019288818261919118,-7.848185826220266e-08,-9.008016447348277e-08
658886903.6883564,-0.2110388669631637,-0.019283403050168246,-1.5570837386125191e-07,-1.791371137642439e-07
658886953.7139554,-0.2110389010357317,-0.019283520264257732,-9.30290018352764e-08,-3.193082337496489e-07
658887003.6531554,-0.21103892526482573,-0.019283188665833645,-2.0696463515212926e-08,-1.0650758358599077e-08
658887053.6787565,-0.21103899084521852,-0.019283213488867773,1.0428522934091689e-08,-5.847800924052571e-08
658887103.7043556,-0.21103919783548858,-0.019283441626157964,-9.98797769213855e-08,-3.0964308288944364e-07
658887153.6435566,-0.21103915171950277,-0.019283092495518656,4.2727788640561926e-08,1.6476067038473374e-08
658887203.6691566,-0.21103920392832737,-0.01928315986867239,8.715396010439136e-08,-7.39718745527973e-08
658887253.6947565,-0.21103921345771634,-0.019283145287034245,1.7423595607968245e-07,-8.248850104364269e-08
658887303.7203566,-0.2110394998562803,-0.019283023659878988,-1.557490239556536e-08,1.6016943445162912e-08
658887353.6595556,-0.2110395807039762,-0.019283010395079632,-2.5399987668706103e-11,6.176610993502418e-09
658887403.6851555,-0.21103951507288043,-0.01928302246508292,1.621458768363837e-07,-2.9061863658641496e-08
658887453.7107565,-0.21103984784093818,-0.01928306550337375,-7.410588354073155e-08,-9.52919813924924e-08
658887503.6499566,-0.2110398850359822,-0.019282986499162175,-1.497521892601661e-08,-3.9462805263151823e-08
658887553.6755565,-0.21103995368815512,-0.01928285199693846,1.2840968038885237e-08,7.18010145853154e-08
658887603.7011566,-0.21104020069169982,-0.019283026269977955,-1.3771830809083951e-07,-1.257336919475993e-07
658887653.6403557,-0.21104028056617358,-0.019283029220563346,-1.2133918309009672e-07,-1.519289404214308e-07
658887702.7155566,-0.21104037017286492,-0.01928287001734893,-1.1638108107780987e-07,-1.5590758316308406e-08
658887752.6547567,-0.21104036925035094,-0.019282849339687814,-1.92529054365842e-08,-1.8203573860092748e-08
658887802.6803557,-0.21104041295370682,-0.019282878186063307,3.3391500536827934e-08,-7.040384128464972e-08
658887852.7059567,-0.21104072953193298,-0.019282938634555005,-1.8686339312012912e-07,-1.5422933553888019e-07
658887952.6707556,-0.2110407476174928,-0.01928292568666078,-1.254212420032097e-08,-1.8806417677666443e-07
658888002.6963557,-0.21104088748655775,-0.01928286628737179,-5.616152756737769e-08,-1.5211099417544727e-07
658888052.7219566,-0.2110410281767219,-0.019282901351825893,-1.0062673666544342e-07,-2.1064454139296807e-07
658888102.6611567,-0.21104121466880965,-0.019282822152778618,-1.9108477480878072e-07,-1.548969486737939e-07
658888202.7123557,-0.21104146961024395,-0.01928275602368333,-2.537003750413547e-07,-1.358206104112858e-07
658888252.6515567,-0.21104132528074007,-0.01928260135553918,-1.3411388749551278e-08,-4.672442228265128e-09
658888302.6771568,-0.2110414885676062,-0.019282800646492317,-8.059778341951152e-08,-2.2754687408962915e-07
658888352.7027558,-0.21104150132092922,-0.019282516060471898,2.7242434141871996e-09,3.343286873042084e-08
658888502.6931568,-0.2110418522759514,-0.019282472364848285,-6.032190474902777e-08,6.2140797785215085e-09
658888552.7187557,-0.2110418779951671,-0.01928244037303955,9.933109362814108e-09,1.4508764030474186e-08
658888602.6579558,-0.21104215932477138,-0.019282547395016354,-1.756134177244295e-07,-1.1619199482074127e-07
658888652.6835569,-0.21104223535705713,-0.01928257831409458,-1.5572241834904688e-07,-1.7085341491585027e-07
658888702.7091559,-0.2110421756160203,-0.019282456198762378,-8.369965831533932e-11,-7.250300407962706e-08
658888802.6739569,-0.211042366001012,-0.019282312138215157,1.0840907616049833e-09,2.400122514623071e-08
658888851.6627558,-0.21104251519662215,-0.019282385729473873,-5.4276656835661186e-08,-7.292830444052822e-08
658888901.6883569,-0.21104264184625784,-0.019282258201198093,-8.513110724694961e-08,3.0745545127192075e-08
658888951.7139559,-0.21104258205451187,-0.01928217297890433,7.042988015015794e-08,9.2090990170407e-08
658889051.678757,-0.21104298229865823,-0.01928224530262502,-1.3851916386142804e-07,-2.8012240201047423e-08
658889101.7043569,-0.21104303471031904,-0.019282165103633304,-9.523976743364138e-08,2.8242859089616656e-08
658889151.643556,-0.21104310095963486,-0.019282395069555164,-6.598944271574148e-08,-2.256478407076934e-07
658889201.6691561,-0.2110432020929145,-0.019282151960930045,-7.148411504398489e-08,-6.5276328405083905e-09
658889251.694756,-0.2110432157180731,-0.019281924945613822,1.0502983288640522e-08,1.9647703235897707e-07
658889301.720356,-0.21104333991410532,-0.019282198778512175,-1.810721059203324e-08,-1.0138871947909522e-07
658889351.659557,-0.21104338079920654,-0.01928220248495702,3.640202256294245e-08,-1.291086237677208e-07
658889501.6499571,-0.2110435799432421,-0.01928191248601321,1.2361169551833306e-07,8.86343372898113e-08
658889551.6755561,-0.21104375378340218,-0.019282044086944432,4.5224347988703784e-08,-6.710990483813073e-08
658889601.701157,-0.21104400483193353,-0.019282042819426713,-1.1039819464153666e-07,-9.000771041683953e-08
658889651.6403562,-0.2110439764466234,-0.019281938992166292,1.3221463091017682e-08,-1.0325958699208826e-08
658889701.6659561,-0.2110442976880733,-0.019282065936022875,-2.126478129138576e-07,-1.614790270283717e-07
658889801.7171562,-0.21104447352539435,-0.01928212821316504,-1.9782194937700837e-07,-2.7224030789765874e-07
658889851.6563572,-0.2110442704281464,-0.019281835214261255,1.0040162010116482e-07,-3.474322895352655e-09
658889901.6819571,-0.21104470284904492,-0.019282020289866357,-2.3675559257529954e-07,-2.1284657247128136e-07
658889951.7075561,-0.2110444576905989,-0.019281887372051047,1.0363923377831874e-07,-1.0424718865226223e-07
658890001.6467562,-0.21104455390704974,-0.019281762233376944,1.0246738046948423e-07,-3.406645167347566e-09
658890101.6979561,-0.21104491311390924,-0.019281941529838437,-6.640374838884355e-08,-2.314485445693848e-07
658890150.6867571,-0.21104492274474357,-0.019281853162124593,1.7120702050510417e-08,-1.6698002756887487e-07
658890200.7123573,-0.2110451360814566,-0.01928161507684145,-1.0111654266675707e-07,4.6678852453491126e-08
658890250.6515563,-0.2110452538706175,-0.019281707273092526,-1.2399812243657493e-07,-6.992315337503441e-08
658890350.7027563,-0.2110454137209899,-0.019281639388256274,-9.378827781070243e-08,-5.0998896935355864e-08
658890450.6675563,-0.21104558299931583,-0.019281630707869736,-7.328201684364544e-08,-9.132269421924244e-08
658890550.7187562,-0.21104565354727428,-0.01928150066796513,4.600650482800006e-08,-1.0415028114246772e-08
658890600.6579562,-0.21104581790873342,-0.01928160995751976,-2.3642790170086414e-08,-1.4426027044808776e-07
658890650.6835573,-0.2110459622888936,-0.019281727732679988,-7.317514699733962e-08,-2.8665492201110365e-07
658890750.6483563,-0.2110460805345559,-0.01928148789157664,-1.973914753872208e-09,-9.607407009531999e-08
658890800.6739564,-0.2110461653766126,-0.019281335979227432,7.94672908033256e-09,3.115500679662375e-08
658890850.6995564,-0.21104617675101878,-0.019281362752917416,9.130650541200325e-08,-2.0323163648500175e-08
658890900.7251564,-0.21104630114987818,-0.019281489013685236,6.16132438402417e-08,-1.7130958765779192e-07
658890950.6643574,-0.21104638793839667,-0.019281304670578682,6.933817975340872e-08,-1.1670521916917753e-08
658891050.7155564,-0.21104664554589944,-0.019281374360666823,9.98441634925129e-10,-1.3091743514617726e-07
658891100.6547574,-0.21104670174904766,-0.019281303086256633,3.922258870470152e-08,-8.441015552501652e-08
658891150.6803564,-0.21104679704301257,-0.019281157269941628,3.8490389514533874e-08,3.657518509239677e-08
658891250.6451565,-0.21104709825239487,-0.019281329592520668,-7.384567723978108e-08,-1.8542927810935583e-07
658891350.6963565,-0.21104723560760022,-0.0192810236951273,-2.2280752659531444e-08,7.065966345018437e-08
658891449.7107565,-0.21104748066455017,-0.019281230399083894,-8.049049274316822e-08,-1.854187079222691e-07
658891499.6499575,-0.21104747999568557,-0.019281025256221926,1.4373553763880054e-08,-5.209383188709005e-09
658891549.6755565,-0.21104760382712376,-0.019280872588061555,-1.512916461554603e-08,1.2246136748411685e-07
658891599.7011565,-0.21104775563801234,-0.019281118891493296,-7.264084933567005e-08,-1.488601958227198e-07
658891649.6403565,-0.21104782336775407,-0.019280963711659937,-4.6263759934106474e-08,-1.8675919866151247e-08
658891699.6659576,-0.2110478262367198,-0.019280951958562453,4.5107297286239856e-08,-3.19822635701239e-08
658891749.6915576,-0.21104798316740564,-0.01928093271990078,-1.76130837692412e-08,-3.782366614357713e-08
658891799.7171576,-0.21104811345636068,-0.019280924795374077,-5.372151667959457e-08,-5.49997945520353e-08
658891849.6563566,-0.21104814691071383,-0.019280799973587358,6.812218483753796e-09,4.4744184336809045e-08
658891899.6819576,-0.2110482324216451,-0.019280853204116256,1.5422099819417667e-08,-3.362804861309354e-08
658891949.7075566,-0.21104833868418565,-0.0192810293058276,3.2503876812306487e-09,-2.3489195584078248e-07
658891999.6467566,-0.21104847117325543,-0.019280804485346224,-3.534032605445603e-08,-3.521062033953748e-08
658892049.6723576,-0.21104861570557745,-0.019280811581419956,-8.584192254246226e-08,-6.75097434968408e-08
658892099.6979566,-0.2110485567349161,-0.019280820822837164,6.712928291019438e-08,-1.0197460426075722e-07
658892149.7235576,-0.21104865387390145,-0.019280716361860784,6.396060198143871e-08,-2.2757434926107267e-08
658892199.6627566,-0.21104890589564526,-0.01928069887907458,-9.428336944505844e-08,-3.0495132644775547e-08
658892249.6883577,-0.21104885732615147,-0.01928075110956167,4.8195797630601334e-08,-1.0801001808918853e-07
658892299.7139578,-0.21104893550780657,-0.019280602025766563,6.389337370293902e-08,1.5769114874997214e-08
658892349.6531568,-0.2110490932087945,-0.019280714143901853,-1.2095188739458251e-10,-1.216301571543843e-07
658892399.6787567,-0.21104924009344506,-0.019280393664905058,-5.318739482174095e-08,1.7350378203259686e-07
658892449.7043568,-0.2110493112595378,-0.019280505660926397,-3.05659159094418e-08,3.6142536994493435e-08
658892498.6931578,-0.21104940327869573,-0.019280666742051464,-3.077103710724671e-08,-1.4979762023858978e-07
658892548.7187577,-0.21104940712089493,-0.019280638773575942,5.911350586806918e-08,-1.4723418612083705e-07
658892598.6579567,-0.21104953669028279,-0.01928046259924456,2.3078231381479242e-08,3.558964994238023e-09
658892648.6835577,-0.21104962993634077,-0.019280422999792712,2.3497246010029116e-08,1.7713305044964045e-08
658892748.6483579,-0.2110497792333594,-0.019280422805067227,6.12757881102155e-08,-3.2998136084705365e-08
658892798.6739569,-0.21104987544985473,-0.019280297666440658,5.8631341393056147e-08,6.663550280658348e-08
658892848.6995579,-0.21105011784072514,-0.019280368551390835,-9.021863045521883e-08,-2.9774340902510854e-08
658892898.7251569,-0.21105013592629093,-0.01928035560351251,-1.4794520136751643e-08,-4.2371227325366245e-08
658892948.6643568,-0.21105028701756764,-0.019280433657156384,-7.256882306183599e-08,-1.4594530585443355e-07
658892998.6899569,-0.2110502920359478,-0.01928024190114238,1.5859898477854628e-08,2.0226330867123554e-08
658893048.7155569,-0.21105025401981967,-0.019280226441575996,1.4729171629590532e-07,1.008174622951774e-08
658893098.6547579,-0.21105057833308616,-0.01928019406035621,-8.37985927593099e-08,1.68833453710604e-08
658893248.645157,-0.21105080857926847,-0.019280106814846116,-3.424256375672563e-08,2.718353557182307e-08
658893298.670758,-0.21105090449134553,-0.019280203034468018,-3.6896860844404245e-08,-9.47385487108654e-08
658893348.696357,-0.21105085607405832,-0.01928014458582644,1.0474640657620604e-07,-6.201194607466376e-08
658893448.661158,-0.21105101315695537,-0.019280014668087906,1.3385895830664296e-07,1.6447620956178133e-08
658893498.6867579,-0.21105118443247972,-0.019279936663989746,5.571370106927098e-08,6.867117763667552e-08
658893548.7123569,-0.21105115789222606,-0.019279874192035064,1.753521696179483e-07,1.0534314461713157e-07
658893697.6659579,-0.21105172946252787,-0.019279831618933922,-1.1920418296895718e-07,7.098072091898944e-08
658893747.691557,-0.21105164390087555,-0.019279815281418575,5.9327575407941424e-08,6.144122328965995e-08
658893797.7171581,-0.21105175139029983,-0.019279790702583604,4.4775895408077915e-08,6.012376070965719e-08
658893847.656357,-0.21105201458346357,-0.019279947565723012,-1.256723863030107e-07,-1.2261015022371757e-07
658893897.6819581,-0.21105202149760313,-0.019279760271992716,-3.971364478938533e-08,3.8748846822173055e-08
658893947.7075571,-0.21105215450329712,-0.019279851273536694,-7.987901515238427e-08,-7.82066148369287e-08
658893997.6467571,-0.21105222577084426,-0.01927988948349595,-5.849911471900171e-08,-1.4234477012722846e-07
658894047.6723571,-0.21105230594974975,-0.019279671075928945,-4.590293381512289e-08,5.0070639117522076e-08
658894147.7235571,-0.21105246846614217,-0.019279739010258215,-2.296744011642815e-08,-6.990523522543146e-08
658894247.6883581,-0.21105261412391693,-0.01927961921188644,1.6535230407122015e-08,-2.1794572431510506e-09
658894297.7139572,-0.2110527252525739,-0.019279714236745956,-1.9826150721158342e-09,-1.2329155113163792e-07
658894347.6531582,-0.21105297061387102,-0.019279699582582334,-1.5492601346256407e-07,-1.346984423791775e-07
658894397.6787572,-0.2110529868544513,-0.019279645279386064,-7.862189194129954e-08,-1.0652026314825203e-07
658894447.7043582,-0.21105301359767117,-0.019279560179185886,-1.2853582143090847e-08,-4.756393981106277e-08
658894547.6691573,-0.21105316289467976,-0.019279559984506187,2.261305370732103e-08,-9.966822304974254e-08
658894666.6419582,-0.2110533702905988,-0.01927949297773587,3.4939367232755814e-08,-9.50025179323466e-08
658894716.6675582,-0.2110534702478411,-0.019279413656746725,2.7314226269670172e-08,-4.192623985835309e-08
658894766.6931584,-0.21105368138447964,-0.019279392467587177,-9.152387819844066e-08,-4.700044223954203e-08
658894866.6579584,-0.21105367661977734,-0.019279399758400123,9.757767924223337e-08,-1.0682836051878475e-07
658894916.6835573,-0.21105388790865415,-0.019279267890125813,-2.1513676506934587e-08,-1.2791720079008417e-09
658894966.7091573,-0.21105392295431127,-0.019279368888879322,3.5604378334497255e-08,-1.2861553272403015e-07
658895066.6739573,-0.21105413045172644,-0.019279228096043884,1.2173680202787196e-08,-4.05077751411409e-08
658895116.6995573,-0.21105422651601372,-0.01927921363657558,8.171366860931784e-09,-5.2441248447887556e-08
658895166.7251574,-0.2110544841234391,-0.019279283326843602,-1.5740813727460612e-07,-1.4854284892396041e-07
658895266.6899583,-0.21105459438033466,-0.01927932078102051,-8.387038327728469e-08,-2.3882903793168153e-07
658895316.7155584,-0.21105462506727304,-0.01927913392627158,-2.263186030249109e-08,-7.844056661501786e-08
658895366.6547575,-0.21105465570346466,-0.019278983964562214,3.846443794031096e-08,4.508236269712418e-08
658895416.6803584,-0.21105476391238134,-0.019279127635576886,2.2112398329054983e-08,-1.2509138775859685e-07
658895516.6451584,-0.21105495537221666,-0.019278893573791273,1.4104519718838304e-08,5.5956223692782414e-08
658895566.6707585,-0.21105501244714525,-0.019278879870125477,4.8783112244210614e-08,4.3102694823049514e-08
658895616.6963575,-0.21105503130295364,-0.019278998279035727,1.216462329201029e-07,-1.0188150850395927e-07
658895715.7107575,-0.21105537457351228,-0.019279010520787034,-4.018959082197071e-08,-1.667763004052636e-07
658895765.6499574,-0.2110554184290752,-0.01927892868810197,7.412173347320916e-09,-1.1152663201632884e-07
658895865.7011576,-0.2110555107019015,-0.01927890530407778,9.826599087214838e-08,-1.414544718615629e-07
658895915.6403576,-0.21105559948777763,-0.019278651637250958,1.0083303328412008e-07,8.557564767572301e-08
658896015.6915586,-0.2110557973035463,-0.019278636105189772,8.593420583458133e-08,4.768856730688609e-08
658896065.7171586,-0.21105587784672178,-0.019278844198746,9.679685430974416e-08,-1.8714128920474526e-07
658896165.6819586,-0.21105625452094595,-0.019278768511803424,-9.732902009340627e-08,-1.6493399356345972e-07
658973663.7171758,-0.21115621389923248,-0.019222992296256354,2.3812276234158603e-08,-1.1437841119371628e-07
658973713.6563768,-0.21115635684252446,-0.019222773573181865,-7.279589003816866e-08,6.012159875154466e-08
658973813.7075768,-0.21115644153284432,-0.01922273234080202,-6.473800315265343e-08,1.2745179408385487e-08
658973912.7219758,-0.21115669647495572,-0.019222666214387115,-2.2800155732860539e-07,-8.831401217962442e-09
658974012.6867769,-0.21115659287891006,-0.019222625930702675,-3.195689690649317e-08,-5.710477046783069e-08
658974062.712377,-0.21115671558518984,-0.019222600158265168,-1.0844051465119797e-07,-7.565364624692594e-08
658974112.6515769,-0.211156683205159,-0.0192226349782758,-2.9945397855835054e-08,-1.5472137547892229e-07
658974162.6771759,-0.21115674883637187,-0.019222622908974713,-4.940958514554339e-08,-1.8697926497737716e-07
658974212.702776,-0.2111567793718458,-0.019222546733616366,-3.380595139934606e-08,-1.551339813520014e-07
658974262.641977,-0.21115698666619007,-0.01922255351489785,-1.9506877282915447e-07,-2.061716120882462e-07
658974312.6675769,-0.2111569478813389,-0.019222406698144002,-1.1020075862955281e-07,-1.0369057778028545e-07
658974362.6931759,-0.2111567928461539,-0.01922243039754319,9.088951494207187e-08,-1.7172846185353752e-07
658974412.718777,-0.2111570869310225,-0.019222252836567505,-1.571683882761743e-07,-3.850870020083441e-08
658974462.657976,-0.21115710588787276,-0.01922229745958452,-1.302058728891442e-07,-1.273990283649773e-07
658974512.6835771,-0.21115703733643765,-0.019222358175000263,-1.5683828707979686e-08,-2.3246099076570936e-07
658974562.709177,-0.2111571514865709,-0.019222330768733413,-8.389163369537656e-08,-2.494038798192544e-07
658974612.648376,-0.21115704327913723,-0.01922218709667475,7.015052164160984e-08,-1.5000694427932948e-07
658974662.673977,-0.2111572478066515,-0.01922213184493953,-8.849132812627225e-08,-1.3910946377454492e-07
658974712.699576,-0.21115738286045088,-0.019222116630947784,-1.7768789914440752e-07,-1.6825221785948807e-07
658974762.725177,-0.21115728141574502,-0.01922189634432655,-3.0414448848326003e-08,7.675202397250391e-09
658974812.664376,-0.2111572670702812,-0.019221955109679546,2.9652143213043658e-08,-9.537514382776391e-08
658974862.689977,-0.21115725400500907,-0.01922177630138203,8.848908372716124e-08,3.9069167869637544e-08
658974962.6547762,-0.21115742056770231,-0.019221668696661254,1.3304824630910872e-08,5.8015584170068024e-08
658975012.6803762,-0.21115737676242674,-0.01922171363590553,1.0279574372273892e-07,-3.129452953026801e-08
658975062.7059772,-0.21115756402425828,-0.019221765795645614,-3.880923737931141e-08,-1.2782735792776778e-07
658975111.6947771,-0.21115756043741546,-0.019221609298856673,9.460244476677815e-09,-1.4786118145843075e-08
658975161.7203772,-0.21115768222142658,-0.01922156284875581,-6.672405961083427e-08,-1.2713377735978915e-08
658975211.6595762,-0.21115781619955504,-0.019221637636234988,-1.5521010984786976e-07,-1.3180366655735076e-07
658975261.6851761,-0.21115780866794953,-0.019221582893980987,-1.0213669218717136e-07,-1.2144293057292366e-07
658975311.7107772,-0.21115781553294358,-0.01922143249332857,-6.348892250818139e-08,-1.5425818553072013e-08
658975361.6499772,-0.2111578003163332,-0.019221433687960313,-2.867180409760195e-09,-6.092931109993871e-08
658975411.6755762,-0.21115794115945768,-0.019221358074788353,-9.82557450956989e-08,-2.9703598847935497e-08
658975461.7011772,-0.2111578793196097,-0.01922137906868589,9.009461676701136e-09,-9.508686079143236e-08
658975511.6403763,-0.2111580171913739,-0.01922138899467823,-8.354457886605715e-08,-1.4932740893466856e-07
658975561.6659763,-0.21115801437341375,-0.01922136385470223,-3.5359769667842045e-08,-1.6858048061674236e-07
658975611.6915773,-0.21115805172276622,-0.019221174171740792,-2.7371628463779274e-08,-2.3292352321208076e-08
658975661.7171773,-0.21115806878392648,-0.019221214332458075,8.752966962344289e-10,-1.0784964646348705e-07
658975761.6819763,-0.21115819441044356,-0.019221139913920715,-3.4301601808950366e-08,-1.2215265299264644e-07
658975911.6723772,-0.2111582719271207,-0.019220785687974647,2.3673689286685118e-08,9.894055335440965e-08
658975961.6979774,-0.21115836578906239,-0.01922098812539937,-2.5057579622345116e-08,-1.479030798563763e-07
658976011.7235774,-0.21115846205804492,-0.01922082609466076,-7.622565373344159e-08,-3.0280017004197246e-08
658976060.7123764,-0.21115853332518075,-0.01922086430532306,-1.0335550998386012e-07,-1.1197937150805859e-07
658976110.6515774,-0.2111587292965642,-0.019220807419779884,-2.543628118689689e-07,-9.942758921743788e-08
658976160.6771774,-0.2111585134972009,-0.019220762111581843,6.4485351225496146e-09,-9.853120096214862e-08
658976210.7027774,-0.2111587675170687,-0.019220675307541436,-2.0258931515693135e-07,-5.6140279515448643e-08
658976260.6419764,-0.21115865828511324,-0.019220584743883412,-4.84829713043311e-08,-9.914299242685942e-09
658976310.6675764,-0.21115859168048295,-0.019220613028545067,6.304364447151656e-08,-8.261457719316301e-08
658976360.6931764,-0.21115870398608277,-0.019220544266945375,-4.370088124705518e-09,-5.826978395628846e-08
658976410.7187774,-0.21115871064654493,-0.019220541438479653,3.383114960398004e-08,-9.985927554648222e-08
658976460.6579776,-0.21115879421005812,-0.019220627100630425,-4.978286755052963e-09,-2.2986377566647231e-07
658976510.6835765,-0.21115889524382953,-0.019220457779126857,-6.121079682008812e-08,-1.0496240678004032e-07
658976560.7091765,-0.21115902179262871,-0.019220404038273502,-1.429886535009306e-07,-9.56427199487464e-08
658976610.6483765,-0.21115910463842144,-0.01922032145056539,-1.8117112018933845e-07,-5.74004462711164e-08
658976660.6739775,-0.2111591444989228,-0.019220378265863588,-1.763214169392402e-07,-1.586388523287796e-07
658976710.6995776,-0.21115909239318462,-0.019220237106031216,-7.953594605147885e-08,-6.190303819889054e-08
658976760.7251775,-0.21115901538785925,-0.01922022240150558,4.211859080949232e-08,-9.162340210838726e-08
658976810.6643765,-0.21115919148014045,-0.01922010021527513,-8.94320868471965e-08,-1.3786163027135201e-08
658976860.6899766,-0.21115911934187379,-0.019220004433886925,2.7294250887210936e-08,3.756871382043503e-08
658976910.7155765,-0.2111592592116062,-0.01921994503610396,-6.80180825829435e-08,5.253923358525259e-08
658976960.6547776,-0.2111593797665191,-0.019220099266628484,-1.4412319360168624e-07,-1.4604253406255707e-07
658977060.7059777,-0.21115942106069566,-0.01921980782913376,-9.645627555010527e-08,5.653703697566792e-08
658977110.6451766,-0.2111593183869276,-0.019219788223096456,5.057503946193087e-08,3.178994111355249e-08
658977160.6707766,-0.21115963768004795,-0.019219947601118965,-2.2431468502115415e-07,-1.7201850251516437e-07
658977210.6963776,-0.2111595334174456,-0.019219702174495944,-7.567965737420579e-08,2.8977186018741552e-08
658977260.7219776,-0.21115948571850582,-0.01921981197522171,1.636068536203794e-08,-1.2525494541212878e-07
658977310.6611767,-0.21115957332908494,-0.019219722096749364,-2.7016064996221445e-08,-7.973157110582885e-08
658977360.6867766,-0.21115970868975173,-0.01921948552450492,-1.1809746711111124e-07,1.1240844344229117e-07
658977410.7123766,-0.21115974644999594,-0.019219685449691663,-1.1160961704836936e-07,-1.319493255803883e-07
658977460.6515777,-0.21115981489917368,-0.019219698520385742,-1.3591826025782794e-07,-1.8937617463077316e-07
658977510.6771778,-0.2111597094585958,-0.019219616881320484,1.3707976559418356e-08,-1.5217027607428157e-07
658977560.7027777,-0.21115991311501361,-0.019219504058914462,-1.4579410143045202e-07,-8.37812694567952e-08
658977610.6419767,-0.21115981915082357,-0.01921937540756759,-7.783119149173956e-09,5.132285534059644e-10
658977660.6675768,-0.21115981520602806,-0.019219477162104086,4.025328456669364e-08,-1.45675052180827e-07
658977710.6931767,-0.21115994288168147,-0.019219296526747583,-4.3362227780674445e-08,-9.47355271660455e-09
658977809.7075777,-0.21116015673421856,-0.019219374265719555,-1.7010061498234919e-07,-1.7515950594126917e-07
658977859.6467768,-0.21116017512679058,-0.01921913995973939,-1.4460299405105737e-07,1.4789262543779547e-08
658977959.6979768,-0.21116022856393638,-0.019219006652875906,-1.1020286519447531e-07,5.922839507385702e-08
658978009.7235779,-0.21116010109285202,-0.019219039716041,6.113924128081649e-08,-1.826846652078218e-08
658978209.6531769,-0.211160590022383,-0.019218932164156932,-2.5277583082239374e-07,-8.829581732427982e-08
658978259.6787769,-0.21116036290006626,-0.019218823189058626,1.8058084194638724e-08,-2.3753182504249182e-08
658978359.6435769,-0.2111606054435789,-0.019218783397340677,-1.3723379438390637e-07,-7.274851404615035e-08
658978409.6691779,-0.21116061512658008,-0.019218658136664242,-1.033014436768731e-07,8.08091659559862e-09
658978459.694777,-0.2111605369944015,-0.019218770326641023,1.841388780343678e-08,-1.4853981748080836e-07
658978509.720377,-0.2111607398820107,-0.019218526147433215,-1.4092281380717608e-07,5.1209158611481564e-08
658978609.685178,-0.21116065524280675,-0.019218530486732235,3.0646198412309644e-08,-4.191213172355379e-08
658978659.710777,-0.21116073235042657,-0.0192184714051757,-3.0074850942973796e-09,-2.7258987470024643e-08
658978709.649977,-0.2111607722109169,-0.019218528220481007,4.7855786000639e-10,-1.2842528832046618e-07
658978759.675577,-0.21116077062212082,-0.019218302399894083,4.545642340314515e-08,5.296829697076788e-08
658978859.640378,-0.211160950301214,-0.01921833671048554,-4.761697630639716e-08,-7.011723188871111e-08
658978909.665977,-0.2111610190572837,-0.0192181284229037,-7.308166527497661e-08,9.37457668298558e-08
658979009.7171772,-0.21116096105993476,-0.01921812144834186,7.140036953345863e-08,1.1873859596944758e-08
658979109.6819781,-0.21116121876891833,-0.019218117355058323,-1.0002952835486134e-07,-7.279874283949717e-08
658979208.6963781,-0.2111612794307672,-0.019218260148741336,-7.536194818191788e-08,-3.0351026663807956e-07
658979308.6611772,-0.21116133409709684,-0.01921792616127339,-4.4010791816484485e-08,-5.8280054459486363e-08
658979358.6867781,-0.21116132999883247,-0.019218138594952302,3.083861471742111e-09,-3.1512893288940247e-07
658979408.7123781,-0.21116151582532328,-0.019217854255034604,-1.3977934135156467e-07,-7.520296903956725e-08
658979458.6515781,-0.21116147796282175,-0.019217728115934023,-5.906081582129907e-08,6.600167086479036e-09
658979508.6771772,-0.2111615634731444,-0.01921778134736327,-1.0167413466710684e-07,-9.104260809481013e-08
658979558.7027782,-0.21116156147515946,-0.01921785067115568,-5.6812384380267034e-08,-2.0477638375260288e-07
658979608.6419772,-0.21116163100005597,-0.01921777374039468,-8.358074862768738e-08,-1.7217750247419672e-07
658979658.6675782,-0.21116161127441943,-0.019217597760550178,-2.105790913864425e-08,-4.060479549469753e-08
658979758.7187783,-0.21116162920667572,-0.019217695491997228,4.650405457939932e-08,-2.271460238512102e-07
658979858.6835772,-0.2111617455594372,-0.019217451189795468,1.5437969180798206e-08,-7.157066374274823e-08
658979908.7091782,-0.21116186350096836,-0.019217432708183914,-5.987365972459635e-08,-9.74883744078725e-08
658980008.6739783,-0.21116193886637732,-0.019217258485189535,-5.015362192217765e-08,-1.1982258317499994e-08
658980058.6995773,-0.21116195889892575,-0.019217213106749287,-2.7657177714690562e-08,-1.0997973309834208e-08
691117385.6789168,-0.17256957933914302,-0.020065025305656087,5.483485129853527e-08,4.6364249477875985e-08
691117409.6981157,-0.17256965184778053,-0.020065231584679637,-1.3991316827333122e-08,-1.5784644811708826e-07
691119846.1781163,-0.1725699613739425,-0.02006538393782985,6.3554634055496e-08,-7.318458404917405e-08
691119924.1973174,-0.17256996618367468,-0.02006545043227776,7.155320908003304e-08,-1.3118548542606634e-07
691119953.1413174,-0.17256994044753962,-0.02006540870880123,1.020471233903475e-07,-8.629654455957758e-08
691119983.2085164,-0.1725700204483155,-0.020065448313313475,2.6992228757682923e-08,-1.2260444781989066e-07
691120012.1525164,-0.17256990318454074,-0.020065229539106583,1.4902045869513714e-07,9.935121816906367e-08
691120042.2197163,-0.1725699528043937,-0.02006538233025816,1.0435340469516774e-07,-5.012670038773148e-08
691120072.2005174,-0.1725699204885817,-0.020065454158814274,1.4161127992462497e-07,-1.1864310417095125e-07
691120101.1445163,-0.1725699575591454,-0.02006537502318437,1.0931517557821735e-07,-3.630186360195631e-08
691120131.2117165,-0.17257002901786345,-0.02006544992088553,4.2819622958489845e-08,-1.0786123048542318e-07
691120160.1557175,-0.17257005558399027,-0.020065327819600593,2.103454785351566e-08,1.7461700734661134e-08
691120190.2229174,-0.1725701642232341,-0.020065471184715293,-8.263469999936213e-08,-1.225484136876953e-07
691120220.2037165,-0.1725701032414632,-0.020065402351908353,-1.6693763177366705e-08,-5.0361785748631593e-08
691120249.1477175,-0.17257008809223617,-0.020065514296369363,3.2463936538995597e-09,-1.590603880656516e-07
691120279.2149174,-0.1725701223979205,-0.02006555762741747,-2.6079059606276545e-08,-1.9901127091409565e-07
691120308.1589165,-0.17257012143047487,-0.020065536948376247,-2.03141761467851e-08,-1.7507029519137074e-07
691120338.2261164,-0.17256996328134105,-0.020065388395152563,1.428219322530122e-07,-2.312019828018541e-08
691120368.2069175,-0.17257010232899941,-0.02006545547438805,8.75032660219155e-09,-8.680383884948628e-08
691120397.1509165,-0.1725700614986203,-0.02006559949689319,5.438789590916926e-08,-2.2754013601772316e-07
691120427.2181175,-0.17257001762845348,-0.020065496978470446,1.032551425195205e-07,-1.2159961200464142e-07
691120456.1621175,-0.17257004612946839,-0.02006541623526915,7.956774322748217e-08,-3.755408651759384e-08
691120486.1429175,-0.17257013757463655,-0.02006548258371776,-6.8880713077756894e-09,-1.0047357823159131e-07
691120516.2101165,-0.17257008621232872,-0.02006554673980706,4.948134288418338e-08,-1.6118230047185156e-07
691120545.1541165,-0.17257010523133362,-0.02006551751151285,3.5285580873845035e-08,-1.2862734820318078e-07
691120575.2213166,-0.17257018982191694,-0.0200653284043891,-4.4291290079989665e-08,6.394391763309137e-08
691120605.2021176,-0.17257002517557543,-0.020065404105479554,1.2535769519650408e-07,-8.294468698683e-09
691120634.1461166,-0.1725701479691107,-0.020065377946331193,7.396955437055652e-09,2.121570800636685e-08
691120664.2133166,-0.17257004612946839,-0.02006541623526915,1.1426020768423584e-07,-1.358375946100554e-08
691120693.1573176,-0.1725701708578927,-0.02006543143420421,-5.6291272476638454e-09,-2.541548556334039e-08
691120723.2245176,-0.17257017939995073,-0.020065396141015535,-9.141054579941965e-09,1.3383989926757378e-08
691120753.2053165,-0.17257012519029077,-0.02006547206150048,5.008757653079954e-08,-5.9031746303672694e-08
691120782.1493176,-0.17257006241108355,-0.02006554637441356,1.1771530228354976e-07,-1.299530201920307e-07
691120812.2165176,-0.17257011280594586,-0.02006546153928289,7.23603399976902e-08,-4.158621168259824e-08
691120841.1605166,-0.17257015570866718,-0.020065543378664355,3.431234843476183e-08,-1.2001773404268778e-07
691120871.1413167,-0.17257013561225645,-0.020065404324874074,5.944058947826569e-08,2.2574382314843877e-08
691120900.1717166,-0.1725701852046177,-0.02006552021526548,1.4723642999259212e-08,-8.988170491566749e-08
691120930.1525166,-0.17257024510898233,-0.020065420765988617,-4.0142507484741685e-08,1.3122723675068615e-08
691120960.2197176,-0.17257022429254187,-0.020065593140001572,-1.4270088749546161e-08,-1.5567730062004959e-07
691120989.1637176,-0.17257016707058645,-0.020065459420319152,4.78220330557555e-08,-1.8509009023365275e-08
691121019.1445175,-0.17257018993187775,-0.020065476007431714,3.0008519918967025e-08,-3.1515565289408354e-08
691121048.1749177,-0.1725703146877918,-0.020065528107128385,-8.985657773408207e-08,-8.014004651210604e-08
691121078.1557167,-0.17257023850181427,-0.02006549741726009,-8.616521995907789e-09,-4.5852755856112815e-08
691121108.2229167,-0.1725702308997102,-0.02006551648872985,4.0574271720217325e-09,-6.130782332844364e-08
691121137.1669177,-0.1725702270299326,-0.02006543377256311,1.2812605643119923e-08,2.489780168840605e-08
691121167.1477168,-0.17257015183888916,-0.02006546066249764,9.306716527990311e-08,1.6307558151074097e-09
691121196.1781167,-0.1725702109682432,-0.020065598839502752,3.884382643315476e-08,-1.330300235420634e-07
691121226.1589167,-0.17257021956528215,-0.020065637347835272,3.531652092991777e-08,-1.6789856004117976e-07
691121256.1397177,-0.17257027952462667,-0.02006561170007981,-1.956994438723214e-08,-1.3860241276919538e-07
691121285.1701177,-0.17257017472767136,-0.020065514150370597,9.014206839297323e-08,-3.751177134192485e-08
691121315.1509178,-0.17257012704270852,-0.020065402717301926,1.429060776936275e-07,7.758662070797562e-08
691121344.1813167,-0.1725702690751713,-0.020065642535945238,5.794627666588781e-09,-1.586746881769574e-07
691121374.1621168,-0.1725703157102172,-0.020065622587691064,-3.5755237243195737e-08,-1.3504416307083544e-07
691121404.1429167,-0.17257026805274472,-0.020065548055382923,1.6990519990933706e-08,-5.6820967556103774e-08
691121433.1733167,-0.17257034233132526,-0.020065574287927875,-5.2358125612883555e-08,-7.947141233630162e-08
691121492.1845177,-0.1725702871817117,-0.020065666430131152,1.2821669087559329e-08,-1.6430721457363906e-07
691121522.1653178,-0.17257016530064126,-0.0200656394667992,1.398031619914697e-07,-1.3361903574565792e-07
691121552.1461178,-0.17257038998879656,-0.020065648820236558,-7.978150853849009e-08,-1.3923898891515796e-07
691121581.1765169,-0.1725703280120905,-0.020065522407627323,-1.2860189302354996e-08,-9.2030140730337e-09
691121611.1573168,-0.1725701919217482,-0.020065591167036042,1.2833964133096565e-07,-7.421192687803724e-08
691121640.1877168,-0.17257025663584458,-0.020065558212206795,6.85759559415633e-08,-3.761725142839567e-08
691121670.1685178,-0.17257035197827902,-0.02006574417758403,-2.1651018977664194e-08,-2.19815104594151e-07
691121700.1493168,-0.17257021193568803,-0.020065619518544315,1.2351005237998258e-07,-9.137988395482854e-08
691121729.1797168,-0.1725703099880217,-0.02006560921572278,3.04168133458127e-08,-7.741233367872247e-08
691121759.1605169,-0.17257039101122237,-0.02006574330079904,-4.548198409559667e-08,-2.0770417687512865e-07
691121788.1909178,-0.17257025851575228,-0.020065525768769146,9.197830017071418e-08,1.3509100768582805e-08
691121818.1717179,-0.17257036146029028,-0.020065692662676847,-5.835944311138874e-09,-1.495745061905196e-07
691121848.1525178,-0.17257027092758873,-0.0200655731917469,8.983003108031795e-08,-2.6284597998138537e-08
691121877.1829169,-0.1725704814339611,-0.02006571516868768,-1.1570296135077207e-07,-1.6455535053333525e-07
691121907.1637168,-0.17257037008482018,-0.020065768071769657,7.852957728538001e-10,-2.1362236282684854e-07
691121936.1941168,-0.17257034523365838,-0.02006563632505288,3.0615479124085354e-08,-7.815290016185972e-08
691121966.174917,-0.17257039960826037,-0.020065781809131922,-1.861419621218552e-08,-2.1978380231393868e-07
691121996.1557169,-0.17257038808139805,-0.020065644362913793,-1.939467586531407e-09,-7.847570958688377e-08
691122025.186118,-0.1725703329042939,-0.020065699604356512,5.822510801278824e-08,-1.2996940819062774e-07
691122055.1669179,-0.1725703042658262,-0.02006559584375453,9.201720435614291e-08,-2.2329800425380242e-08
691122084.197318,-0.17257030141847393,-0.020065607608150578,9.985759261144089e-08,-3.032985696621582e-08
691122144.158917,-0.1725704662572452,-0.02006579021238671,-5.4659559767245014e-08,-2.0513307126893143e-07
691122173.189317,-0.17257043756379628,-0.020065612650264027,-2.096474108204127e-08,-2.3781553344648376e-08
691122203.170118,-0.17257040718287386,-0.020065725836901693,1.4584124269356735e-08,-1.3304615076314974e-07
691122232.2005169,-0.17257029666372228,-0.020065614915224208,1.3011013352826062e-07,-1.8318444674342294e-08
691122262.181317,-0.1725704747993019,-0.020065754919198764,-4.2851851012049025e-08,-1.5438319339589057e-07
691122292.162117,-0.17257041293255881,-0.020065776109630937,2.4191346675861425e-08,-1.7162566250117361e-07
691125985.1573179,-0.1725710510863216,-0.020066162289954476,4.312217841140331e-08,-3.4581930374866232e-09
691126014.1877179,-0.17257105202627457,-0.020066146068236243,4.748276269395113e-08,1.7665035947911356e-08
691126044.168518,-0.17257100248889765,-0.020066103979363342,1.0249615398083556e-07,6.482492934112294e-08
691126074.1493179,-0.1725709359498785,-0.020066243179146393,1.745131613106743e-07,-6.929464057073287e-08
691126104.2165189,-0.17257115975304899,-0.020066342555834452,-4.379425794232006e-08,-1.6356723947855145e-07
691126164.1781191,-0.17257126551744253,-0.020066460784590477,-1.3859284897499435e-07,-2.7158952516787016e-07
691126194.158918,-0.1725711559657433,-0.02006637054194872,-2.355532049969078e-08,-1.762298423961528e-07
691126223.1893181,-0.17257114338896393,-0.02006610171441067,-5.6647611046400925e-09,9.756130006990937e-08
691126253.170119,-0.17257117213739312,-0.020066353078052754,-2.8923539036052048e-08,-1.4866717328032575e-07
691126283.150918,-0.1725710224753455,-0.020066095430112417,1.2623009251755413e-07,1.1412514975411847e-07
691126313.2181181,-0.17257119212384056,-0.020066344528802103,-3.7909057087892606e-08,-1.298050742760959e-07
691126343.198918,-0.17257128641635233,-0.020066399112861656,-1.2670613039333922e-07,-1.7922628634675641e-07
691126372.1429191,-0.17257109407151205,-0.020066354831617957,7.09459223036113e-08,-1.299519869005228e-07
691126402.210119,-0.1725711235674613,-0.020066331668220947,4.6965022176825855e-08,-1.0159266730994099e-07
691126431.154119,-0.17257112442494207,-0.020066204744222698,5.1418378443912616e-08,3.034192221432197e-08
691126579.157318,-0.17257111961521074,-0.0200661382497754,8.3412278334416e-08,1.225922484984765e-07
691126609.2245182,-0.17257123690646647,-0.020066393924748335,-2.835085291530426e-08,-1.2782282658718724e-07
691126638.1685191,-0.17257137592662306,-0.020066424103234486,-1.6204762223748226e-07,-1.5292911629757877e-07
691126668.1493192,-0.17257132163449587,-0.020066389321433904,-1.0223959040489561e-07,-1.1288433544170973e-07
691126698.2165182,-0.17257129683831696,-0.02006633137623726,-7.190974798954031e-08,-4.965169498119537e-08
691126727.1605182,-0.17257112163257182,-0.020066290310138252,1.0862470151140613e-07,-3.486874084607239e-09
691126757.1413182,-0.1725712092079541,-0.02006627394242745,2.657071532241595e-08,1.8171301227609682e-08
691126786.1717192,-0.1725711843842844,-0.020066179096470932,5.6742504167539565e-08,1.1814884268157577e-07
691126816.1525182,-0.17257125305062607,-0.020066339560092322,-6.398826357667531e-09,-3.7006074787848675e-08
691126846.2197192,-0.172571291226085,-0.020066465607308362,-3.903151504780489e-08,-1.5771997659286274e-07
691126905.1445191,-0.17257129968566995,-0.02006631961184122,-3.6623231058907635e-08,-1.2453854371374806e-09
691126934.1749191,-0.17257131394992156,-0.020066297690622608,-4.5530647113656286e-08,2.5851747981892048e-08
691126994.2229191,-0.17257126242267543,-0.020066140442146396,1.7082331660311922e-08,1.938339798564226e-07
691127023.1669182,-0.1725714950428035,-0.02006657353325165,-2.10191736127463e-07,-2.3406999400538142e-07
691127082.1781182,-0.17257130245055022,-0.020066197145165894,-6.694733600820513e-09,1.529204747205415e-07
691207155.19254,-0.17260882998436888,-0.02010468027967846,1.307164196329147e-07,-9.979818146876873e-08
691207188.197339,-0.17260891371717998,-0.020104618096815356,7.726054621071121e-08,-1.7544394995822055e-08
691207219.21494,-0.1726090499446426,-0.020104733841482286,-3.05071906070431e-08,-1.144244269613015e-07
691207439.18934,-0.17260906807865722,-0.0201047946364341,1.5335145184258714e-07,-4.1372333326600286e-08
691207529.2181392,-0.1726091547138319,-0.02010479449066189,1.4946511170399468e-07,1.3583667905769925e-08
691207620.1973392,-0.1726092310646842,-0.020105046585117275,1.5678300935295653e-07,-1.831037300947802e-07
691207710.2261401,-0.1726092890338951,-0.020104905778006752,1.8165407125736444e-07,1.2549721897098243e-08
691207801.2053391,-0.1726095338178182,-0.020105054185773092,2.0630637170837574e-08,-8.041437722997036e-08
691207891.1477392,-0.17260954434976486,-0.020105134052160793,9.29494822499155e-08,-1.0545075884021982e-07
691207981.1765393,-0.17260962722517303,-0.02010519879321182,9.304877585103455e-08,-1.1529097931894938e-07
691208072.1557403,-0.17260966443314357,-0.02010530416141002,1.3973616175277925e-07,-1.6516027027263513e-07
691208162.1845392,-0.17260986443453685,-0.0201054031731533,2.2797655735429245e-08,-2.0923449568430175e-07
691208253.1637403,-0.17261000619158098,-0.020105273984659597,-3.497556533282875e-08,-2.4509904703040597e-08
691208343.1925392,-0.17260994918982475,-0.020105435470795997,1.0517597823223035e-07,-1.3102160876382607e-07
691208433.2213393,-0.17260992530611155,-0.020105324403134932,2.1225222551768397e-07,3.5038928997838115e-08
691208524.2005404,-0.17261010048384662,-0.020105328568926446,1.2118836142938072e-07,8.646534676443052e-08
691208614.1429393,-0.17261020259828816,-0.020105659287634515,1.0227150260000428e-07,-1.892760581496955e-07
691208705.2085394,-0.17261035206745137,-0.020105658630646974,3.7081398590599335e-08,-1.3293628844598948e-07
691208795.1509404,-0.17261033766568917,-0.020105496048140683,1.3476439245097005e-07,8.466095394524253e-08
691208885.1797395,-0.17261051580081072,-0.020105636052494463,4.003165868238234e-08,-2.5711008322382156e-10
691208976.1589395,-0.1726103988399112,-0.020105823186203863,2.413169098158807e-07,-1.3170393615632991e-07
691209066.1877404,-0.1726106293045938,-0.020105919713683557,9.433646991352518e-08,-1.731073345501155e-07
691209157.1669395,-0.17261068638888732,-0.020105868929754588,1.216586169860978e-07,-6.659822622198663e-08
691209247.1957395,-0.17261084818733471,-0.020105804993547038,4.342502529786074e-08,5.2500063785904105e-08
691209337.2245396,-0.17261085584442953,-0.020105859723580213,1.1937242300197326e-07,5.295109233027784e-08
691209428.2037406,-0.17261103978427045,-0.020106123802116276,1.995961418366221e-08,-1.5534452344964644e-07
691209609.2117406,-0.1726111645398276,-0.020106175902117423,6.34933501886259e-08,-9.640341007075004e-08
691209699.1541396,-0.17261108746915438,-0.02010623523523536,2.242444504529928e-07,-1.0053167820434084e-07
691209790.2197407,-0.172611360808952,-0.02010637670143177,3.566885264927322e-08,-1.8608406969489177e-07
691209880.1621407,-0.1726112807808892,-0.020106300195992684,1.994536286409332e-07,-5.433510130367636e-08
691209970.1909397,-0.17261130734685623,-0.020106178094870048,2.567623477722769e-07,1.230819380686199e-07
691210061.1701407,-0.17261158563397572,-0.020106570559152638,6.327318061161158e-08,-2.1346279108908073e-07
691210332.2069409,-0.17261183315514503,-0.020106559599638415,6.859665616087973e-08,-3.579515489224305e-08
691210422.1493398,-0.17261194259650986,-0.020106502239579337,4.3133337346290546e-08,7.692540636775047e-08
691210513.2149398,-0.17261208164376773,-0.020106569319157528,-1.0850768977777037e-08,6.591761605653779e-08
691210603.1573409,-0.17261209704049377,-0.020106789481424504,5.7802142294782755e-08,-9.884470695414871e-08
691210694.2229409,-0.1726121513599874,-0.02010686116408203,8.861770114942935e-08,-1.1441555172742035e-07
691210784.1653409,-0.17261226475370467,-0.020106997222343204,5.93440617757679e-08,-1.9503424818559378e-07
691210875.1445409,-0.1726121885129234,-0.020106892730816395,2.207097828388349e-07,-3.44439870514357e-08
691210965.17334,-0.17261245900536615,-0.02010704596141099,3.4487579458897244e-08,-1.3214193405469699e-07
691211055.2021409,-0.17261257635143867,-0.020107375437990134,1.445832203961217e-09,-4.0606598617626277e-07
691211146.1813401,-0.1726125332011858,-0.020106961491947076,1.2982472075151463e-07,6.40392674965129e-08
691379260.1909847,-0.17280656763030794,-0.020152857218088176,7.552959993550878e-08,-1.2768354767239698e-07
691379285.1605858,-0.17280659226221082,-0.020152693759512032,7.485687181230105e-08,2.4901205517707803e-08
691379315.1413848,-0.17280663900597382,-0.020152821414779434,5.687032514356538e-08,-1.1581669596971711e-07
691379421.1541848,-0.17280676177102888,-0.020152758357062137,3.5700494893653456e-08,-9.900573998133932e-08
691379481.2021858,-0.17280677794260227,-0.020152740893474925,7.701163742823702e-08,-1.0777667909869781e-07
691379541.1637849,-0.17280681227493708,-0.02015282112566878,1.0003365838451295e-07,-2.142339717119135e-07
691379601.211785,-0.17280691499915724,-0.020152692815502794,5.470061670287407e-08,-1.1221500227989734e-07
691379706.1877859,-0.1728069778053796,-0.020152655404484687,9.211526588726038e-08,-1.208341898206733e-07
691379776.1717849,-0.17280692340493492,-0.020152473019164695,2.1325130813987236e-07,3.0816452258053406e-08
691379846.1557848,-0.17280721954806538,-0.020152557275044503,-1.6219070836376304e-08,-8.421230957011971e-08
691379916.2261848,-0.17280710908532504,-0.020152520153132323,1.6093560256669193e-07,-7.793946291481668e-08
691379986.210185,-0.17280725382584328,-0.020152563705889744,8.274156468313087e-08,-1.523413105074256e-07
691380056.194185,-0.1728074203508821,-0.020152455564395596,-1.7300339549830568e-08,-7.50868632791446e-08
691380126.178185,-0.1728074593561247,-0.020152417787589395,1.0114041576470001e-08,-6.82349792571757e-08
691380196.162186,-0.17280747738049917,-0.020152330979997045,5.84456164021141e-08,-1.2390102409332027e-08
691380266.146186,-0.17280750784357288,-0.020152328496154875,9.427465108569066e-08,-4.090668624320837e-08
691380336.216586,-0.17280751740760764,-0.020152387683550686,1.5102044456649644e-07,-1.3117047928737358e-07
691380476.1845862,-0.1728077371475653,-0.020152146042974113,6.354387346863e-08,4.8281333368815904e-08
691380546.1685861,-0.17280770676631727,-0.02015225922884078,1.599601568147424e-07,-9.605503236559398e-08
691380616.1525851,-0.17280762961404247,-0.020152207858761213,3.0308281126489867e-07,-7.587275380888103e-08
691380686.2229861,-0.1728080561516311,-0.020152246886328502,-5.746788730998098e-08,-1.4616391658811567e-07
691380756.2069862,-0.1728078715203871,-0.020152331133381655,1.9300386341902787e-07,-2.616731781188153e-07
691380826.1909863,-0.17280801991195277,-0.02015216219678714,1.1038766642434972e-07,-1.2403585033723963e-07
691380896.1749853,-0.17280812075610852,-0.02015206632996076,7.525358011739591e-08,-5.95052677791752e-08
691380966.1589853,-0.17280817220004874,-0.020152112876907054,8.945425247763872e-08,-1.3742535460298244e-07
691381036.1429863,-0.17280826168191943,-0.020152100968040505,6.55513784086903e-08,-1.5692644424539215e-07
691381106.2133852,-0.17280834834367376,-0.020152137724170464,4.448368284837301e-08,-2.2516810971665024e-07
691381176.1973853,-0.1728085358495847,-0.020152078613477408,-7.75750231274408e-08,-1.975408058900452e-07
691381246.1813853,-0.17280840824796143,-0.02015203827613016,1.1540771338580669e-07,-1.8872342083878224e-07
691381316.1653854,-0.1728085348004521,-0.020151947232443044,5.417008758223929e-08,-1.2923618828222794e-07
691381386.1493853,-0.17280848426927925,-0.02015184756315498,1.6994971982486895e-07,-6.115976698695125e-08
691381456.2197853,-0.17280865079432992,-0.020151739421675693,6.868699747863971e-08,1.5313443405690075e-08
691381526.2037864,-0.17280864985429,-0.02015175564334127,1.3474213689246284e-07,-3.257371684189936e-08
691381596.1877863,-0.17280877560310776,-0.020151865324696146,7.404154550583186e-08,-1.739567372337214e-07
691381666.1717864,-0.17280890320472955,-0.02015190566204692,1.1421123408128508e-08,-2.460318444287568e-07
691381736.1557854,-0.17280878215611042,-0.020151714872364355,1.9738376028088922e-07,-8.701592926069202e-08
691381806.1397865,-0.17280894492100454,-0.020151671617549896,9.946555154516368e-08,-7.55708145644407e-08
691381876.2101855,-0.17280896587459482,-0.020151683747663744,1.4337108986128833e-07,-1.195858164750041e-07
691381946.1941855,-0.1728090525636184,-0.020151757404473454,1.2139353994244928e-07,-2.2512399373147973e-07
691382016.1781855,-0.17280909441625647,-0.02015170786335094,1.441845836058775e-07,-2.0749993110205645e-07
691382086.1621855,-0.17280910096926208,-0.020151557411019632,2.0220731664077896e-07,-8.900027341149364e-08
691382156.1461856,-0.17280934279377544,-0.020151569983642512,2.4890447869463372e-08,-1.3356110393006326e-07
691382226.2165856,-0.172809242889652,-0.020151649628794514,1.893134839447974e-07,-2.452694760103624e-07
691382436.1685866,-0.17280957983627482,-0.02015155296257059,4.52738475043013e-08,-2.448863136092494e-07
691382506.1525866,-0.17280965964503894,-0.020151334263616684,2.9629929260144294e-08,-5.83520983546415e-08
691382576.2229856,-0.1728097071651923,-0.02015122429317996,4.628472130563388e-08,1.9378764249539104e-08
691382646.2069868,-0.17280977303697218,-0.020151470323253658,4.443958079303201e-08,-2.5888613692376383e-07
691554018.1878328,-0.17279720336339868,-0.020027184428820618,-1.0664509697555502e-07,5.834256750283928e-08
691554047.2182338,-0.17279719006608962,-0.0200272270288305,-1.1349238418500995e-07,-2.381617923707946e-10
691554077.1990339,-0.17279698729992254,-0.02002725048083899,6.846416455985604e-08,-4.018612488609907e-08
691554107.1798338,-0.17279707860876503,-0.020027132327088814,-4.365991890242782e-08,6.14797471161499e-08
691554136.2102329,-0.17279706052962834,-0.020027145333353823,-4.574153728009733e-08,3.251597834388886e-08
691554166.1910328,-0.17279698238308208,-0.020027036383422847,1.1578683123403266e-08,1.2499394819176501e-07
691554195.2214328,-0.17279693306251387,-0.02002728949963418,4.0727750172386834e-08,-1.4406434279898295e-07
691554225.2022328,-0.17279695396214145,-0.020027227828294678,-1.0093128832711074e-09,-9.884902184287281e-08
691554255.1830329,-0.17279686251828535,-0.020027161478374706,6.959145451568283e-08,-4.89470106841694e-08
691554284.2134328,-0.17279698923425624,-0.02002729183892421,-7.731226656093604e-08,-1.9522633137869505e-07
691554314.1942339,-0.17279690241021128,-0.020027033678344106,-1.13424566128284e-08,4.650232046307656e-08
691554343.2246339,-0.17279691954918344,-0.020027036893770667,-4.867998293356379e-08,2.738360965759412e-08
691554373.205434,-0.1727968167153486,-0.020027017601212296,3.328844805361442e-08,3.0260247183000466e-08
691554402.1494329,-0.17279672057067186,-0.020027032359750816,1.0928389945763506e-07,-3.3878936114839497e-10
691554432.216633,-0.17279675009379228,-0.020027046097592354,5.882402689949551e-08,-3.052379297582841e-08
691554462.197433,-0.17279683288715494,-0.020027000137595705,-4.4851628994146964e-08,-9.555296311136718e-10
691554491.141434,-0.17279687946824038,-0.020026906388661104,-1.1159826351914148e-07,7.697627536426555e-08
691554521.2086339,-0.17279680140269946,-0.02002690814093406,-5.4486448131108034e-08,5.880113600892356e-08
691554550.152633,-0.17279669569436643,-0.020026863711982548,3.104548526589035e-08,8.742848615905796e-08
691554580.219834,-0.17279666893773343,-0.020026727507597413,3.683710697588438e-08,2.0722614687065932e-07
691554609.163834,-0.17279670147036297,-0.020026950885504904,-1.5882797327337883e-08,-3.193781064267376e-08
691554639.1446339,-0.1727966225186644,-0.020027042660938875,4.2152867640865566e-08,-1.4005671274824882e-07
691554669.211834,-0.17279670335069067,-0.020026918442121837,-5.966123120537681e-08,-3.22202276456518e-08
691554698.155834,-0.17279648331053252,-0.020026754175038596,1.4017521049458637e-07,1.1628430477556018e-07
691554728.2230331,-0.17279642910012455,-0.0200268300945703,1.733922031232904e-07,2.3998648172873782e-08
691554757.1670331,-0.17279663283346483,-0.020026827321596975,-5.055578403134753e-08,1.1024683742311137e-08
691554787.1478331,-0.17279652532581047,-0.02002692603823338,3.60074551841727e-08,-1.0399487611681413e-07
691554816.178233,-0.172796559576754,-0.020026895568350658,-1.8529455025895203e-08,-8.930326408571054e-08
691554846.1590331,-0.1727965023028311,-0.020026688046346757,1.7788696404785753e-08,1.0193202650346511e-07
691554876.139834,-0.17279653478145604,-0.0200268376227856,-3.565147871364971e-08,-6.392288069007046e-08
691554905.1702341,-0.17279636153840258,-0.020026874812644226,1.1728899995677722e-07,-1.1686731185220345e-07
691554935.151033,-0.17279660513666836,-0.02002670733890311,-1.4728220532056469e-07,3.434420991349496e-08
691554964.181434,-0.1727965851231979,-0.020026678987083265,-1.4758235031275824e-07,4.695720196359887e-08
691554994.1622341,-0.17279630238414917,-0.0200266997340245,1.1417234518917851e-07,9.96431391911412e-09
691555023.1926341,-0.17279638802500885,-0.020026642009684584,8.206808482791317e-09,5.196559586806426e-08
691555053.1734331,-0.17279639761566684,-0.02002673809790949,-2.2379637337754943e-08,-6.035227710643465e-08
691555083.1542331,-0.17279627382819476,-0.02002670667522658,8.040622789806662e-08,-4.515095290008597e-08
691555112.184633,-0.1727962927664882,-0.020026566745065075,4.112653470556005e-08,7.907997758016538e-08
691555142.1654341,-0.17279631753478353,-0.02002658778989556,-4.654836960327202e-09,4.183012332695246e-08
691555171.1958342,-0.17279635745371483,-0.020026496890596747,-6.492628390475375e-08,1.1704602111833884e-07
691555201.1766342,-0.17279634026073803,-0.020026419873701417,-6.875787367244257e-08,1.7787425403772983e-07
691555231.1574342,-0.1727962669770218,-0.020026451219722404,-1.6504570071740332e-08,1.3034789220559007e-07
691555260.1878341,-0.17279618332449848,-0.020026624103618516,4.67786342717158e-08,-5.819548717228562e-08
691555290.1686332,-0.17279636215453628,-0.020026415782138016,-1.5309333914470535e-07,1.3396205114299398e-07
691555319.1990331,-0.17279630891129258,-0.020026512380713315,-1.2023058321153357e-07,2.1719882978971095e-08
691555349.1798332,-0.17279615656786426,-0.02002648789923325,1.1059363341781037e-08,3.0053843056571106e-08
691555408.1910342,-0.17279612331108937,-0.020026575948894433,2.8594114576119267e-09,-8.975456975562901e-08
691555437.2214342,-0.1727961202745778,-0.02002632940809201,-1.4506964962635038e-08,1.411744920999658e-07
691555467.2022341,-0.17279609846178576,-0.020026444201860276,-1.377080954823029e-08,1.0266123735835908e-08
691555497.1830342,-0.17279610034211365,-0.020026411758476827,-3.6733669328548046e-08,2.660328527262501e-08
691555526.2134342,-0.1727959899059535,-0.020026411537254058,5.328265773041352e-08,1.1236847768242297e-08
691555556.1942332,-0.17279599369361195,-0.02002638355122172,2.840084803445997e-08,2.313316809984811e-08
691555585.2246333,-0.1727960983807786,-0.02002633349965612,-9.671741371675147e-08,5.7613071296341856e-08
691555615.2054332,-0.17279596975747039,-0.020026198681760855,1.080010134102416e-08,1.7635778755062392e-07
691555645.1862333,-0.17279588046396224,-0.020026468895810008,7.898189419153212e-08,-1.0992103111756579e-07
691555674.2166343,-0.17279605075151708,-0.020026295867347187,-1.1175377792604912e-07,4.755993929933533e-08
691555704.1974343,-0.1727960098924212,-0.02002640298833898,-9.201807002479079e-08,-7.560925126270934e-08
691555733.1414343,-0.17279596406248093,-0.020026222210442146,-6.658665926972951e-08,8.968342357640324e-08
691555763.2086343,-0.17279593940219412,-0.02002634876855154,-6.312235287242451e-08,-5.295250245229699e-08
691555792.1526333,-0.17279582977118468,-0.020026147821963946,2.6098829153387015e-08,1.3252489654627664e-07
691555822.2198333,-0.17279584801233716,-0.020026356220106487,-1.3350050898086607e-08,-9.19343952944518e-08
691555852.2006333,-0.17279589080576616,-0.02002629045719991,-7.729623327512591e-08,-4.217802037145835e-08
691555881.1446333,-0.17279561174635333,-0.02002613561518292,1.8133627527339158e-07,9.721903042325675e-08
691555911.2118334,-0.17279560693752222,-0.020026069120702913,1.6491962498421664e-07,1.476775420977683e-07
691555940.1558343,-0.17279561558801776,-0.02002618143061992,1.3583087690727247e-07,1.9938749803993794e-08
691555970.2230343,-0.17279571748169564,-0.020026216944862323,1.2699919310632524e-08,-3.159473253508405e-08
691555999.1670334,-0.17279578222292957,-0.020026220891860402,-7.249093295080833e-08,-5.0954489905219447e-08
691556029.1478344,-0.17279573727914813,-0.02002595009080212,-4.873518064107962e-08,2.038900520466569e-07
691556059.2150344,-0.17279574219598703,-0.02002616418822212,-7.490712888857942e-08,-2.6201335216052835e-08
691556118.2262334,-0.1727957515436263,-0.02002592816983257,-1.2598852222600598e-07,1.7845146287748248e-07
691556147.1702334,-0.17279562396848713,-0.020025924733187855,-1.8891595232606306e-08,1.6651586700125454e-07
691556177.1510334,-0.17279545636640598,-0.0200258645929058,1.2749281549928604e-07,2.107416342371493e-07
691556207.2182344,-0.17279562117499742,-0.020026010298998392,-5.8600638758177226e-08,4.908372644440995e-08
691556236.1622335,-0.1727954497582543,-0.02002594124401467,9.232064335229495e-08,1.0279090402812163e-07
691556266.1430345,-0.1727955678507449,-0.020025996195372354,-4.700740077745458e-08,3.1950357935739415e-08
691556295.1734344,-0.17279550982567093,-0.02002606320020669,-9.550456508966576e-09,-5.0431829570068976e-08
691556355.2214334,-0.17279547073889232,-0.020025990274876716,-1.3025848205616697e-08,-9.28837383742942e-09
691556385.2022334,-0.17279561921366166,-0.020025932040177524,-1.827601625314923e-07,3.309110621629863e-08
691556415.1830335,-0.17279535355956382,-0.020025882201092218,6.162833679490554e-08,6.708354153076024e-08
691556474.1942345,-0.17279533916007422,-0.02002571961838649,3.415305105392008e-08,1.985003462885715e-07
691556504.1750345,-0.17279532406344356,-0.020025905363988173,2.796608530863942e-08,-3.0664337631602923e-09
691556534.1558335,-0.1727952584630526,-0.020026028340889263,7.227680789978486e-08,-1.4185591920568008e-07
691556564.2230335,-0.1727953345132592,-0.020025874528316338,-2.5130525299621453e-08,-3.892864201132662e-09
691556594.2038336,-0.17279551065782556,-0.020025899375574478,-2.22576938491148e-07,-4.4535477809054536e-08
691556624.1846335,-0.17279541445913463,-0.02002584033265192,-1.4768618145089007e-07,-1.2792991631316308e-09
691556654.1654345,-0.17279517650183404,-0.02002591047626369,6.895709284138185e-08,-8.720103751580499e-08
691556684.1462336,-0.1727953943916584,-0.02002573817936287,-1.7025285312111116e-07,6.932636115522528e-08
691556743.1574346,-0.17279524390154716,-0.02002564435377247,-6.174496067212765e-08,1.3213805899123243e-07
691556773.2246345,-0.17279525239002896,-0.020025535259278745,-9.163319064642295e-08,2.254433245675591e-07
691556803.2054335,-0.17279520003294052,-0.02002554183469735,-6.06204801079091e-08,2.031327097050395e-07
691556833.1862346,-0.17279515361386452,-0.020025856988050914,-3.5551903032615684e-08,-1.277471877031422e-07
691556863.1670346,-0.17279513926837997,-0.020025768206814974,-4.256304073080308e-08,-5.4683835203073183e-08
691556893.1478337,-0.17279489736140013,-0.020025644932053464,1.7798118889800207e-07,5.288170882439269e-08
691556923.2150337,-0.17279508212946443,-0.020025745188488542,-2.8217349928860713e-08,-6.312050626622323e-08
691556953.1958337,-0.17279524572787178,-0.02002553810891782,-2.131907967661828e-07,1.2826722085163e-07
691556982.2262336,-0.17279493064518062,-0.0200255937831231,8.118859665118272e-08,5.740688300073793e-08
720409584.1584764,-0.12838280698831775,-0.021270729894108886,-5.266940722170599e-07,-3.398618935723796e-07
720409643.1696763,-0.1283821863032702,-0.021271012930365554,2.8971959806223246e-07,-6.746764614345979e-07
720409673.1504774,-0.12838235232743625,-0.021269986053189315,2.2312226208298647e-07,3.258926608469548e-07
720409702.1808773,-0.12838235338495688,-0.021270392040886373,3.1833094232824877e-07,-1.0557035228994649e-07
720409732.1616764,-0.1283828378148794,-0.02127048964884318,-6.669027366457136e-08,-2.2948890590970827e-07
720409761.1920763,-0.1283830291144198,-0.021270750396850842,-1.6174117636880148e-07,-5.157146774695254e-07
720409791.1728773,-0.12838293566838518,-0.0212703683463597,3.109541105161817e-08,-1.599772964620827e-07
720409820.2032764,-0.12838270016325715,-0.02126996827416877,3.6283156856775634e-07,2.1461471494399476e-07
720409850.1840774,-0.12838314197138484,-0.02127016868621189,2.0395790528704438e-08,-1.2112916770307125e-08
720409879.2144773,-0.1283832357514178,-0.02127031306132525,2.282914296491967e-08,-1.8197059441227292e-07
720409909.1952764,-0.1283833724872552,-0.021270116956982357,-1.4552597432659908e-08,-1.2184284161470549e-08
720409939.1760764,-0.12838322980573683,-0.021270225886744366,2.2747373448761543e-07,-1.4743330960589884e-07
720410057.1984774,-0.1283835039959775,-0.02126974363456772,3.4427378262091857e-07,2.311986843847591e-07
720410086.1424774,-0.1283834511627452,-0.021269951125713674,4.929720122670567e-07,-1.7072691628483572e-09
720410175.2208763,-0.12838414961739497,-0.02127025219234839,8.949788146694893e-08,-3.809976813345939e-07
720410205.2016773,-0.12838426607211198,-0.021269953970827017,7.230509102562621e-08,-1.0910596185548238e-07
720410234.1456764,-0.1283843079753494,-0.02126994121024435,1.2622217002156155e-07,-1.2176572546096498e-07
720410264.2128763,-0.12838452382174928,-0.021270112213803948,9.90520462873512e-09,-3.1917721556723455e-07
720410293.1568775,-0.12838442989997667,-0.021270279330008805,1.9962941394391365e-07,-5.117159209734601e-07
720410323.2240775,-0.12838491091953816,-0.021269433558289468,-1.8187931571933547e-07,3.0764564851876175e-07
720410352.1680775,-0.12838480664455937,-0.021270016852886132,1.8180167316028673e-08,-3.0107356811109875e-07
720410382.1488775,-0.1283850224860707,-0.021269454149886274,-9.845504111982706e-08,2.3529299493854627e-07
720410411.1792765,-0.1283849945386255,-0.021270067927748784,2.5544818038625294e-08,-4.039874740430216e-07
720410441.1600765,-0.12838511128175467,-0.02126988043014979,7.989356287652072e-09,-2.4282845836193223e-07
720410471.1408765,-0.12838492664648693,-0.021269616813210206,2.9180280705642936e-07,-5.551180119744981e-09
720410500.1712765,-0.12838537300874736,-0.02126973608757286,-5.853429616009542e-08,-1.5033124787719454e-07
720410530.1520765,-0.12838529255721,-0.02126958597462949,1.210767236747845e-07,-2.6560062170444265e-08
720410559.1824775,-0.12838548912944903,-0.02126967554143882,2.051151679061114e-08,-1.4163459143706758e-07
720410589.1632775,-0.12838555375790547,-0.02126960549149038,5.502379910038435e-08,-9.792846367845387e-08
720492501.2016878,-0.12862069400258314,-0.021209098897565927,1.9953139904216322e-07,-1.1305677928563629e-08
720492531.1824878,-0.12862116304147025,-0.021208775581492315,-1.8740677862338906e-07,2.953320536423776e-07
720492560.2128878,-0.12862120470377408,-0.02120903740469538,-1.4957110544555619e-07,1.736467235974315e-08
720492590.1936888,-0.1286210991782814,-0.02120914089424156,3.8054851797530986e-08,-1.0279194176746054e-07
720492620.1744878,-0.1286210998021114,-0.021209013942838865,1.1953134262943088e-07,7.498131945199438e-09
720492650.1552888,-0.1286210357969399,-0.021208957040520924,2.65636693225213e-07,4.7744864752757854e-08
720492679.1856878,-0.1286210857078055,-0.021208724416818314,2.9522325384334636e-07,2.6424645083178433e-07
720492709.1664878,-0.12862106015327757,-0.02120879348049657,4.028776438846915e-07,1.785385150485097e-07
720492769.2144887,-0.1286215446266381,-0.02120927640186599,8.284008196079995e-08,-3.377019938202719e-07
720492799.1952888,-0.12862159813206864,-0.02120932726720394,1.1143397005142219e-07,-4.051942582711243e-07
720492828.1392878,-0.12862207513235444,-0.021208398780376978,-2.863063576497016e-07,5.072461256271088e-07
720492858.2064878,-0.1286214287466045,-0.021209062363236605,4.424149088189111e-07,-1.7300015930574175e-07
720492888.1872878,-0.12862152367663324,-0.021208915928752705,4.295835849266183e-07,-4.317541077089593e-08
720492918.1680888,-0.1286215759376326,-0.021208486990634524,4.594210692154821e-07,3.691587765128346e-07
720492947.1984888,-0.12862258036748014,-0.021208434652714082,-4.655130642350347e-07,4.0542465436915753e-07
720492977.1792887,-0.12862191926359762,-0.021208935660936113,2.7768883312240256e-07,-1.1217605215899096e-07
720493007.1600878,-0.12862243049289226,-0.021208710308739626,-1.5144269849276526e-07,9.658948539256751e-08
720493036.1904877,-0.12862203289246033,-0.021208649215684622,3.2565273000439987e-07,1.41627240195924e-07
720493066.1712888,-0.12862239151414365,-0.021208748202101096,4.912829884573533e-08,2.6065648934398e-08
720493126.2192878,-0.12862273383661796,-0.02120844248572798,-1.287639249669681e-07,2.9860149194926855e-07
720493185.1440878,-0.12862258022226203,-0.021208746143906245,1.8620386998957628e-07,-3.7593726711498965e-08
720493215.2112888,-0.12862265679012883,-0.02120850204492217,1.9196838879631528e-07,1.8991151564881625e-07
720493245.1920888,-0.1286231475942948,-0.021208486066529315,-2.1674030029061875e-07,1.8934973815970535e-07
720493275.1728888,-0.12862284333955795,-0.021208770117061897,1.6960958587608488e-07,-1.1123507902971452e-07
720493304.2032878,-0.12862314447836934,-0.02120838711728103,-5.2036838532609764e-08,2.5576017457715206e-07
720493334.1840879,-0.1286235710364153,-0.021208588819808503,-3.9650040423167e-07,3.753496743627571e-08
720493364.1648879,-0.12862297763123845,-0.02120873342105698,2.7899889967764047e-07,-1.235830547688388e-07
720493393.195288,-0.12862332168001464,-0.021208358341681357,1.4441498497053118e-08,2.355087684625945e-07
720493423.176088,-0.12862352064691615,-0.021208636903712788,-1.024319965514664e-07,-5.9558391787839504e-08
720493453.156889,-0.1286234636426773,-0.021208339457288956,3.666527237378148e-08,2.2138882915107017e-07
720493483.2240889,-0.12862356221676613,-0.021208128112704044,2.042040048166882e-08,4.161926222163992e-07
720493542.148889,-0.12862346239499092,-0.021208593360092457,2.81587350325907e-07,-8.145358204939002e-08
720493572.2160879,-0.12862424239909204,-0.021208368431864178,-4.160887429049964e-07,1.269515575545721e-07
720493602.196888,-0.12862340572413702,-0.021208791944650314,5.026772251781608e-07,-3.130308684554106e-07
720493631.140888,-0.1286238623455514,-0.021208458138763046,1.2530753201733802e-07,4.880595257800158e-09
720493661.2080879,-0.12862438455319544,-0.021208423363394346,-3.14573385562511e-07,2.3150637962210396e-08
722824655.1893646,-0.13374872987487854,-0.021099839314596226,6.576470668040457e-08,-8.724431153211976e-08
722824683.1829646,-0.13374866827317522,-0.02109958608595049,1.7171367952539818e-07,1.6269441653268824e-07
722824711.1765646,-0.13374874576637225,-0.021099711085692693,1.3856234731823847e-07,3.4397237561739624e-08
722824739.1701635,-0.13374880683403523,-0.02109974287120872,1.218311300177355e-07,-6.932292240247051e-10
722824795.1573646,-0.1337488954714575,-0.02109974696227624,1.2185030140443587e-07,-1.1416725349822077e-08
722824823.1509646,-0.1337489837528546,-0.021099603424591037,7.78890234531815e-08,1.2879349110817007e-07
722824851.1445636,-0.1337491080719053,-0.021099782170536558,-2.1153777896021353e-09,-5.328742004942488e-08
722824878.1877636,-0.13374911435607162,-0.021100016973704255,3.4405392479452956e-08,-2.913194449283285e-07
722824906.1813645,-0.13374913107241052,-0.021099835610692296,6.199291863184797e-08,-1.1330612593660194e-07
722824934.1749645,-0.13374913655551757,-0.0210997382491667,1.0080816942314996e-07,-1.930177754433382e-08
722824962.1685646,-0.1337491126411623,-0.021099701035931458,1.6901536428748365e-07,1.4546800479464661e-08
722824990.1621646,-0.1337492241900832,-0.021099721659968,1.0175375189658276e-07,-9.449368634784072e-09
722825018.1557635,-0.13374936841205753,-0.021099854898081177,1.8135406509856011e-09,-1.4606708552064585e-07
722825046.1493636,-0.13374933830254584,-0.02109961978886614,7.619926109536657e-08,8.565505867086376e-08
722825074.1429647,-0.13374935564193027,-0.02109969677617126,1.0313051795884931e-07,5.27322022852994e-09
722825101.1861647,-0.13374938639827588,-0.021099804936900626,1.1513649589289798e-07,-1.0617387853628646e-07
722825129.1797637,-0.1337494994188754,-0.021099645478344364,4.637554854025616e-08,4.9875485685912935e-08
722825157.1733637,-0.13374947786625663,-0.021099797254396518,1.1218221460107536e-07,-1.0531720810377787e-07
722825185.1669637,-0.1337495424113114,-0.021099690317855236,9.188558813821857e-08,-1.8047538359600157e-09
722825213.1605647,-0.13374966938290603,-0.021099783475853312,9.156791547226817e-09,-9.839427986269023e-08
722825241.1541647,-0.1337496327874301,-0.021099625047896416,8.998941966598117e-08,5.659471280852757e-08
722825269.1477637,-0.13374967312731736,-0.021099755475358053,9.388102609197979e-08,-7.72791451074395e-08
722825297.1413637,-0.13374970243577675,-0.021099658419880044,1.0879839232313948e-07,1.6322508785554524e-08
722825325.2213637,-0.13374973301410906,-0.02109969276623395,1.2257667636461633e-07,-2.149578718843581e-08
722825352.1781636,-0.13374971649957262,-0.021099562644819388,1.81668173782068e-07,1.0528554027916526e-07
722825380.1717637,-0.13374973401696624,-0.021099713446501148,2.083597151480987e-07,-4.899197110497244e-08
722825408.1653637,-0.13374991886963786,-0.021099702534842352,6.771025901075589e-08,-4.1563552228424117e-08
722825436.1589637,-0.13374988681962313,-0.021099848271082557,1.4395775688180734e-07,-1.9079043864916878e-07
722825464.1525646,-0.13375004639906113,-0.02109963183717005,2.8570058679955324e-08,2.214542600686986e-08
722825492.1461638,-0.13375008098881958,-0.021099748904593534,3.81662797754867e-08,-9.842744230076361e-08
722825520.1397648,-0.13375008163565713,-0.021099621956108233,8.169965462490048e-08,2.500820475703769e-08
722825548.2197638,-0.1337501021616193,-0.021099834798591784,1.0548445092406489e-07,-1.9136538153760596e-07
722825576.2133648,-0.13375009496361182,-0.021099616222345116,1.5685107526697273e-07,2.3683231389903803e-08
722825603.1701648,-0.13375010628585374,-0.02109956912804728,1.8805608487104664e-07,6.737357388653109e-08
722825631.1637638,-0.13375017510935155,-0.021099655634141783,1.6338978808816407e-07,-2.2674636106223556e-08
722825659.1573638,-0.13375027743074508,-0.02109980162020504,1.0521976484545448e-07,-1.7221018629165474e-07
722825687.1509638,-0.1337503507344966,-0.021099770084508106,7.606153848427333e-08,-1.4423134283431116e-07
722825715.1445647,-0.13375036698201723,-0.0210997894843584,1.039536869362756e-07,-1.6719540938542332e-07
722825743.2245648,-0.13375035869215113,-0.02109951332065663,1.5651355683710122e-07,1.0538568350967892e-07
722825785.2149647,-0.1337504403747728,-0.021099794855850038,1.4102056983267275e-07,-1.8152069206425758e-07
722825813.2085648,-0.13375061555489404,-0.021099724770278504,9.959497393463579e-09,-1.1502509329394672e-07
722910065.2181863,-0.13384410042283781,-0.02106134931673851,1.2175049404761218e-07,9.813615200332526e-08
722910095.1989862,-0.13384430972237465,-0.021061597062580224,-6.52903290321305e-08,-1.733354570605805e-07
722910124.1429874,-0.13384422055221146,-0.021061371527898297,4.535831898966336e-08,2.928943635543968e-08
722910228.1685873,-0.13384430954475865,-0.02106152324820487,3.347494456629185e-08,-2.048057773339218e-07
722910257.1989874,-0.13384422329402376,-0.02106132284715197,1.4122069419419958e-07,-2.7403217101734656e-08
722910287.1797863,-0.13384436167628927,-0.021061405818795426,2.502621396227589e-08,-1.3413091234926178e-07
722910317.1605864,-0.1338443749154549,-0.02106136317791715,3.396371098252082e-08,-1.1525078610560846e-07
722910346.1909873,-0.1338444513163503,-0.02106143059062395,-2.0974139314233753e-08,-2.0567549410127617e-07
722910376.1717863,-0.13384444238045132,-0.02106128137536146,1.0116490978262505e-08,-8.023020959396776e-08
722910405.2021873,-0.13384441280507645,-0.021061267709113526,6.113365191851017e-08,-8.958488149912736e-08
722910435.1829873,-0.13384451751217916,-0.021061217386233396,-2.144069816134575e-08,-6.304117533204034e-08
722910464.2133863,-0.1338444583614304,-0.021061190053736946,5.913052872341673e-08,-5.8738486054255024e-08
722910492.2069874,-0.13384450910912407,-0.02106128961409727,2.9028354692206548e-08,-1.8051029261612062e-07
722910520.2005874,-0.13384457365469232,-0.021061182677913504,-1.4881467363947465e-08,-9.578960318348817e-08
722910548.1941874,-0.13384465571682808,-0.02106122654350404,-7.631763995763485e-08,-1.6187473059550705e-07
722910575.1509875,-0.1338445278319166,-0.02106114961172658,7.142005459259693e-08,-1.0634335880638224e-07
722910603.1445864,-0.13384461207715773,-0.021061308652236443,7.78154274350129e-09,-2.876113205478592e-07
722910631.2245874,-0.13384461372741918,-0.02106120238403017,2.67917542595697e-08,-2.0364321270949226e-07
722910659.2181865,-0.13384452016518505,-0.02106113179829952,1.4094105071915664e-07,-1.5529298549865622e-07
722910687.2117875,-0.13384472099872285,-0.021061029566029465,-3.931525721645457e-08,-7.530023011723119e-08
722910715.2053864,-0.13384471908204001,-0.021061025112672667,-1.6831189775246003e-08,-9.309038945942705e-08
722910742.1621865,-0.13384483054193713,-0.02106100883013702,-1.0849476983487705e-07,-9.823131415231945e-08
722910770.1557875,-0.13384470822946187,-0.021060871444053105,3.4365738227348785e-08,1.6903413228158692e-08
722910798.1493875,-0.13384473241001305,-0.021061019378982578,3.072334506248886e-08,-1.5328685515000884e-07
722910826.1429864,-0.13384484195322738,-0.02106099864309022,-5.8291596521931055e-08,-1.5481027807254244e-07
722910854.2229865,-0.1338446910681231,-0.02106086827102962,1.1317519968412348e-07,-4.677022371474271e-08
722910881.1797874,-0.1338446996487925,-0.02106086985754136,1.2434357915536154e-07,-6.979921435973369e-08
722910909.1733865,-0.13384476154135616,-0.021060848509292088,8.294991052371081e-08,-7.072203696278923e-08
722910937.1669874,-0.1338448145868318,-0.021060714852968065,5.039340630896838e-08,4.0659263011999514e-08
722910965.1605865,-0.13384488075679066,-0.021060886947372043,4.702482458984747e-09,-1.5371410763687088e-07
722910993.1541866,-0.13384490496322013,-0.021060649583508027,9.651433818813615e-10,6.136685130192499e-08
722911021.1477866,-0.1338449221245589,-0.02106065275653173,4.262939390375919e-09,3.5906991890238826e-08
722911048.1909876,-0.1338448603208007,-0.021060711011968176,8.582176891369642e-08,-4.388235587751699e-08
722911076.1845876,-0.1338448934631237,-0.02106062286336705,7.311897809447743e-08,2.197170059434206e-08
722911104.1781865,-0.13384487857368998,-0.021060771772451827,1.0843795716919402e-07,-1.4923583904410953e-07
722911132.1717876,-0.1338449509636059,-0.021060756464071895,5.6467592379760845e-08,-1.5622982040344735e-07
722911160.1653875,-0.1338448483766767,-0.02106049975588763,1.794640658581148e-07,7.81721054658735e-08
722911187.2085875,-0.13384497233941642,-0.021060530873766355,7.520844205743948e-08,2.5501584181158998e-08
722911215.2021866,-0.13384502373462806,-0.02106050348564964,4.420307189723083e-08,3.057579905929586e-08
722911243.1957866,-0.13384508781029078,-0.021060597312322033,5.072151032514682e-10,-8.556865451272988e-08
722999022.1398112,-0.13385907954952414,-0.020987664745392643,3.123717573494389e-08,-2.5069020904294748e-08
722999051.1702112,-0.13385889552187197,-0.020987622521696704,2.106296300152799e-07,-5.868597809099985e-09
722999080.2006112,-0.1338592025983915,-0.020987712090358275,-1.0108894141214186e-07,-1.1845625386835978e-07
722999109.1446111,-0.1338589390733574,-0.020987503505741884,1.578010253577844e-07,6.718214382028798e-08
722999137.2246102,-0.13385902269757405,-0.02098740419596322,6.967357532583485e-08,1.4423474438418626e-07
722999166.1686113,-0.13385907854686693,-0.020987644065105178,9.175752380130575e-09,-1.1857220278549407e-07
722999195.1990103,-0.13385910010099827,-0.020987492289093704,-1.70476603944536e-08,1.0201835251577585e-08
722999224.1430113,-0.13385893880742336,-0.020987392784100587,1.3958366593125326e-07,8.677760740191665e-08
722999252.2230103,-0.133859279852094,-0.020987341069998916,-2.0599063838000475e-07,1.1625104975876432e-07
722999281.1670103,-0.1338590947942197,-0.020987663465075725,-2.560853792910045e-08,-2.290647756822417e-07
722999339.1414113,-0.13385901559033783,-0.02098722252673391,4.420914770375539e-08,1.6597661988901335e-07
722999425.1958113,-0.13385905026764183,-0.020987376501679356,-4.451583074382981e-09,-5.609352081784036e-08
722999453.1894103,-0.1338590405070158,-0.020987280420441165,7.470478124993463e-10,1.7844542746225933e-08
722999482.2198113,-0.13385906763386518,-0.020987068190087506,-3.111760210616765e-08,2.0711590480865238e-07
722999511.1638103,-0.13385900874903578,-0.020987151579145602,2.3036584750890654e-08,1.0084055496184519e-07
722999540.1942112,-0.13385896667099456,-0.020987090512393176,6.036288957567137e-08,1.389570847762367e-07
722999568.1878103,-0.13385896746879217,-0.020987422677318124,5.49764407886677e-08,-2.1533424132691437e-07
722999597.2182113,-0.13385914503728938,-0.020987156283218247,-1.273575314930664e-07,2.8118290126832868e-08
722999626.1622114,-0.13385907993166737,-0.020987427075184584,-6.701017626897787e-08,-2.6554256898903006e-07
722999655.1926115,-0.1338593008467922,-0.020987353149768535,-2.927047753620293e-07,-2.1454989353533738e-07
722999683.1862115,-0.13385879815396784,-0.020987157730022302,2.0537261996578238e-07,-4.123966485317099e-08
722999712.2166114,-0.13385896967896146,-0.020987152553257324,2.9054350897395054e-08,-5.898692943817618e-08
722999741.1606104,-0.13385884270811335,-0.020987059394354333,1.5123918287174298e-07,1.1320596540048689e-08
722999770.1910104,-0.13385911566677225,-0.020986831132289142,-1.26526814414607e-07,2.166675172818322e-07
722999798.1846104,-0.13385861412631264,-0.020987115506328237,3.7037131714323657e-07,-8.979904429079477e-08
722999827.2150104,-0.1338590407118764,-0.02098696893580415,-6.10354485564013e-08,3.386510322167524e-08
722999856.1590104,-0.1338592691163912,-0.020986839009407888,-2.942538545047668e-07,1.409577512594129e-07
722999885.1894114,-0.13385905616143914,-0.020986656170848873,-8.613423035930268e-08,3.0089887588166664e-07
722999913.1830105,-0.13385900986791005,-0.020986823867582233,-4.45100492296735e-08,1.1112672658117329e-07
722999971.1574115,-0.13385911722886784,-0.020986687956794977,-1.6156215090767923e-07,2.0133289974424984e-07
723000000.1878104,-0.13385910107015878,-0.02098670546403808,-1.502668841302235e-07,1.6094604954330904e-07
723000029.2182105,-0.13385920789926364,-0.020986348109966666,-2.61966548176229e-07,4.954250311349495e-07
723000057.2118106,-0.13385910372355272,-0.020986619876046102,-1.6249419568237222e-07,2.0160511494254907e-07
723000086.1558105,-0.13385895289974664,-0.020986911710002793,-1.6540403630083134e-08,-1.1302698800855215e-07
723000115.1862105,-0.13385909012959565,-0.020986514888082838,-1.5866193381341986e-07,2.6093326449885823e-07
723000144.2166115,-0.13385911711264478,-0.02098703634864695,-1.905438126170722e-07,-2.8338442114098084e-07
723084661.2150344,-0.13382734458818277,-0.020948960205214952,4.8780995354213985e-08,8.48388594029692e-08
723084690.1590344,-0.13382720983395327,-0.020949197625057907,1.76154797443262e-07,-1.560423483031037e-07
723084720.1398345,-0.13382727656287335,-0.020949205863773062,1.0178354900580722e-07,-1.6785808702388105e-07
723084779.1510335,-0.1338272409716055,-0.020949068115736758,1.2233973933906128e-07,-3.712592127128045e-08
723084808.1814336,-0.1338272035522828,-0.020948962821572017,1.523661392888176e-07,6.472887712286046e-08
723084838.1622336,-0.13382729390149356,-0.02094928285125916,5.438441624816548e-08,-2.5884441165469063e-07
723084867.1926335,-0.13382709017514455,-0.02094897465082064,2.507225605463681e-07,4.5932861559433436e-08
723084897.1734335,-0.13382722554965343,-0.02094899558161191,1.0772039416018231e-07,2.1475210817967216e-08
723084926.2038345,-0.133827241060217,-0.020949105022970226,8.48263092545487e-08,-9.137309178036679e-08
723084956.1846346,-0.13382724854966438,-0.02094904902194891,6.97140236372018e-08,-3.8882167343462504e-08
723084985.2150345,-0.13382735543999383,-0.02094911387401999,-4.4555177686200764e-08,-1.071249414764941e-07
723085014.1590345,-0.1338273381899857,-0.020949073793767165,-3.465981579520161e-08,-7.041733881066325e-08
723085044.1398345,-0.13382729463829798,-0.020949192809856326,1.276151073703602e-09,-1.9291850242297848e-07
723085073.1702335,-0.1338273578883288,-0.02094933977078291,-6.934588503426653e-08,-3.432458878967204e-07
723085103.1510335,-0.13382726379439439,-0.020949047741606407,1.7137059493688156e-08,-5.46849721824727e-08
723085132.1814336,-0.13382724397952422,-0.020949130156629088,2.9584488164813294e-08,-1.404501630067334e-07
723085162.1622337,-0.1338271278603023,-0.020949190666685946,1.3809741630788075e-07,-2.0441164634218967e-07
723085191.1926347,-0.13382724005757748,-0.02094908434267279,1.853722930711399e-08,-1.014214908202915e-07
723085221.1734346,-0.13382720482075508,-0.02094909422357073,4.617241827764573e-08,-1.1473696049854598e-07
723085250.2038347,-0.1338273185523379,-0.02094923002325693,-7.491758027833306e-08,-2.5385417361939444e-07
723085280.1846347,-0.1338270991988997,-0.020949160773498447,1.3683884983461958e-07,-1.880221114844427e-07
723085309.2150346,-0.13382710951904303,-0.02094909299890208,1.1916475253781478e-07,-1.2354869178415884e-07
723085338.1590346,-0.13382722307340306,-0.020949154984120835,-1.7195020962645913e-09,-1.8881724747274453e-07
723085368.2262336,-0.13382718966463672,-0.020949132411146754,2.4077214944018266e-08,-1.6964654341380947e-07
723085397.1702336,-0.1338271990707523,-0.02094908086348649,7.345602681674279e-09,-1.2136588892555644e-07
723085427.1510336,-0.13382715024003441,-0.02094898575638726,4.859067920248705e-08,-2.9634369069775346e-08
723085456.1814346,-0.133827121755855,-0.020949029677666733,6.97318682518766e-08,-7.681601895889734e-08
723085486.1622337,-0.13382719650589178,-0.020949203358761524,-1.2599306598026772e-08,-2.53855746010917e-07
723085515.1926347,-0.13382723949799458,-0.020949248198543297,-6.293005647139971e-08,-3.019394786696328e-07
723085545.1734346,-0.13382698511287153,-0.02094887734487803,1.83878395954018e-07,6.557252143005177e-08
725238431.1708928,-0.13151913290134984,-0.02076906688291471,6.57098928324995e-08,-1.6197189269678836e-07
725238462.1884929,-0.13151919990869007,-0.020769185836240392,-6.385563056099386e-08,-2.62334468550951e-07
725238493.206093,-0.13151883520199503,-0.020768925803233095,2.3829925221985349e-07,1.6289455329748792e-08
725238554.204492,-0.13151881183127795,-0.020769110038442562,1.3867574055748122e-07,-1.3138484783459248e-07
725238585.222093,-0.13151881840375357,-0.02076945556697846,6.957026082998752e-08,-4.583219562238894e-07
725238616.153292,-0.1315188067186571,-0.020769355032612725,1.8902828191613708e-08,-3.392477745840783e-07
725238647.1708919,-0.131518415537485,-0.020769180285893665,3.4756358671672594e-07,-1.459092725218658e-07
725238708.1692929,-0.1315185549385144,-0.02076928392137808,8.522985167624952e-08,-2.129821093620199e-07
725238770.204492,-0.13151858223415666,-0.02076953080412053,-6.706320840321744e-08,-4.226800014994758e-07
725238801.2220931,-0.13151840312142446,-0.02076955509805643,4.95601490957398e-08,-4.2838122425378766e-07
725238831.202893,-0.13151835921055052,-0.020769526490457223,3.3076329480907773e-08,-3.818022111350128e-07
725238892.201292,-0.13151820675476977,-0.02076953931345314,6.267198590648171e-08,-3.580603185997233e-07
725238923.2188921,-0.13151825020994937,-0.02076899807876481,-4.324824939838656e-08,2.0176786269532343e-07
725238953.1996931,-0.13151806005080618,-0.02076918019202257,8.653964544969028e-08,3.762678334878755e-08
725238984.217293,-0.13151806342829034,-0.020769389863960246,2.0709176429267728e-08,-1.5345125635099488e-07
725239076.146893,-0.13151791763674472,-0.02076939981922344,-1.8560841030801356e-08,-1.0829690134245284e-07
725239106.214092,-0.13151771953597646,-0.02076906809285036,1.1902386679030208e-07,2.4145445635254115e-07
725239168.1628932,-0.13151755092117787,-0.02076948372934307,1.6297263169540166e-07,-1.3704369706407649e-07
725239229.1612922,-0.1315173270758789,-0.02076953255061086,2.6408797654253746e-07,-1.4929551649459083e-07
725239260.1788932,-0.13151741416768684,-0.020769294504450236,1.1459705875904724e-07,1.0734649720858802e-07
725239291.1964931,-0.13151733830476628,-0.020769448546629345,1.280668527614548e-07,-2.8099597228908868e-08
725239322.2140932,-0.13151760715635513,-0.020769485921049487,-2.0317189697305338e-07,-4.6877697775643545e-08
725239352.1948922,-0.1315173648699785,-0.020769785471958648,-2.118165845499398e-08,-3.284536665114357e-07
725239383.2124922,-0.1315172754965927,-0.020769486130329345,5.816254949886357e-09,-1.0515248876491468e-08
725239414.1436921,-0.13151737536842165,-0.02076979151056515,-1.562514017894312e-07,-2.9735025643823354e-07
725239444.2108922,-0.13151733739183663,-0.02076946477387837,-1.7872770155524798e-07,4.741386855008911e-08
725239475.1420932,-0.13151703503607595,-0.02076975322674531,6.144379749439821e-08,-2.2249328720039263e-07
725239505.2092922,-0.13151712842664892,-0.020769749986112623,-9.238844098091725e-08,-2.012247431286418e-07
725239567.1580923,-0.1315170032670141,-0.020769624387918573,-9.174213269624865e-08,-3.8482084241397985e-08
725239628.1564922,-0.13151699760694993,-0.020769647936074515,-2.0866241701167354e-07,-2.5454632308213876e-08
725239659.1740923,-0.1315166435806615,-0.02076985306099853,8.304055160168744e-08,-2.1198052378712529e-07
725239689.1548933,-0.1315168256146726,-0.020769853900636785,-1.5922804946777447e-07,-1.9484257218066459e-07
725239720.1724923,-0.1315165035404237,-0.020769876375786166,1.0053424945311029e-07,-1.9871816677591303e-07
725239811.1516933,-0.13151632269307448,-0.020769970031910622,9.86446003214958e-08,-2.3781748393833513e-07
725239842.1692923,-0.13151659245759692,-0.020769991179065722,-2.3340931090687356e-07,-2.403640093351367e-07
725239872.1500924,-0.1315164378109746,-0.020769888825898065,-1.3896456599327145e-07,-1.2003169373026035e-07
725239933.1484934,-0.13151620008972928,-0.020769721936635923,-2.371260532374464e-08,8.343843763483627e-08
725239964.1660924,-0.13151596309844416,-0.02076985030873172,1.5101162093023035e-07,-2.6331914683430657e-08
725239995.1836925,-0.13151619424669986,-0.020770056973396192,-1.4239805506965908e-07,-2.1439454546412495e-07
725240025.1644924,-0.13151587335958403,-0.020769788640373526,1.183141491445383e-07,7.19189929450359e-08
725240056.1820934,-0.13151573423227153,-0.020769795727918313,1.9519108857002365e-07,8.343405872093812e-08
725240087.1996934,-0.13151583008742584,-0.020770018386466024,3.709115922734263e-08,-1.2062158244105503e-07
725240117.1804934,-0.1315158760066553,-0.02077008835489899,-6.89869346925942e-08,-1.7260864856871727e-07
725240148.1980934,-0.131515735418474,-0.020770275527619456,9.367433967399919e-09,-3.411778714025593e-07
725240179.2156934,-0.1315155765726523,-0.020770016637440134,1.0598499539105077e-07,-6.368389047009537e-08
725240209.1964924,-0.13151557894598936,-0.020770205628957462,4.346871601557112e-08,-2.3469316921126415e-07
725240240.2140925,-0.1315154925851,-0.020769968328596688,6.761222051676619e-08,2.121159868931355e-08
725240271.1452925,-0.131515383766453,-0.020769899036200908,1.1439227529108642e-07,1.0905688924492396e-07
725240301.2124926,-0.13151538760019965,-0.02077029324648572,5.025809407532833e-08,-2.6711843914908884e-07
725240332.1436936,-0.1315150717339448,-0.020770128315578475,3.040965137757201e-07,-8.363401851271823e-08
725240363.1612935,-0.13151505767503646,-0.02077022409363965,2.559597834794758e-07,-1.6080642289278968e-07
725240393.1420935,-0.13151512961248693,-0.020770024237439375,1.2391083645257872e-07,5.7033823410573836e-08
725240424.1596925,-0.13151504891120092,-0.020770148692866468,1.424271884042927e-07,-4.881531317363352e-08
725240454.1404926,-0.1315148792927298,-0.020770158345022903,2.519444800563875e-07,-4.0482805628572205e-08
725240485.1580925,-0.13151487993146535,-0.020770416698708372,1.891314539148592e-07,-2.8022955621612167e-07
725240515.2252926,-0.1315148773756265,-0.020770153891852043,1.3142320992587386e-07,6.144223532733584e-10
725240545.2060925,-0.1315147909230314,-0.020770264987768083,1.5778992581982898e-07,-9.249589023527238e-08
725240576.2236925,-0.1315147420825203,-0.020770169885746044,1.4447193238953382e-07,2.121404612392963e-08
725240607.1548936,-0.1315148577479044,-0.020770310125739745,-3.3173489066840034e-08,-1.004695282871837e-07
725240637.2220937,-0.13151465535618137,-0.02077017025865451,1.0897456800829097e-07,5.7435964827962094e-08
725240668.1532927,-0.1315145707294417,-0.020770248900073226,1.3163171938557205e-07,-2.6483651348330195e-09
725240699.1708926,-0.1315145702727569,-0.02077044966566916,6.995101145546023e-08,-1.8480469094264707e-07
725240729.1516926,-0.13151441087898505,-0.020770354633426552,1.6928943380456474e-07,-7.178488423131846e-08
725240760.1692927,-0.13151429822612581,-0.02077027643469576,2.1981528841585884e-07,2.5023803470330952e-08
725240790.1500937,-0.13151442055575122,-0.020770413806949908,3.744032520125451e-08,-9.436021733075228e-08
725240820.2172927,-0.13151451723260157,-0.02077058333057192,-1.19449977464825e-07,-2.4584343461669933e-07
725240851.1484927,-0.13151424737681972,-0.020770525275779012,8.846720858657342e-08,-1.692294832773833e-07
725240882.1660936,-0.13151415480792245,-0.020770475381507628,1.1892970594451491e-07,-1.0072385188408806e-07
725325130.2013218,-0.13135689058625027,-0.020812862056000955,1.6410927011767384e-07,7.544060544317777e-08
725325163.2061218,-0.13135687853671926,-0.020812999195044937,1.2033575449987843e-07,-5.439300494736177e-08
725325193.1869208,-0.13135673548332688,-0.0208129604698465,2.126781632749708e-07,-9.039172646496674e-09
725325224.2045218,-0.13135665742969826,-0.020812999336561003,2.382644731235839e-07,-4.1055484682056553e-08
725325254.1853209,-0.13135690555976878,-0.02081313535457107,-6.058169621514509e-08,-1.704592860127252e-07
725325284.1661218,-0.13135673338312312,-0.02081288220133471,6.08763099096965e-08,8.930107541632593e-08
725325345.1645209,-0.13135654422930373,-0.02081308499678323,1.4683099930357102e-07,-1.0007348781246317e-07
725325375.1453218,-0.1313566514977225,-0.02081329746578286,-1.1163853452789141e-08,-3.059568358630693e-07
725325405.2125219,-0.13135640884447963,-0.020813064084206537,1.806141603499789e-07,-6.597772857219741e-08
725325435.193322,-0.1313565298049736,-0.020813033144281685,8.92201157398631e-09,-2.8466305930507918e-08
725325466.2109209,-0.1313564136831009,-0.02081309367093294,7.25550539371067e-08,-8.220163434657923e-08
725325496.1917219,-0.13135625337795032,-0.020813400171386543,1.8212318003696382e-07,-3.8214495178337526e-07
725325526.1725209,-0.13135619166579743,-0.020813495343759193,1.9309565010838803e-07,-4.7076724151232097e-07
725325556.1533219,-0.13135600898810307,-0.020812850847973196,3.2503098115754803e-07,1.8027157882086198e-07
725325587.1709208,-0.131356112605307,-0.020813128226017125,1.6891380416605983e-07,-9.034457406145724e-08
725325617.151721,-0.1313562528287544,-0.020813178725317558,-2.2057499549088533e-08,-1.3431517024986572e-07
725325647.218922,-0.13135597147158085,-0.020813479258022575,2.084028332960397e-07,-4.2830742419744383e-07
725325677.199722,-0.13135611525218802,-0.02081304263655428,1.3868899251257005e-08,1.4828656948184804e-08
725325708.217322,-0.13135592536863633,-0.020813335474626875,1.5124106680919347e-07,-2.712769122045766e-07
725325738.1981211,-0.13135621257129448,-0.020813470513106978,-1.867205368655256e-07,-3.998150777985432e-07
725325768.178922,-0.13135577984889996,-0.02081307085021156,1.9524012320748518e-07,6.341110411062223e-09
725325799.196522,-0.1313559317582667,-0.020813221883795845,-9.189373234574916e-09,-1.379820154627509e-07
725325829.177322,-0.13135574461313212,-0.020813466040085507,1.2718831365887695e-07,-3.7565928691363215e-07
725325859.158121,-0.13135563278068066,-0.020813334707399597,1.8825048722637128e-07,-2.378545934066112e-07
725325889.225321,-0.13135564327666852,-0.020812955441867557,1.2683504771460186e-07,1.4789456160430037e-07
725325920.156522,-0.1313555187564879,-0.020813088198523635,1.9896956784948294e-07,2.1800490232481984e-08
725325950.223721,-0.13135557161266964,-0.02081288071775558,9.518807914110639e-08,2.3575059690875144e-07
725325980.2045221,-0.13135541313312932,-0.020813154763694584,2.0288574800741976e-07,-3.185159789045877e-08
725326071.1837212,-0.13135536091515332,-0.020813235294166704,1.009841002208578e-07,-9.287077765152141e-08
725326101.1645222,-0.13135548534633246,-0.020813450933874933,-7.424078024564906e-08,-3.0209492246635605e-07
725326139.1805211,-0.13135529199210358,-0.02081349719231436,5.470218042424868e-08,-3.402283832026898e-07
725326171.1485212,-0.13135511780929796,-0.02081358798230399,1.7471724392259524e-07,-4.24194679223e-07
725326201.2157221,-0.13135510895332078,-0.020813475673911803,1.326231435505587e-07,-3.05475554202711e-07
725326232.1469221,-0.13135523867571933,-0.02081313483064779,-4.951658477692078e-08,4.195535179690735e-08
725326292.1949221,-0.1313551184474976,-0.020813461032007777,-3.1057506927334444e-08,-2.7147829219364983e-07
725326322.1757222,-0.13135502441598956,-0.0208132059197435,1.2158046291954605e-08,-1.0001793223496369e-08
725326353.1933212,-0.13135479089584678,-0.020813580873660146,1.9310166771147053e-07,-3.7837869759985154e-07
725326383.1741213,-0.1313547267173447,-0.020813450146813663,2.0645792767060023e-07,-2.413017460081712e-07
725326413.1549213,-0.1313549819667949,-0.020813382531347607,-9.961687807980013e-08,-1.6734311395968926e-07
725326444.1725212,-0.1313547553804027,-0.020813094732411882,7.438321683594928e-08,1.270110492369858e-07
747981996.6864647,-0.06856450499771544,-0.02219993575766228,1.5661440144754124e-07,-1.013384394107919e-08
747982023.6432648,-0.06856464458430332,-0.022200002133065375,1.5383611205732617e-07,-7.123994781588205e-08
747982050.6864647,-0.06856506893919703,-0.022199702238551278,-1.332655541197436e-07,2.3394696657685898e-07
747982076.6928637,-0.06856464282544929,-0.022200272325728805,4.248453906313676e-07,-3.3104484237905796e-07
747982102.6992648,-0.06856465346329985,-0.02219983980100318,5.462107006692918e-07,1.0658101232130512e-07
747982156.6992648,-0.06856523347167752,-0.022200502715442366,2.4031423825898734e-07,-5.457229712395317e-07
747982183.6560647,-0.06856578955591437,-0.022200214484455194,-1.7892375561712193e-07,-2.521859382431657e-07
747982210.6992648,-0.06856576390681227,-0.022200008984185667,-1.598340355901673e-08,-4.135638414712317e-08
747982236.7056637,-0.06856572152148303,-0.022199911104088133,1.584356442430046e-07,6.165457045945177e-08
747982263.6624647,-0.06856577250113538,-0.02220001054736102,2.443211139097068e-07,-3.2464239112933724e-08
747982290.7056648,-0.06856576806163667,-0.022200091713391445,3.8607077405827805e-07,-1.0828249886671304e-07
747982317.6624647,-0.0685658643749916,-0.02220007644190763,4.266352368470505e-07,-8.767410458396241e-08
747982344.7056637,-0.06856623629297678,-0.022200021127814502,1.9204013486373572e-07,-2.699974744474476e-08
747982371.6624647,-0.06856646743486684,-0.022199841840506187,9.778873892585249e-08,1.5763693203899032e-07
747982452.7056637,-0.06856728836892986,-0.022200384628653473,-3.1155836316409946e-07,-3.690313065060624e-07
747982479.6624637,-0.0685667269064895,-0.02220005708010212,3.868198179129978e-07,-3.610842284201832e-08
747982506.7056646,-0.06856724124249149,-0.022200294083569945,9.844708118156298e-09,-2.6771406381326246e-07
748064682.6960552,-0.06900925407405485,-0.0222456611116269,2.8329446094543798e-08,-2.3146642432608777e-08
748064707.6656542,-0.06900918118144751,-0.022245803602123724,2.483279879922362e-07,-1.4703914899896753e-07
748064733.6720542,-0.06900944700066747,-0.02224570440201752,1.3573141013911716e-07,-2.846793607791387e-08
748064783.6976552,-0.06900945840945782,-0.022245694181241824,4.19084215080856e-07,1.901740127874252e-08
748149692.1744449,-0.0695338521235296,-0.022310242368714445,-4.2573266539891463e-07,-3.546879831679839e-07
748149753.1728458,-0.06953397378107476,-0.022310358769389364,-1.5128844797762664e-07,-4.366480737018341e-07
748149813.2208449,-0.06953433651188395,-0.022310391966155033,-1.2406852546720248e-07,-4.359708655234107e-07
748149904.2000449,-0.06953469895631254,-0.022310589057549506,1.043430538083534e-07,-5.81796203928675e-07
748149965.1984459,-0.069534911733354,-0.022310586778170285,2.8774032626022183e-07,-5.451829174357714e-07
748149995.1792458,-0.06953523977222656,-0.02231030216519561,1.544292419358717e-07,-2.437060136195601e-07
748150086.1584449,-0.06953582742644367,-0.02231026971351835,1.5772278694203834e-07,-1.601246565341441e-07
748150116.2256448,-0.06953623878610493,-0.02231076261010278,-5.832792715487756e-08,-6.361386558559334e-07
748150147.1568459,-0.06953612005021245,-0.022309958164676444,2.6133438810194143e-07,1.8566673017084145e-07
748150207.2048459,-0.06953645142717697,-0.022310961140732926,3.2003889603726687e-07,-7.836301837253756e-07
750570779.1503639,-0.0825144882564245,-0.022215566420474994,-1.3973811066603226e-08,3.094624355243214e-07
750570849.2207639,-0.08251473616953738,-0.022216029695311126,7.952182297377153e-08,-1.178125614981207e-07
750570919.2047639,-0.0825148837696485,-0.02221571232422115,2.729530263756441e-07,2.3554415340409918e-07
750570990.2255628,-0.08251543675425667,-0.022215874649217097,6.609636983567757e-08,1.0976877323418122e-07
750571061.1599629,-0.08251571254900625,-0.022216146272599834,1.360529083005435e-07,-1.2531837502091636e-07
750571131.1439629,-0.08251629331169101,-0.022215842316469663,-1.0354762705611087e-07,2.1471494838359861e-07
750571202.1647638,-0.08251654440285501,-0.02221589220535796,-8.378533478126116e-09,2.0146872409948502e-07
750571272.1487628,-0.08251666907014316,-0.02221630841248396,2.0820258622711307e-07,-1.7860008755948842e-07
750571695.1631628,-0.08251910715030145,-0.02221647432344115,-1.6631941794631455e-07,-1.254264809236183e-07
750571766.1839639,-0.08251910133636688,-0.022216698689954333,1.8609987867401756e-07,-3.1290092404254177e-07
750571907.1887639,-0.08251993126505447,-0.022216440173070198,4.444848031304183e-08,1.8955183898189398e-08
750571977.1727629,-0.08252056856669923,-0.022216449829240096,-2.511827831702673e-07,4.5745331075236484e-08
750572048.1935629,-0.08252046517922194,-0.022216357198941366,1.9897882021224778e-07,1.753933706778732e-07
750572118.1775628,-0.08252083416725273,-0.02221655154819759,1.7174370950390205e-07,1.7552508540380485e-08
750572330.203164,-0.0825222236700449,-0.022216927905081632,-1.8212628449809642e-07,-2.4800887606091226e-07
750738296.2223719,-0.08341980469030157,-0.022310293272515186,5.0934626100174185e-08,1.597386538876311e-07
750738336.225573,-0.08342008315147462,-0.022310516207365995,1.131250648711557e-11,-6.041140963169989e-08
750738418.2191719,-0.08342045024708118,-0.022310468402604658,9.927899874417889e-08,-6.950494305102417e-09
750738458.2223719,-0.0834205380896711,-0.02231048852365542,2.389589781048862e-07,-2.4337238509197778e-08
750738499.175972,-0.08342076654218328,-0.022310358049270687,2.434292678682448e-07,1.0891929029532843e-07
750738539.1791719,-0.0834211827965643,-0.02231044217092352,5.468711930523007e-08,2.7498501659756203e-08
750738580.219173,-0.08342137209851141,-0.022310550475326544,9.87886891179457e-08,-7.805219165782362e-08
750738620.2223729,-0.08342142946592068,-0.022310335512593624,2.68923010568467e-07,1.395779726486024e-07
750738661.1759729,-0.08342186022875127,-0.022310471464542198,7.106149084445956e-08,6.3397506515350255e-09
750738701.1791719,-0.08342199473851339,-0.022310471406995377,1.6404280890613965e-07,9.03137731614323e-09
750738742.2191719,-0.08342227694987218,-0.022310428612782155,1.1521310726292366e-07,5.451083145632807e-08
750738782.2223719,-0.08342242629319595,-0.022310316498289066,1.9335005858878151e-07,1.6922606261432493e-07
750738823.175972,-0.08342272639629054,-0.022310461407364274,1.261261503987532e-07,2.6962483228726297e-08
750738904.219173,-0.0834231657926835,-0.0223103612116135,1.475582518534191e-07,1.3234267132872235e-07
750738944.2223729,-0.08342346058747306,-0.02231036579791468,8.022166110566165e-08,1.302905978627089e-07
750738985.1759729,-0.08342366439786261,-0.022310525932618105,1.0926769927754876e-07,-2.7266653532254104e-08
750739025.1791719,-0.08342387637507542,-0.02231057689303308,1.247374155494141e-07,-7.572600959140918e-08
750739106.2223719,-0.08342431516306022,-0.02231056675692215,1.467209779781875e-07,-6.057313054960711e-08
750739147.1759721,-0.08342474005099135,-0.022310414730908446,-4.53339185635393e-08,9.396247990789419e-08
750739187.179172,-0.08342468493370465,-0.022310470256183247,2.3720729662446427e-07,4.087202989250249e-08
750739228.2191731,-0.08342495484490357,-0.022310453909105434,2.0060838569480044e-07,5.970007091807283e-08
750739268.222373,-0.08342532222376835,-0.02231047993201829,6.064170716968409e-08,3.607891752022141e-08
750739309.1759721,-0.08342546575020751,-0.022310592183032052,1.4992426682070015e-07,-7.373016536194044e-08
750739349.179173,-0.08342571373616825,-0.022310580034146186,1.2933861262554025e-07,-5.921250365373276e-08
750739390.2191731,-0.08342597477232117,-0.022310488292338594,1.015903430406917e-07,3.494255398223123e-08
750739430.222372,-0.08342606068988384,-0.022310503963620793,2.430610226838992e-07,2.1607075333801573e-08
750739471.1759721,-0.08342634999288964,-0.02231056902820837,1.865423548824685e-07,-4.108305649841437e-08
750739512.215973,-0.08342673488037713,-0.02231043429816322,3.492395990456476e-08,9.600937249387709e-08
750739552.2191731,-0.08342685042324134,-0.02231046357040232,1.4675090620475117e-07,6.902339079808972e-08
750739593.172772,-0.08342711188431556,-0.02231048257002191,1.1805516789142878e-07,5.234753971961048e-08
750739674.215973,-0.08342767969025741,-0.02231053285469598,1.0850180170995927e-08,6.611309714965596e-09
750739714.219172,-0.08342774236597154,-0.022310458214760964,1.7551924069714175e-07,8.347187396839928e-08
750739755.172772,-0.08342815359528466,-0.022310475841342783,-2.970514167977001e-09,6.810192169914853e-08
750739795.175973,-0.08342819641242297,-0.022310446763181925,1.815443919916948e-07,9.936798574944339e-08
750739836.215973,-0.08342855359962019,-0.022310302881990377,5.757460538879933e-08,2.454769996683426e-07
750739876.219172,-0.08342859177483106,-0.02231055576491754,2.467185161586505e-07,-5.250738132484001e-09
750739917.172773,-0.08342896642881753,-0.02231048884559948,1.0477767140026906e-07,6.385826325019939e-08
750739957.175973,-0.08342915826414778,-0.022310511540214784,1.402484155754724e-07,4.328620563029406e-08
750739998.2159721,-0.08342950343446927,-0.02231046793375263,2.8268701629530213e-08,8.905349951904284e-08
750740038.219172,-0.08342959644368372,-0.022310591463804822,1.6255233757644927e-07,-3.238661400520315e-08
750740079.172773,-0.083429874663336,-0.022310502856292446,1.1701876637126851e-07,5.834382931294013e-08
750740119.175973,-0.08343006546533442,-0.022310504869118845,1.5349625381855247e-07,5.8388404718806575e-08
750740160.2159721,-0.08343038232695901,-0.022310542171113775,6.979779897109406e-08,2.3180445622023038e-08
750740200.2191731,-0.08343056247054499,-0.022310501253223803,1.1692016867181909e-07,6.612321341512017e-08
750740241.172773,-0.08343090867418693,-0.022310478328573538,3.3749021910445265e-09,9.110423652980426e-08
750740281.175973,-0.08343111163469313,-0.02231041698049651,2.766666908071702e-08,1.5444474955189635e-07
750740322.2159721,-0.08343135797889188,-0.02231047420948417,1.4457561661740392e-08,9.924319722270925e-08
750740362.219172,-0.08343148211349816,-0.022310505048871564,1.175613798531927e-07,7.036381753991461e-08
750740403.172773,-0.08343175779971561,-0.022310502051212645,7.450520501939284e-08,7.535148683832094e-08
750740443.1759721,-0.08343195940175595,-0.0223105839085758,1.0012759500688251e-07,-4.578214730932562e-09
750740484.215973,-0.0834323522725602,-0.022310540805357694,-5.963682614407162e-08,4.048603426815012e-08
750740524.2191731,-0.08343242739006354,-0.022310476632134167,9.245594585760575e-08,1.0655458679981189e-07
750740565.172773,-0.08343260335847302,-0.022310590701916138,1.4908859438667044e-07,-5.591351198014349e-09
750740606.212772,-0.08343276232687213,-0.022310500836405567,2.2320451714685774e-07,8.618531327497791e-08
750740646.2159721,-0.08343304834635329,-0.022310704656706946,1.6437370012334362e-07,-1.1578823979480068e-07
750740727.172772,-0.08343348450106451,-0.02231050550192776,1.8797192948005748e-07,8.705525605598452e-08
750740768.2127731,-0.0834338234295358,-0.022310575519585894,8.209794871705256e-08,1.8882693554600483e-08
750740808.215973,-0.08343390357203594,-0.02231057784153548,2.2911486680099458e-07,1.8343150637312178e-08
750740849.169572,-0.083434299684443,-0.022310633697533423,6.555116752182677e-08,-3.5704521818280543e-08
750740889.172772,-0.08343449198653329,-0.02231052941876037,1.0039364722880251e-07,7.032457667588421e-08
750740970.215973,-0.08343497847493303,-0.022310519786026013,7.405880209088167e-08,8.34548048826711e-08
750741011.1695731,-0.08343518303529816,-0.02231062677499098,1.0201641115203941e-07,-2.1791457215092347e-08
750741051.172772,-0.08343546792167,-0.022310535284880112,4.4244420682737484e-08,7.138492788549833e-08
750741132.2159731,-0.08343571501589789,-0.02231053936809065,2.572421278768111e-07,7.066959532495143e-08
750741173.1695721,-0.08343603173585136,-0.022310539756342437,1.730087631351962e-07,7.19586225189639e-08
750741213.1727722,-0.08343633939726325,-0.02231066555088893,9.243093133937119e-08,-5.221350688269788e-08
750741254.2127732,-0.08343652089930906,-0.022310481427605732,1.4389000077552616e-07,1.3355788773886101e-07
750741294.2159731,-0.08343688071966374,-0.02231052656532787,1.1137579122855179e-08,9.001071040945496e-08
750741335.1695721,-0.08343689151970374,-0.02231060640985268,2.3279210879800782e-07,1.1778240088106129e-08
750741376.2095722,-0.08343724617342761,-0.022310548138606407,1.1107514961972154e-07,7.16484324474187e-08
750741416.2127732,-0.08343745786730708,-0.022310525271510603,1.264253616101163e-07,9.605818669655708e-08
750741457.1663722,-0.08343765768593572,-0.022310639592931118,1.590367680048832e-07,-1.6700165920285892e-08
750741497.1695721,-0.08343789069661997,-0.022310702587280924,1.530541483690806e-07,-7.81835734660341e-08
750741538.2095731,-0.08343807069855251,-0.022310624755634976,2.0595609641349544e-07,1.1819075405872237e-09
750741578.2127732,-0.08343842267719898,-0.02231061518043059,8.098932109679158e-08,1.223635332295303e-08
750741659.1695721,-0.08343871094680003,-0.022310659563344864,2.521121529736048e-07,-2.9200743805607443e-08
750741700.2095731,-0.0834390095915357,-0.022310673049375205,1.8633776782683853e-07,-4.121784872093692e-08
750741740.2127721,-0.0834392007186619,-0.02231051117503652,2.2218966765075177e-07,1.2207251015236564e-07
750741781.1663722,-0.08343950453001664,-0.022310628070045205,1.5074143527860073e-07,6.611022992930593e-09
750741821.1695732,-0.08343978937447942,-0.022310774294810414,9.285936547476226e-08,-1.3822924192427588e-07
750741862.2095731,-0.08343987918394304,-0.02231056115087143,2.3588607619973168e-07,7.631891380324718e-08
750741902.2127721,-0.08344014167827503,-0.02231060083240286,2.0033730727120336e-07,3.7990378311952844e-08
750741943.1663722,-0.08344042163937765,-0.02231071747580881,1.5270490959229388e-07,-7.728397743295146e-08
750741983.1695732,-0.08344062060819551,-0.022310610314426278,1.8066471010880214e-07,3.1198979281998884e-08
750742024.2095722,-0.08344086474406055,-0.022310589266100952,1.6933020413612e-07,5.3587015172440466e-08
750742064.2127721,-0.0834411900557377,-0.022310591221542022,7.09300091855658e-08,5.292174274154626e-08
750742105.1663731,-0.08344137226594336,-0.022310591667310423,1.2101345821247111e-07,5.378075484605005e-08
750742145.1695732,-0.0834415647096545,-0.02231052430239093,1.5546396238408366e-07,1.2240452003375868e-07
750742186.2095722,-0.08344181222874862,-0.022310639127064467,1.4071077816812938e-07,8.855253166156762e-09
750742227.1631732,-0.08344200613067544,-0.02231070318535311,1.7907568600206147e-07,-5.394652036194714e-08
750742267.1663731,-0.08344228627530112,-0.022310619027749733,1.2579896008224623e-07,3.142282016879716e-08
750742308.2063721,-0.08344259722017021,-0.022310606066717472,4.7592883856140134e-08,4.561096817248811e-08
753240529.2147074,-0.09269435267690314,-0.02211121693084582,1.1761333673643293e-07,6.470252035539747e-08
753240590.2131084,-0.09269456859026727,-0.022111313775229603,1.0658875582159055e-07,-1.2345314361061899e-08
753240650.1747074,-0.0926948474522343,-0.022111409828748835,2.913111607494301e-08,-8.896699167995625e-08
753240711.1731083,-0.09269495191906311,-0.022111285468217518,1.2954902968431714e-07,5.513270016563321e-08
753240771.2211074,-0.0926953121621776,-0.022111203757560195,-2.9003790771864324e-08,1.5624674327627264e-07
753240831.1827084,-0.09269536526823872,-0.022111381510016556,1.192879525574453e-07,-2.158157971776653e-09
753240892.1811074,-0.09269542759057361,-0.02211147077581498,2.618433127266062e-07,-7.177045245956859e-08
753240952.1427084,-0.0926957737407665,-0.02211144796969815,1.1708590753889414e-07,-2.967296068925873e-08
753241013.1411084,-0.09269579016024991,-0.022111504253647066,3.055387527844955e-07,-6.636049755537332e-08
753241073.1891075,-0.09269618131851347,-0.0221115306605968,1.1605791212787597e-07,-7.350443943440754e-08
753241134.1875085,-0.09269630502340728,-0.022111450803114496,1.9721944438666483e-07,2.589244185724482e-08
753241194.1491075,-0.09269670745600259,-0.022111430086445047,-3.8319767498018464e-09,6.578843676774415e-08
753241255.1475075,-0.09269679568259301,-0.022111560974991947,1.1280142263314641e-07,-4.561756522178384e-08
753241315.1955075,-0.09269701222221362,-0.02211156776273193,9.792655708551479e-08,-3.325427222131139e-08
753241375.1571085,-0.09269709736171518,-0.022111636606733952,2.1415818840520018e-07,-8.300244754705366e-08
753241436.1555085,-0.09269725412908493,-0.02211146852231539,2.6224018905007807e-07,1.0447966202267733e-07
753241496.2035085,-0.09269752748811644,-0.022111625050401186,1.9053506772337414e-07,-3.29808344870508e-08
753241557.2019075,-0.09269777516640403,-0.022111539160903138,1.4769838299621973e-07,7.224975939745804e-08
753241617.1635085,-0.09269795837503961,-0.02211156035013918,1.6584562115284918e-07,7.004512324673695e-08
753241677.2115077,-0.09269822658892053,-0.022111613470656273,9.927363379957921e-08,3.590901597599894e-08
753241738.2099086,-0.0926985249124429,-0.022111553232417733,5.779119946480726e-09,1.1540394498008033e-07
753241798.1715076,-0.09269863094530575,-0.022111597204321418,1.01089348072958e-07,9.033375748812578e-08
753241859.1699076,-0.09269879840571572,-0.022111746673241266,1.3844886213865149e-07,-3.993472734095671e-08
753241919.2179086,-0.09269897494815067,-0.022111770742781554,1.635304412578309e-07,-4.513065362393709e-08
753241986.1779076,-0.09269922405821424,-0.022111816272989675,1.3924728402281428e-07,-6.964707880904863e-08
753242046.1395077,-0.09269946636782923,-0.02211182777077173,9.826137130353185e-08,-6.23562584137205e-08
753242106.1875076,-0.09269952135270271,-0.02211173535324739,2.44885263803174e-07,4.884960481260636e-08
753242167.1859087,-0.09269984893606045,-0.02211185260776796,1.2209632253845637e-07,-4.934718636148694e-08
753242227.1475087,-0.09269998087317477,-0.022111938202424908,1.914673776332032e-07,-1.1623549595052296e-07
753242288.1459087,-0.09270031136438847,-0.022111805968481342,6.575962296917481e-08,3.500034855691281e-08
753242348.1939077,-0.09270047059256277,-0.022111789985291386,1.081186374735088e-07,6.966192135290927e-08
753242408.1555077,-0.09270060047161974,-0.022111834216920836,1.7953105684032078e-07,4.4054649293162607e-08
753242469.1539087,-0.09270081714547201,-0.022111877917417956,1.676232921216103e-07,1.9272736205555585e-08
755832426.2265934,-0.09473663532955166,-0.02182961704142606,2.0524680001410278e-07,-9.498599241181127e-08
755832496.2105935,-0.09473672696716728,-0.021829371480725165,1.0176939035932975e-07,1.395391859872197e-07
755832567.1449944,-0.09473632401811868,-0.021829244514606015,4.926667413196473e-07,2.5527911626938016e-07
755832637.2153945,-0.09473642696156163,-0.021829226450352294,3.77767697318232e-07,2.6221365417508635e-07
755832708.1497946,-0.09473662568297471,-0.021829320170308933,1.6689176929318705e-07,1.5718605049508394e-07
755832778.2201946,-0.09473653544037179,-0.021829422531234877,2.4507686309516163e-07,4.361506988903585e-08
755832849.1545945,-0.09473657427731201,-0.021829347658712233,1.9398189705921443e-07,1.0709874444583822e-07
755832919.2249936,-0.09473684403560532,-0.021829569132300705,-8.793649661220648e-08,-1.2566498373833834e-07
755833131.1641947,-0.09473652993414891,-0.02182948300502918,1.8907224881570261e-07,-7.392795841817956e-08
755833201.1481937,-0.0947367707080267,-0.021829600809502945,-6.405366476114338e-08,-2.0316784213672556e-07
755833272.1689937,-0.09473660080976892,-0.021829299227175827,9.325663034853715e-08,8.67694269525432e-08
755833623.2121938,-0.09473640543599965,-0.021829341376811712,2.2562135545967088e-07,-1.3532755933215457e-08
755833693.1961938,-0.0947363296856047,-0.021829495572295726,2.8865220720597495e-07,-1.7943905359849022e-07
755833764.2169948,-0.09473639260304087,-0.021829220167585883,2.1277268351382883e-07,8.404155431643301e-08
755833834.200995,-0.0947361409488334,-0.021829260223256906,4.516005514404453e-07,3.219670410489761e-08
755833905.221795,-0.09473626030797139,-0.02182929844399671,3.1917061620034826e-07,-1.8027538781217878e-08
755833975.2057949,-0.09473652118325696,-0.02182916990285377,4.536154291079342e-08,9.864630501690841e-08
755834116.2105939,-0.09473628979171653,-0.021829275144392906,2.5053103332173254e-07,-3.0623064289220236e-08
755834187.144994,-0.09473642235102316,-0.021829270693088505,1.0469773782662006e-07,-3.831850216642896e-08
755834257.215394,-0.09473651249065242,-0.021829406038539268,1.3912836854812483e-09,-1.8570157827094147e-07
755834328.149795,-0.09473624837069719,-0.02182916100371259,2.5212670991259234e-07,4.710794252946182e-08
755834398.220194,-0.0947363444129043,-0.02182934661302859,1.4280816518219552e-07,-1.5061648416317408e-07
755834469.154595,-0.09473618170926043,-0.021829189801170847,2.920160944996919e-07,-6.108250762831835e-09
755834539.2249942,-0.09473658684603352,-0.021829395042831847,-1.2650716435524956e-07,-2.2354226666618238e-07
755834610.1593951,-0.09473646543129155,-0.02182931545910011,-1.869996305026156e-08,-1.5634023459512592e-07
755834680.1433941,-0.09473629914491265,-0.021829223571473173,1.3410582801187676e-07,-7.670681463969875e-08
755919504.2074219,-0.09468072489347323,-0.021787013553051106,1.5291892391244843e-08,-1.480321882643687e-07
755919575.1418209,-0.09468043629615788,-0.021786858313256715,2.2922884891640738e-07,-5.070135261284192e-08
755919645.2122219,-0.09468046820285911,-0.021786712495226217,1.2349459166394183e-07,3.789798232525787e-08
755919715.196221,-0.09468055114804638,-0.021786703070034143,-3.3263209409106764e-08,-9.839832372515733e-09
755919786.217021,-0.09468044100982607,-0.021786576363976618,1.8910057270060676e-09,5.884126720243077e-08
755919856.201021,-0.09468048667414532,-0.021786810143227756,-1.1773951863469634e-07,-2.321306361054154e-07
755919927.221821,-0.09468025037830319,-0.02178661118384222,4.341620100933863e-08,-9.122609705494722e-08
755919997.2058209,-0.0946801217977986,-0.0217866614488676,9.787641545855319e-08,-1.987130345340593e-07
755920068.226622,-0.09467981396559418,-0.0217864617047208,3.304118793845401e-07,-5.705323306501309e-08
755920138.2106221,-0.09468011423594501,-0.02178668055969784,-4.4133336735141526e-08,-3.3315899843761043e-07
755920209.145022,-0.09467995498272426,-0.02178642191123999,3.97578740207738e-08,-1.3255328808539635e-07
755920279.2154211,-0.09467983293627723,-0.021786432383932186,8.728255497525428e-08,-2.0037596748512243e-07
755920350.149821,-0.09467971254911843,-0.021786373481913698,1.3215029295854386e-07,-1.9954538376873443e-07
755920420.2202221,-0.09467940677249811,-0.02178621510078033,3.632494116057039e-07,-9.85423861989132e-08
755920491.1546222,-0.09467962546375303,-0.02178602556200392,6.8880839754204e-08,3.289665385583507e-08
755920561.2250222,-0.09467937022622211,-0.021786130542498817,2.492846592067055e-07,-1.2948974285192927e-07
755920632.1594222,-0.0946793879049133,-0.02178600671505714,1.5577027441537883e-07,-6.37899547524523e-08
755920773.1642212,-0.09467928480014788,-0.0217857132478765,1.0789009960432416e-07,1.1408874909732414e-07
755920843.1482214,-0.09467927919078155,-0.021786011428229286,3.844462805047133e-08,-2.4148104466742426e-07
755920913.2186214,-0.09467899609971767,-0.021785795714608452,2.463099755406484e-07,-8.324099040613042e-08
755920984.1530213,-0.09467910159837159,-0.02178569204434601,6.457820123095814e-08,-3.7766404240024976e-08
755921054.2234213,-0.09467884851952264,-0.02178560068134296,2.4227349097738493e-07,-3.903415941169941e-09
755921125.1578224,-0.09467889892651393,-0.021785827130397343,1.1547335786177282e-07,-2.8857473244672804e-07
755921195.1418223,-0.09467881442513168,-0.021785668223793537,1.245260771720602e-07,-1.8712327794559447e-07
755921266.1626225,-0.09467885133870611,-0.021785588900709436,1.096568706671075e-08,-1.661196029241474e-07
755921336.1466215,-0.09467858555903282,-0.021785413241014552,2.0113814450106737e-07,-4.794072703401264e-08
755921407.1674224,-0.09467866210226424,-0.02178548052072641,4.7786966508867046e-08,-1.7356571150456412e-07
755921477.1514214,-0.09467857335760889,-0.021785201975528745,6.076540583210832e-08,4.747336673771585e-08
755921548.1722214,-0.09467848580184354,-0.021785255643498536,7.135164575844399e-08,-6.456536261190138e-08
783396025.1760828,-0.048601862797436605,-0.023047337822849085,-7.163043938551716e-08,-1.3575166748006073e-07
783396066.2160838,-0.048602103119914176,-0.023047069904472615,-1.651377924266617e-07,9.682439968891621e-08
783396106.2192827,-0.048602137746591625,-0.02304735079613882,-5.667014771337797e-08,-2.185142855305744e-07
783396146.2224828,-0.04860243133752127,-0.023047260584156494,-2.0717840701345303e-07,-1.6274690371048672e-07
783396187.1760838,-0.04860274750451839,-0.02304731382174016,-3.768754571129018e-07,-2.512448995205252e-07
783396227.1792837,-0.04860269648493135,-0.023047214398270774,-1.8279686129357708e-07,-1.862610721631297e-07
783396268.2192838,-0.04860290040786098,-0.02304713661599946,-2.399651767223676e-07,-1.4380846915032497e-07
783396308.2224828,-0.048602997789025854,-0.023047141979817522,-1.9431112121409688e-07,-1.8360688194482555e-07
783396349.1760828,-0.04860311525940095,-0.023046937854930415,-1.653602271500798e-07,-1.4732079021972933e-08
783396429.182483,-0.04860324791324783,-0.023046933220625163,-1.2003167619567545e-08,-7.895415525538407e-08
783396470.2224839,-0.048603501971760894,-0.02304697109627073,-1.1936819998420445e-07,-1.521463012139901e-07
783396510.2256839,-0.04860368629120494,-0.023046774995645947,-1.607121347946272e-07,9.532667155642827e-09
783396551.1792839,-0.048603747675967174,-0.023046843509306095,-7.573688770579068e-08,-9.42177243029585e-08
783396591.182483,-0.048604039819456844,-0.02304685960076669,-2.249289759170825e-07,-1.4472550979860443e-07
783396632.2224829,-0.04860417777732282,-0.02304675755979368,-2.1624284879395717e-07,-7.799009304684801e-08
783396672.1392839,-0.04860426929103071,-0.023046950399272775,-1.6513806230106232e-07,-3.051661608237388e-07
783396713.1792829,-0.04860430729830345,-0.02304669087701226,-5.6526226380193556e-08,-8.094385926457615e-08
783396753.182483,-0.04860474655538305,-0.023046954976473306,-3.528804313687739e-07,-3.7944873016587666e-07
783396794.2224839,-0.04860478544666078,-0.023046679219768162,-2.451776023940089e-07,-1.3898629785957795e-07
783396834.2256839,-0.04860507582213798,-0.023046727780125495,-3.9267463165792993e-07,-2.2194647951445656e-07
783396875.1792829,-0.04860499354674024,-0.02304668416881116,-1.6413879761617567e-07,-2.1354937472864433e-07
783396915.182483,-0.04860512081886136,-0.0230465392031073,-1.485569699963274e-07,-1.0297783216428602e-07
783396956.2224829,-0.04860534731785137,-0.023046604870410724,-2.285121521797273e-07,-2.039277823932817e-07
783396996.1392839,-0.04860524752754725,-0.023046484306391658,1.3799006097492406e-08,-1.176779033003339e-07
783397036.142484,-0.04860552633327382,-0.023046506176463352,-1.2218956092768796e-07,-1.7393352029493325e-07
783397077.182483,-0.048605797989269735,-0.02304642018402313,-2.473395709495785e-07,-1.2321482288982222e-07
783397118.2224839,-0.04860592437250277,-0.023046730011641158,-2.2722969410249316e-07,-4.6831312129277936e-07
783397158.2256829,-0.04860616027496363,-0.02304654326551084,-3.2035235376925986e-07,-3.1594365093937093e-07
783397199.1792829,-0.048606450490151776,-0.02304655490860458,-4.644082907748204e-07,-3.6277707133117176e-07
783397239.1824839,-0.04860621772543971,-0.023046365144338356,-8.888866519229932e-08,-2.0738347119783618e-07
783397279.1856829,-0.04860664991536067,-0.023046320560500645,-3.7833601771591896e-07,-1.971673041951949e-07
783397320.1392839,-0.04860661673125298,-0.023046371924275277,-1.9903084819833383e-07,-2.837121395593556e-07
783397360.1424841,-0.048606904216732034,-0.023046194532633693,-3.437987969104328e-07,-1.4068204935713258e-07
783397401.1824831,-0.04860689513871412,-0.023046082221738366,-1.8831720796641527e-07,-6.362010956245667e-08
783397442.222483,-0.04860719764736889,-0.023046067403409455,-3.4443537684503145e-07,-8.404749943929923e-08
783397482.225683,-0.04860723099176032,-0.023046052956906433,-2.351001898784344e-07,-1.0395316041994507e-07
783397523.179284,-0.048607175634750685,-0.023045833884856367,-3.368673553300061e-08,7.995381190797901e-08
783397563.1824831,-0.04860759207287339,-0.02304611843830789,-3.074705733491223e-07,-2.389454731265006e-07
783397603.1856841,-0.04860770215065775,-0.02304597035444912,-2.7490659935958117e-07,-1.2520429127846344e-07
783398423.2080841,-0.04861044691120711,-0.023045230307677578,-9.846680437686217e-08,-8.841561793815345e-08
783399354.1680833,-0.0486138740634918,-0.02304447465622413,-2.1587958807384178e-07,-1.2932149347569255e-07
783400286.1648843,-0.04861731077947218,-0.02304350350885405,-3.4655242529130215e-07,4.659096934644946e-08
783400596.1680844,-0.04861830234872418,-0.023043470196513902,-2.4014569487834647e-07,-1.8407536320555473e-07
783401218.1616845,-0.04862062480355327,-0.023042633072440602,-3.6221859830987135e-07,1.2426109906316096e-07
783476576.1552933,-0.048866093969274646,-0.02299684688299098,-2.9335170634997576e-07,9.717316672847032e-08
783476636.2032944,-0.04886606801771409,-0.022996805288354332,-7.014753532902374e-08,1.167440156941979e-07
783476697.2016944,-0.04886614611585868,-0.022996766168795812,5.2146744554393276e-08,1.3351807143235916e-07
783476757.1632934,-0.048866631014941014,-0.02299655080413358,-2.3574856292812862e-07,3.269434734783083e-07
783476818.1616944,-0.04886704150578436,-0.022996785097266832,-4.4581152397471513e-07,7.035866083499043e-08
783476878.2096934,-0.04886698542582798,-0.02299661917669581,-1.9240913597812215e-07,2.143614531539828e-07
783476939.2080945,-0.048867338145426875,-0.02299695775611316,-3.446656269973092e-07,-1.464555972642556e-07
783476999.1696935,-0.048867319106198424,-0.02299674936874461,-1.2855339508177632e-07,4.009872857715924e-08
783477060.1680936,-0.048867814364047885,-0.022996941653063166,-4.2331319481669905e-07,-1.743690301730938e-07
783477120.2160935,-0.048867706541122886,-0.02299672946047535,-1.1809900988396516e-07,1.601251311753038e-08
783477181.2144945,-0.048867996511894086,-0.022996905008589155,-2.0753701589909523e-07,-1.8166462441293607e-07
783477241.1760945,-0.048868220280917224,-0.022996781642407076,-2.341648119574824e-07,-8.002453947761334e-08
783477301.2240945,-0.048868378969235945,-0.02299661778273661,-1.9541105712728157e-07,6.210439666698431e-08
783477362.2224945,-0.0488686988314191,-0.022996643001546226,-3.1468905531406577e-07,1.4838284621843112e-08
783477422.1840935,-0.04886888789159908,-0.022996439564344762,-3.0655765438647453e-07,1.9662985879451145e-07
783477483.1824945,-0.048869033479158566,-0.022996556138446665,-2.515269876199322e-07,5.806329837071411e-08
783477543.1440945,-0.04886896390132495,-0.02299635907914254,1.527575976822959e-08,2.3353097933914713e-07
783477604.1424935,-0.04886969232605807,-0.022996614142720608,-5.124969796876933e-07,-4.3470023938091407e-08
783477664.1904935,-0.04886989191164368,-0.022996416713039973,-5.145403365533485e-07,1.3239120900260248e-07
783477725.1888945,-0.048869746400911664,-0.02299653787692004,-1.6834407121774086e-07,-1.0654836256340783e-08
783477785.1504936,-0.04887006730729649,-0.02299658377856292,-2.919596434058924e-07,-7.803949761062134e-08
783477846.1488936,-0.048870374478823614,-0.022996323886235157,-3.984123991898625e-07,1.6002607641438238e-07
783477906.1968946,-0.048870429834858835,-0.02299654295850091,-2.5616073111300874e-07,-8.050550299662507e-08
783477967.1952937,-0.04887080111970311,-0.02299654061482688,-4.266938102223672e-07,-9.993294143584297e-08
783478027.1568947,-0.04887056883686895,-0.02299646160114519,2.9446911298247613e-09,-4.2292927025094906e-08
783478088.1552947,-0.0488709740298176,-0.022996354742204718,-2.0146378656299424e-07,4.285069301473987e-08
783478148.2032937,-0.048871253962107675,-0.022996196475886778,-2.8372397036652286e-07,1.7976758339560694e-07
783478209.2016937,-0.04887156153075021,-0.022996248156066334,-3.9047568774902564e-07,1.0642810726116392e-07
783478269.1632936,-0.04887162371579602,-0.02299650125632798,-2.552412876333232e-07,-1.6793571707210408e-07
783478330.1616946,-0.04887171226252036,-0.022996230406313416,-1.4293892543204567e-07,8.13111768645236e-08
783479079.1632948,-0.048874313831724435,-0.02299592755943881,-2.769828796669871e-07,1.212232009113745e-07
783479389.1664947,-0.04887522681945267,-0.02299582262010587,-1.6801026678225917e-07,1.1861138941859917e-07
783479700.2064939,-0.04887632219195557,-0.022995955691586557,-2.376185439870171e-07,-1.216112330074126e-07
783480010.2096949,-0.04887726105440534,-0.022995654608952497,-1.5376097700636748e-07,7.344125971947557e-08
783480321.1632938,-0.04887834526089596,-0.02299563400392839,-2.1174574597188078e-07,-1.1536127875882984e-08
783480631.166494,-0.04887937234323948,-0.022995426795523344,-2.1538761697803555e-07,9.11897381043747e-08
783480942.206495,-0.04888046040623721,-0.022995415087327303,-2.762407286457935e-07,-1.1473593464206289e-09
783481252.209695,-0.048881312329890875,-0.022995315468642814,-1.0404319159690312e-07,-4.436275076458163e-09
783481563.1632951,-0.04888243815751077,-0.022995208142013352,-2.0228372399344607e-07,4.673218860495876e-10
783481873.1664941,-0.04888344659769917,-0.022995104118818773,-1.8596255053904276e-07,3.185014033763034e-09
783482594.1744952,-0.04888573529359466,-0.02299484699890311,-9.01006401224369e-08,2.7832826796775345e-08
783482905.2144952,-0.04888670966548794,-0.02299481057377307,-3.53078772330484e-08,-3.4654797153449435e-08
783483215.2176944,-0.04888761646464013,-0.022994819275704688,8.389751916110244e-08,-1.4110521807247922e-07
783483526.1712943,-0.04888857742200066,-0.022994550891158236,1.523509916279142e-07,3.007515744432587e-08
783484147.2144945,-0.04889055798542055,-0.022994332160132636,2.2848884860537932e-07,5.7225902516666594e-08
783485389.2144946,-0.048895230745935964,-0.022994019657802744,-3.284907103065504e-07,-2.983728441402489e-09
783568995.2113072,-0.04918407927627328,-0.023004983284643416,-3.153210153400421e-07,-1.826479588858121e-07
783569124.2065061,-0.04918448783650106,-0.023005213131793937,-2.2434079826466613e-07,-3.561501620320817e-07
783569194.1905061,-0.04918486193208469,-0.023005199004447204,-3.273516678004018e-07,-3.1141123447292474e-07
783569265.2113072,-0.04918493666119939,-0.023004823181974103,-1.2693120205603536e-07,9.550705188515751e-08
783569335.1953062,-0.04918491432249314,-0.02300495438733032,1.665882192122825e-07,-5.026125980689411e-09
783569406.2161062,-0.04918546782912405,-0.023005153140502735,-1.1167172409010107e-07,-1.7262190706024416e-07
783569476.2001061,-0.049185673435377074,-0.023005243712460773,-4.600187589881566e-08,-2.3246092490519787e-07
783569547.2209061,-0.0491861105229662,-0.02300522871336706,-2.0774629776176834e-07,-1.862426950265117e-07
783569617.2049061,-0.04918617657118454,-0.02300505215227007,-2.4236550752454455e-09,2.1112267642453553e-08
783569758.2097063,-0.0491867408394663,-0.02300553156804093,-1.9787924084024855e-08,-3.9616749976378873e-07
783569829.1441072,-0.04918692524250907,-0.02300513464928831,7.100803667975386e-08,3.205622991012125e-08
783569899.2145063,-0.04918743567984389,-0.02300552642713244,-1.6753556319332175e-07,-3.2876725558628195e-07
783569970.1489073,-0.04918769424047794,-0.023005282313116947,-1.5080272720152665e-07,-5.3286093436993864e-08
783570040.2193073,-0.04918796139065969,-0.02300547831661302,-1.4596616747936109e-07,-2.182737358462361e-07
783570111.1537073,-0.049188117182524894,-0.0230055270646704,-2.63707338327146e-08,-2.3559231087516563e-07
783570181.2241073,-0.04918848629363173,-0.023005684178291776,-1.2340272215888293e-07,-3.616284188004415e-07
783570252.1585072,-0.049188451912800676,-0.023005239383241404,1.8645860744986864e-07,1.1465861725692972e-07
783570323.1793072,-0.049188826008364495,-0.023005225255924775,8.822581579887023e-08,1.603478418620019e-07
783570393.1633062,-0.0491893206995651,-0.0230055076121427,-1.3458422642997903e-07,-9.087629004173037e-08
783570464.1841073,-0.04918976541632605,-0.023005711227225858,-3.0334585193053654e-07,-2.628666334845986e-07
783570534.1681064,-0.04918983829344703,-0.023005568694144773,-1.0425111604539516e-07,-8.9139469749977e-08
783570605.1889074,-0.049190124573612416,-0.02300533370608336,-1.1448442216455135e-07,1.7753632987338452e-07
783570675.1729074,-0.049190218013693665,-0.023005530994807514,6.413742913158327e-08,1.1503849980248892e-08
783570746.1937064,-0.049190616688766814,-0.023005902503331965,-5.839970294158059e-08,-3.28253770786463e-07
783570816.1777064,-0.04919090850981087,-0.02300584476379496,-7.806936769966244e-08,-2.3919566293287287e-07
783570887.1985074,-0.04919108985664351,-0.023005623534399836,1.681220323374033e-08,1.3847970100483442e-08
783570957.1825074,-0.04919135274638749,-0.023005937627209337,2.6162659656769893e-08,-2.6886377698515096e-07
783571028.2033074,-0.049191863191235266,-0.023005890846768462,-2.0796396936473283e-07,-1.9020559743898602e-07
783571098.1873064,-0.04919180791222686,-0.023005909512112475,1.1964343121784182e-07,-1.7742722293462299e-07
783572874.1393067,-0.049198756300062055,-0.02300673522080264,9.616274252582935e-08,-1.9466484101060555e-07
783573184.1425078,-0.0492001377035896,-0.023006797214598553,-7.376824474880639e-08,-1.1342913843956359e-07
783573495.1825068,-0.049201351341834794,-0.023006910756032548,-7.111357912259475e-08,-8.262397686864542e-08
783573805.1857067,-0.04920262901620782,-0.023007044108572322,-1.3579645675304564e-07,-7.147170896781851e-08
783574426.1425068,-0.049205143467720695,-0.023007344383456852,-2.1833801423787325e-07,-8.036059883156921e-08
783574737.182508,-0.049206106906090716,-0.02300742894310861,3.7459252116844866e-08,-1.7987492183235698e-08
783575047.185708,-0.04920745030088902,-0.02300775045856241,-9.006317584075996e-08,-1.924072128359211e-07
783575668.1425071,-0.049210000428616035,-0.02300791374991794,-2.0266528422824281e-07,-5.908318611094754e-08
783575979.1825072,-0.049211137333069394,-0.02300816092782911,-1.1759814338291319e-07,-1.5668938959170764e-07
783913962.1585592,-0.050595214052897006,-0.022998963495307792,-1.6143606860336002e-07,-9.519945383396067e-08
783914033.1793592,-0.05059520490387315,-0.022998613447657208,6.229318950945473e-08,1.948766090546783e-07
783914103.1633582,-0.050595708744067616,-0.022998807308039323,-2.301331872428536e-07,-5.8065828974912526e-08
783914173.1473583,-0.050596069335504645,-0.022998762052511675,-3.793445357419545e-07,-7.187831958105351e-08
783914244.1681583,-0.050595914837003056,-0.022998570080166057,-1.0369004335708532e-08,6.016538776215663e-08
783914314.1521583,-0.05059639948190018,-0.022998518636342686,-2.8370216050011e-07,5.256980288234625e-08
783914385.1729583,-0.05059665578024713,-0.02299863480480065,-3.255930962342557e-07,-1.2349803809111326e-07
783914455.1569582,-0.05059699709010348,-0.022998545064896004,-4.5566006889180555e-07,-9.276849559716749e-08
783914525.1409583,-0.050597191773693075,-0.02299831806349739,-4.391351398000398e-07,7.523711897938767e-08
783914596.1617584,-0.05059758489791522,-0.02299851233416486,-6.179570898878772e-07,-1.7888833028778528e-07
783914666.1457584,-0.05059745811830888,-0.022998329488523307,-2.800385865628363e-07,-5.5008774080961276e-08
783914736.2161584,-0.05059742245388615,-0.022998027914032902,-3.300941005951463e-08,1.87541763264909e-07
783914807.1505594,-0.05059798438467539,-0.022998191324865302,-3.8100482473157893e-07,-3.5605488724055334e-08
783914877.2209584,-0.050598410140960705,-0.022997985745138397,-5.954668317945111e-07,1.1098067547940516e-07
783914948.1553594,-0.05059832280878794,-0.022997875633934742,-2.942708837855301e-07,1.6138644520422019e-07
783915018.2257583,-0.05059840299341593,-0.02299787788285496,-1.6323221629921392e-07,1.001747889604887e-07
783915089.1601584,-0.05059872332643827,-0.022998013864166163,-2.6977358280610986e-07,-9.548052709237864e-08
783915159.1441584,-0.05059869199712791,-0.022997831937850988,-2.755280493343948e-08,2.7586971151905004e-08
783915229.2145584,-0.05059906921728783,-0.022997879869724194,-1.9365683235489373e-07,-7.926069496566601e-08
783915300.1489584,-0.050599520837601664,-0.02299791670520596,-4.315943648580678e-07,-1.7572232719267888e-07
783915441.1537595,-0.05059955170111699,-0.02299754932346801,-3.7804625263593294e-08,7.318192005167923e-08
783915511.2241595,-0.05059961421313466,-0.02299743770224432,1.1065446704761062e-07,1.2595162696832363e-07
783915652.1425585,-0.05060024051078415,-0.022997256203390982,-9.146991968023155e-08,1.8914363687436153e-07
783915722.2129585,-0.05060067155974498,-0.02299739177445792,-3.116576022324513e-07,-5.2297124408795526e-09
783915793.1473595,-0.05060098683296502,-0.022997461259039464,-4.135069351166032e-07,-1.3422476031685338e-07
783915863.2177585,-0.05060101840816617,-0.022997479282627346,-2.3429489640763856e-07,-2.11017180000439e-07
783915934.1521585,-0.050601179269214196,-0.02299715597502043,-1.818072656589731e-07,5.281404576173987e-08
783916004.2225585,-0.050601217513166666,-0.022997171109594376,-9.338518132395723e-09,-2.1055472646663853e-08
786417625.1575171,-0.05608289868904125,-0.02275767258942703,-1.0389113298814312e-08,-2.886277868444087e-08
786417666.1975181,-0.05608283023436706,-0.022757733939139848,7.073647199928867e-08,-1.2777177074360657e-07
786417706.2007172,-0.05608293452944336,-0.022757572529912565,-2.122783266528261e-08,-2.973326976990487e-09
786417746.2039173,-0.05608285924900307,-0.022757599851158515,6.636357936795623e-08,-6.690570460848866e-08
786417787.1575183,-0.05608292463488659,-0.022757714187397724,1.356061614388171e-08,-2.1872322611762862e-07
786417827.1607172,-0.05608303487052643,-0.022757603040648843,-8.440419759642159e-08,-1.441882492951574e-07
786417868.2007183,-0.05608308060548682,-0.022757361323649243,-1.1757095038505971e-07,5.996777752842464e-08
786417908.2039173,-0.05608304033907602,-0.022757542553218376,-6.507400136801511e-08,-1.57874123437457e-07
786417948.2071172,-0.05608298547710304,-0.02275743422603817,1.9985869001426515e-09,-8.615952175675123e-08
786417989.1607172,-0.05608297046835642,-0.022757271653206904,2.9487385901083574e-08,3.893065164337073e-08
786418029.1639172,-0.05608295479057282,-0.022757399964850347,5.733539142072086e-08,-1.2599400708510067e-07
786418070.2039182,-0.05608306502621411,-0.022757288818101427,-4.04353810157243e-08,-5.240940000733607e-08
786418110.2071172,-0.056083128012340784,-0.022757287955818776,-9.129182171330186e-08,-8.816048658114028e-08
786418150.2103174,-0.05608308221855171,-0.02275729193899143,-3.3388391489086455e-08,-1.2875717434260303e-07
786418191.1639173,-0.056083030798876526,-0.02275731949295771,3.0407837033064045e-08,-1.9379465203070434e-07
786418231.1671174,-0.05608320876133009,-0.022757200147143483,-1.3548561505344336e-07,-1.110625849481961e-07
786418272.2071173,-0.05608292316001286,-0.022757144203846558,1.6247660031276645e-07,-9.268207490364944e-08
786418312.2103174,-0.056082993857106835,-0.02275716113601969,1.0380772598461707e-07,-1.4622814550543928e-07
786418352.2135184,-0.056083006879285274,-0.022757081526409404,1.0279360149884065e-07,-1.0323247754198683e-07
786418393.1671174,-0.05608314217557147,-0.022757028211642175,-2.0230258454545513e-08,-8.7401553230948e-08
786418434.2071173,-0.0560830772617037,-0.02275702462531041,5.696067350430267e-08,-1.2137814912188682e-07
786418474.2103174,-0.056083091896948385,-0.022756875631042114,5.427183455419815e-08,-8.997833363805219e-09
786418514.2135173,-0.056083462732089605,-0.022757000329437796,-3.046371635229139e-07,-1.7031014494517382e-07
786418555.1671175,-0.056083294821532376,-0.022757014934401805,-1.2453813615087572e-07,-2.22398843292837e-07
786418595.1703174,-0.056083160980975565,-0.022756961947873924,2.1187484051943262e-08,-2.0602609608622036e-07
786418636.2103175,-0.05608308371396881,-0.022756747086677645,1.10626458431351e-07,-2.8727533032957275e-08
786418676.2135174,-0.056083182127310796,-0.022756773148800286,2.4056959292695357e-08,-9.140321940992457e-08
786418717.1671175,-0.05608329814618,-0.022756675347893815,-7.985779450908614e-08,-3.108560341080757e-08
786418758.2071174,-0.0560832794981129,-0.022756778528298105,-4.910153132003936e-08,-1.718282110485525e-07
786418798.2103175,-0.05608333388807095,-0.022756776105570795,-9.170987969736588e-08,-2.060185674140902e-07
786418839.1639185,-0.05608317650142345,-0.02275679671959427,7.7717097327068e-08,-2.641153278026831e-07
786418879.1671184,-0.056083405883555745,-0.022756649819814647,-1.3992484389213633e-07,-1.5382821130435764e-07
786418920.2071174,-0.05608330137231492,-0.022756536578576944,-2.339043680271713e-08,-7.814831275154699e-08
786418960.2103175,-0.05608322046598486,-0.02275658747061655,6.921452553459995e-08,-1.6565251321695729e-07
786419000.2135175,-0.056083340340338975,-0.022756498566937837,-3.898174520677866e-08,-1.1336071736173237e-07
786419041.1671185,-0.056083269072718045,-0.02275657170204712,4.4220096882818805e-08,-2.2397723084890964e-07
786419081.1703186,-0.0560834242169495,-0.022756472806137903,-9.928770878381288e-08,-1.61692581653744e-07
786419162.2135175,-0.05608349621243659,-0.022756346520381405,-1.4777197780702078e-07,-1.0957717634998976e-07
786419203.1671185,-0.056083363984947905,-0.02275622414919425,-3.6958026500277796e-09,-2.468595121721262e-08
786500481.2023417,-0.056073639620892304,-0.02269304433539039,-2.4829855407859647e-08,-7.262327723911444e-08
786500522.1559407,-0.05607362893971669,-0.02269300140967794,-2.3811378042915e-08,-5.4531505692956284e-08
786500562.1591417,-0.05607370896097597,-0.022692966751630694,-1.1327485840290086e-07,-4.4118997132719384e-08
786500603.1991407,-0.056073657698471724,-0.022693031222263026,-7.170318420263166e-08,-1.3345112810300708e-07
786500643.2023408,-0.05607373250722637,-0.022692893151047014,-1.559617582441719e-07,-1.960119506982938e-08
786500683.2055408,-0.05607364461776173,-0.022692873097978867,-7.752589630677376e-08,-2.3757411055785882e-08
786500724.1591418,-0.05607368020222182,-0.022692936939045207,-1.2279250046626222e-07,-1.1237048117701542e-07
786500764.1623418,-0.056073588614553915,-0.022692944905397656,-4.06661570806488e-08,-1.4452178255866532e-07
786500805.2023408,-0.05607351124899749,-0.02269293086139054,2.698885803037454e-08,-1.552770240963175e-07
786500845.2055418,-0.05607358918525439,-0.02269285483807585,-6.041654189437029e-08,-1.034142272163252e-07
786500886.1591408,-0.056073535523215555,-0.02269280411013661,-1.6452645620890216e-08,-7.740829241834057e-08
786500926.1623418,-0.056073609662369094,-0.02269295692351984,-1.000688396590732e-07,-2.543577168161171e-07
786500966.1655418,-0.05607361241697286,-0.022692707404187783,-1.1230441841758587e-07,-2.8962304509522196e-08
786501007.2055408,-0.0560735270843089,-0.02269283946634345,-3.6702567998703195e-08,-1.8576100743045165e-07
786501047.2087419,-0.056073497125786846,-0.022692752054472465,-1.623305856401913e-08,-1.2244844854736314e-07
786501088.162341,-0.05607346034156082,-0.02269263061411982,1.0832571201158103e-08,-2.566735031808709e-08
786501128.1655419,-0.05607363080908542,-0.022692768124364302,-1.6913208185365125e-07,-1.8725225395602174e-07
786501168.168742,-0.05607351296109879,-0.022692660659425268,-6.078526646607907e-08,-1.038497658423232e-07
786501209.2087419,-0.05607351280383279,-0.022692623742773112,-7.037964613182401e-08,-9.160650879178056e-08
786501249.211942,-0.056073453358589105,-0.022692559668986728,-2.0443829372440714e-08,-5.1570388709398784e-08
786501290.1655409,-0.05607342147233293,-0.022692467808499785,1.702818996918154e-09,1.569404392900986e-08
786501330.168742,-0.05607339704084759,-0.022692557643101886,1.661654257245626e-08,-9.815339611224383e-08
786501370.171942,-0.056073492326718134,-0.022692521657329264,-8.819123966524733e-08,-8.616816593240428e-08
786501411.211942,-0.056073441163115904,-0.022692385310683693,-4.680067333673321e-08,2.556868765671294e-08
786501451.2151419,-0.056073378235299884,-0.02269262390689957,6.596756974008855e-09,-2.3700310974178462e-07
786501492.1687411,-0.056073400424517736,-0.02269245579037762,-2.5353636710911953e-08,-9.341899278800248e-08
786501532.1719421,-0.05607339891021904,-0.02269232435778744,-3.337827618465905e-08,1.4063020095655965e-08
786501572.175142,-0.05607346044046293,-0.02269242979684193,-1.044517158460545e-07,-1.1531422959912274e-07
786501613.215142,-0.05607343787834764,-0.02269228634613025,-9.168458309227745e-08,3.5907437509474782e-09
786501653.2183421,-0.05607336145638777,-0.022692493802035536,-2.481451052971373e-08,-2.277782199591738e-07
786501694.171941,-0.0560733849442778,-0.02269218246752057,-5.80856996529322e-08,5.9087988960038196e-08
786501734.175142,-0.056073352172788284,-0.022692106841051482,-3.487486632813841e-08,1.1082657970507004e-07
786501815.2183421,-0.05607333737997449,-0.02269221891873329,-3.946455872511079e-08,-4.960774657031264e-08
786501856.1719421,-0.056073286117468285,-0.022692283389366324,1.9965059466775514e-09,-1.384949572524885e-07
786501896.1751412,-0.05607336863716537,-0.022692163112612344,-9.010165474138132e-08,-4.205548142371951e-08
786501937.2151421,-0.056073399952718816,-0.02269234504042165,-1.3124855164498017e-07,-2.4842535310473646e-07
786501977.2183422,-0.05607316602721512,-0.022692097642507566,9.308944930175311e-08,-2.4839299058582176e-08
786502018.1719422,-0.056073310391688884,-0.02269215663811171,-6.10949629081814e-08,-1.0819946335074992e-07
786502058.1751422,-0.05607319150120219,-0.022692028490538956,4.819890560975315e-08,-3.838289002605633e-09
786504918.187943,-0.05607268006303047,-0.02269026338951751,-1.3948614034642315e-07,9.437086524038962e-08
786505108.181543,-0.05607256107363317,-0.022690336059225064,-6.794422791750465e-08,-8.659868918139968e-08
786588685.1479661,-0.05605179449350542,-0.022676901666773986,6.537430072978134e-08,-1.5881855401980727e-07
786588755.2183671,-0.056051832832636324,-0.022676715988462093,3.06912184069863e-08,3.9254682736994395e-08
786588826.1527661,-0.05605192864863371,-0.022677028486580226,-6.139296857693433e-08,-2.6065231080799056e-07
786588896.2231661,-0.05605203268799341,-0.022677030977857445,-1.6171579927948265e-07,-2.5066293795825145e-07
786588967.1575671,-0.0560518631056618,-0.022676877233648703,1.1659296014765452e-08,-8.424071702012315e-08
786589037.1415663,-0.05605182720668902,-0.022676739559273112,5.1330063956245287e-08,6.598471898391911e-08
786589108.1623672,-0.05605176083677994,-0.022676842274329565,1.21557818796858e-07,-2.3949708025799987e-08
786589179.1831672,-0.05605192776339506,-0.022677044720601152,-4.1480693796502877e-08,-2.1357134958807644e-07
786589249.1671672,-0.05605187138732527,-0.022676804960774847,1.8756180476808826e-08,3.886897869884165e-08
786589320.1879672,-0.056051775373417774,-0.022676894097275222,1.1871785247918876e-07,-3.735537676755052e-08
786589390.1719662,-0.05605179553600038,-0.022676922349410926,1.0247459810569515e-07,-5.2840670887455143e-08
786589461.1927674,-0.05605190624380167,-0.022676921952514174,-4.226319065547823e-09,-3.9443906509062376e-08
786589531.1767664,-0.05605187827132657,-0.02267707672322511,2.7723473475238514e-08,-1.8136123219880673e-07
786589602.1975664,-0.05605198970710987,-0.02267702317564977,-7.964684758943186e-08,-1.1472586023547615e-07
786589672.1815673,-0.05605179408003652,-0.022677028650768222,1.200150001740008e-07,-1.0726084594472884e-07
786589743.2023664,-0.05605195860714672,-0.02267711589845123,-4.0388609880148696e-08,-1.813325974965585e-07
786589813.1863674,-0.05605200601422429,-0.0226770425305539,-8.370398749124597e-08,-9.493761764234332e-08
786589884.2071664,-0.05605191948173292,-0.02267711699347454,7.009504213173479e-09,-1.5613626659985447e-07
786589954.1911664,-0.056051767563524584,-0.02267707712012233,1.6307580864155513e-07,-1.0314868046853998e-07
786590025.2119675,-0.05605188936596191,-0.022676992664946393,4.551133528374329e-08,-5.340687680294165e-09
786590095.1959665,-0.056051902860103225,-0.022677023805255807,3.622115820473004e-08,-2.3279411048154897e-08
786590166.2167674,-0.05605210989632598,-0.02267700810517419,-1.6652067191119668e-07,5.862235984838149e-09
786590237.1511676,-0.05605197017355362,-0.022677142590145003,-2.2480562605897703e-08,-1.1515282652765912e-07
786590307.2215666,-0.05605189176546797,-0.022677107863534513,6.021978102982439e-08,-6.707646939621559e-08
786590378.1559676,-0.05605210515561916,-0.02267701544196349,-1.4879747282925404e-07,3.890395477990083e-08
786590519.1607666,-0.056051848371116986,-0.022677227045320675,1.1676183810788165e-07,-1.4561369650681333e-07
786590589.1447666,-0.056052063275533824,-0.022677266056359006,-9.374704160181047e-08,-1.7111557326990323e-07
786590871.1543677,-0.056051982625199136,-0.02267715304781786,4.884186777243116e-09,-3.2260175017451154e-09
786591295.2055668,-0.05605203546031708,-0.022677457743727217,-2.0117957272303144e-08,-2.240537107095486e-07
786591365.1895669,-0.056051807003453094,-0.022677149858413872,2.1302258720878875e-07,9.782886531764512e-08
786591768.1591679,-0.05605186603524173,-0.02267734091617651,1.8144647128542912e-07,-1.1768848392351705e-08
